merchant_id,month,n_applications,n_approved,approval_rate,n_loans,gmv_usd,fpd30_eligible,fpd30_default,fpd30_rate,outstanding_usd,outstanding_dpd_gt_30_usd,par30_rate
1001,2025-03-01,4,2,0.5,2,452.90,2,0,0.0,425.33,0.00,0.0
1001,2025-04-01,0,0,,0,0.00,0,0,,412.16,0.00,0.0
1001,2025-05-01,1,0,0.0,0,0.00,0,0,,194.54,0.00,0.0
1001,2025-06-01,0,0,,0,0.00,0,0,,192.51,0.00,0.0
1001,2025-07-01,1,1,1.0,0,0.00,0,0,,171.32,0.00,0.0
1001,2025-08-01,0,0,,0,0.00,0,0,,152.34,0.00,0.0
1001,2025-09-01,0,0,,0,0.00,0,0,,134.64,0.00,0.0
1001,2025-10-01,1,0,0.0,0,0.00,0,0,,112.84,0.00,0.0
1001,2025-11-01,2,0,0.0,0,0.00,0,0,,92.49,0.00,0.0
1001,2025-12-01,1,1,1.0,1,289.98,1,0,0.0,382.55,0.00,0.0
1001,2026-01-01,1,1,1.0,1,104.59,1,0,0.0,373.44,0.00,0.0
1001,2026-02-01,1,1,1.0,1,671.44,1,0,0.0,1111.21,0.00,0.0
1001,2026-03-01,2,2,1.0,1,205.63,1,0,0.0,1066.29,0.00,0.0
1001,2026-04-01,1,1,1.0,1,123.22,1,0,0.0,888.04,0.00,0.0
1001,2026-05-01,3,1,0.3333333333333333,1,81.60,0,0,,612.31,0.00,0.0
1001,2026-06-01,1,0,0.0,0,0.00,0,0,,471.38,0.00,0.0
1002,2025-01-01,7,5,0.7142857142857143,4,1766.38,4,0,0.0,1906.68,0.00,0.0
1002,2025-02-01,4,0,0.0,1,196.86,1,0,0.0,1711.46,0.00,0.0
1002,2025-03-01,6,3,0.5,3,435.76,3,0,0.0,1745.56,0.00,0.0
1002,2025-04-01,4,2,0.5,2,1447.12,2,0,0.0,2812.16,0.00,0.0
1002,2025-05-01,6,4,0.6666666666666666,2,628.65,2,0,0.0,2531.03,0.00,0.0
1002,2025-06-01,1,1,1.0,2,588.05,2,0,0.0,2144.45,0.00,0.0
1002,2025-07-01,3,1,0.3333333333333333,1,405.82,1,0,0.0,1421.96,0.00,0.0
1002,2025-08-01,9,6,0.6666666666666666,4,1064.55,4,0,0.0,1744.15,0.00,0.0
1002,2025-09-01,5,4,0.8,5,1164.64,5,1,0.2,2515.52,0.00,0.0
1002,2025-10-01,3,2,0.6666666666666666,1,215.91,1,0,0.0,1900.94,0.00,0.0
1002,2025-11-01,5,3,0.6,2,854.82,2,0,0.0,2302.62,221.44,0.09616871216266688
1002,2025-12-01,8,4,0.5,4,680.02,4,2,0.5,2598.05,219.11,0.08433632916995439
1002,2026-01-01,5,2,0.4,2,386.06,2,0,0.0,2443.74,212.44,0.08693232504276233
1002,2026-02-01,4,2,0.5,2,515.61,2,0,0.0,2349.88,356.33,0.15163753042708564
1002,2026-03-01,6,1,0.16666666666666666,1,120.38,1,0,0.0,1804.23,412.92,0.22886217389135532
1002,2026-04-01,6,2,0.3333333333333333,1,803.70,1,0,0.0,2051.33,489.35,0.238552548834171
1002,2026-05-01,5,4,0.8,5,2524.03,0,0,,4457.64,555.04,0.12451431699284822
1002,2026-06-01,4,2,0.5,2,734.86,0,0,,4123.13,598.09,0.1450572744492655
1003,2025-01-01,5,4,0.8,1,554.24,1,0,0.0,627.91,0.00,0.0
1003,2025-02-01,5,4,0.8,5,2066.19,5,0,0.0,2800.07,0.00,0.0
1003,2025-03-01,5,3,0.6,4,1284.07,4,0,0.0,3541.25,0.00,0.0
1003,2025-04-01,5,2,0.4,2,663.64,2,1,0.5,3440.06,0.00,0.0
1003,2025-05-01,4,2,0.5,1,288.49,1,0,0.0,2755.28,0.00,0.0
1003,2025-06-01,3,1,0.3333333333333333,1,196.50,1,0,0.0,2270.41,526.61,0.2319448910108747
1003,2025-07-01,7,4,0.5714285714285714,1,1170.18,1,0,0.0,2797.21,527.21,0.1884770896714941
1003,2025-08-01,4,1,0.25,2,577.72,2,0,0.0,2043.53,535.72,0.2621542135422529
1003,2025-09-01,3,2,0.6666666666666666,2,1627.71,2,1,0.5,3389.75,595.13,0.17556751972859355
1003,2025-10-01,7,4,0.5714285714285714,2,403.52,2,0,0.0,3238.43,555.37,0.1714935941181375
1003,2025-11-01,4,2,0.5,1,528.37,1,0,0.0,2667.30,568.87,0.21327559704570162
1003,2025-12-01,4,4,1.0,4,1118.98,4,1,0.25,2704.01,562.88,0.20816491063272693
1003,2026-01-01,5,3,0.6,2,738.42,2,1,0.5,2745.45,717.85,0.2614689759420132
1003,2026-02-01,6,4,0.6666666666666666,4,1041.19,4,0,0.0,3272.28,1266.85,0.3871459655041744
1003,2026-03-01,5,3,0.6,2,814.39,2,0,0.0,3223.26,937.05,0.29071499041343235
1003,2026-04-01,3,1,0.3333333333333333,2,495.12,2,1,0.5,3123.22,824.52,0.2639967725616511
1003,2026-05-01,7,6,0.8571428571428571,5,1420.48,0,0,,4088.61,857.64,0.2097632202631212
1003,2026-06-01,6,2,0.3333333333333333,2,613.73,0,0,,4127.77,856.70,0.20754547855137276
1004,2025-01-01,3,3,1.0,3,1230.05,3,0,0.0,1336.06,0.00,0.0
1004,2025-02-01,3,1,0.3333333333333333,1,501.84,1,0,0.0,1472.54,0.00,0.0
1004,2025-03-01,0,0,,0,0.00,0,0,,800.58,0.00,0.0
1004,2025-04-01,1,1,1.0,0,0.00,0,0,,199.46,0.00,0.0
1004,2025-05-01,3,2,0.6666666666666666,2,570.73,2,0,0.0,768.59,0.00,0.0
1004,2025-06-01,3,3,1.0,2,356.10,2,0,0.0,882.70,0.00,0.0
1004,2025-07-01,1,1,1.0,0,0.00,0,0,,761.84,0.00,0.0
1004,2025-08-01,1,0,0.0,0,0.00,0,0,,620.34,223.14,0.3597059676951349
1004,2025-09-01,2,2,1.0,1,140.98,1,0,0.0,472.72,0.00,0.0
1004,2025-10-01,1,0,0.0,0,0.00,0,0,,387.77,159.04,0.4101400314619491
1004,2025-11-01,7,2,0.2857142857142857,2,518.99,2,2,1.0,782.79,0.00,0.0
1004,2025-12-01,3,1,0.3333333333333333,1,231.11,1,0,0.0,967.08,109.19,0.11290689498283492
1004,2026-01-01,2,2,1.0,2,641.41,2,0,0.0,1407.30,190.05,0.13504583244510768
1004,2026-02-01,8,6,0.75,2,279.65,2,1,0.5,1409.35,190.17,0.13493454429346863
1004,2026-03-01,2,1,0.5,1,132.86,1,0,0.0,1218.82,358.68,0.29428463595937054
1004,2026-04-01,5,3,0.6,3,505.43,3,0,0.0,1520.72,364.27,0.23953785049187226
1004,2026-05-01,1,0,0.0,0,0.00,0,0,,1323.08,378.90,0.28637724098316053
1004,2026-06-01,4,2,0.5,1,346.64,0,0,,1506.74,438.66,0.29113184756494154
1005,2025-01-01,2,1,0.5,1,472.85,1,0,0.0,562.34,0.00,0.0
1005,2025-02-01,0,0,,0,0.00,0,0,,464.51,0.00,0.0
1005,2025-03-01,0,0,,0,0.00,0,0,,363.48,0.00,0.0
1005,2025-04-01,0,0,,0,0.00,0,0,,278.49,0.00,0.0
1005,2025-05-01,2,1,0.5,1,324.51,1,1,1.0,554.47,0.00,0.0
1005,2025-06-01,0,0,,0,0.00,0,0,,459.93,0.00,0.0
1005,2025-07-01,2,2,1.0,2,496.01,2,0,0.0,917.22,371.61,0.40514816510760776
1005,2025-08-01,0,0,,0,0.00,0,0,,648.31,377.61,0.5824528389196527
1005,2025-09-01,1,1,1.0,1,115.78,1,1,1.0,714.14,389.29,0.5451172039095976
1005,2025-10-01,1,1,1.0,1,214.50,1,0,0.0,760.68,391.46,0.5146184992375243
1005,2025-11-01,0,0,,0,0.00,0,0,,607.00,400.98,0.6605930807248764
1005,2025-12-01,0,0,,0,0.00,0,0,,475.84,396.75,0.8337886684599866
1005,2026-01-01,0,0,,0,0.00,0,0,,384.68,384.68,1.0
1005,2026-02-01,0,0,,0,0.00,0,0,,384.91,384.91,1.0
1005,2026-03-01,1,1,1.0,1,301.64,1,0,0.0,693.97,379.09,0.5462628067495713
1005,2026-04-01,1,0,0.0,0,0.00,0,0,,624.83,385.00,0.6161675975865435
1005,2026-05-01,1,1,1.0,1,563.94,0,0,,1218.30,400.46,0.32870393170811785
1005,2026-06-01,1,0,0.0,0,0.00,0,0,,1025.43,400.02,0.3900997630262426
1006,2025-01-01,1,0,0.0,0,0.00,0,0,,0.00,0.00,
1006,2025-02-01,1,1,1.0,1,304.95,1,0,0.0,324.86,0.00,0.0
1006,2025-03-01,0,0,,0,0.00,0,0,,211.83,0.00,0.0
1006,2025-04-01,0,0,,0,0.00,0,0,,0.00,0.00,
1006,2025-05-01,0,0,,0,0.00,0,0,,0.00,0.00,
1006,2025-06-01,0,0,,0,0.00,0,0,,0.00,0.00,
1006,2025-07-01,0,0,,0,0.00,0,0,,0.00,0.00,
1006,2025-08-01,0,0,,0,0.00,0,0,,0.00,0.00,
1006,2025-09-01,1,1,1.0,0,0.00,0,0,,0.00,0.00,
1006,2025-10-01,0,0,,0,0.00,0,0,,0.00,0.00,
1006,2025-11-01,1,1,1.0,1,400.40,1,0,0.0,448.59,0.00,0.0
1006,2025-12-01,1,1,1.0,0,0.00,0,0,,295.92,0.00,0.0
1006,2026-01-01,1,1,1.0,1,341.37,1,0,0.0,508.18,0.00,0.0
1006,2026-02-01,0,0,,0,0.00,0,0,,243.29,0.00,0.0
1006,2026-03-01,0,0,,0,0.00,0,0,,239.61,0.00,0.0
1006,2026-04-01,0,0,,0,0.00,0,0,,0.00,0.00,
1006,2026-05-01,0,0,,0,0.00,0,0,,0.00,0.00,
1006,2026-06-01,0,0,,0,0.00,0,0,,0.00,0.00,
1007,2025-01-01,51,30,0.5882352941176471,26,7368.80,26,2,0.07692307692307693,8027.30,0.00,0.0
1007,2025-02-01,46,30,0.6521739130434783,27,8774.59,27,3,0.1111111111111111,15569.96,0.00,0.0
1007,2025-03-01,51,25,0.49019607843137253,19,5263.30,19,3,0.15789473684210525,17376.14,530.82,0.03054878701483759
1007,2025-04-01,43,29,0.6744186046511628,25,8515.39,25,0,0.0,21618.33,1004.48,0.04646427360485292
1007,2025-05-01,35,20,0.5714285714285714,19,7177.51,19,1,0.05263157894736842,22564.84,1797.96,0.07967971410388906
1007,2025-06-01,29,19,0.6551724137931034,15,5236.19,15,2,0.13333333333333333,22435.73,1384.26,0.06169890616440829
1007,2025-07-01,48,28,0.5833333333333334,22,6867.74,22,2,0.09090909090909091,23108.78,2813.27,0.12174030822916658
1007,2025-08-01,49,27,0.5510204081632653,20,6973.26,20,2,0.1,24390.72,2913.87,0.1194663380170819
1007,2025-09-01,48,29,0.6041666666666666,21,5681.83,21,2,0.09523809523809523,24964.51,3575.62,0.14322812664859033
1007,2025-10-01,51,36,0.7058823529411765,33,12197.13,33,0,0.0,32917.43,4193.03,0.1273802359418703
1007,2025-11-01,47,26,0.5531914893617021,19,5279.91,19,2,0.10526315789473684,30517.12,5370.77,0.17599203332424557
1007,2025-12-01,52,23,0.4423076923076923,22,7934.07,22,2,0.09090909090909091,30594.50,5388.74,0.17613427249995914
1007,2026-01-01,44,25,0.5681818181818182,20,6031.65,20,1,0.05,28819.91,5126.21,0.17787043748575204
1007,2026-02-01,45,32,0.7111111111111111,24,8491.05,24,0,0.0,29964.38,5435.80,0.1814087259606239
1007,2026-03-01,56,33,0.5892857142857143,26,7604.63,26,3,0.11538461538461539,28132.42,5730.21,0.20368706282644722
1007,2026-04-01,46,28,0.6086956521739131,23,6499.10,23,4,0.17391304347826086,29070.47,6093.45,0.20960961415484508
1007,2026-05-01,63,38,0.6031746031746031,34,10274.97,0,0,,34093.05,7433.45,0.21803417412053186
1007,2026-06-01,52,29,0.5576923076923077,25,10710.40,0,0,,34990.70,7879.86,0.2251986956534165
1008,2025-01-01,4,2,0.5,2,708.49,2,0,0.0,772.35,0.00,0.0
1008,2025-02-01,1,0,0.0,0,0.00,0,0,,529.15,0.00,0.0
1008,2025-03-01,3,1,0.3333333333333333,1,530.41,1,0,0.0,945.44,0.00,0.0
1008,2025-04-01,3,1,0.3333333333333333,1,641.26,1,1,1.0,1394.72,0.00,0.0
1008,2025-05-01,2,1,0.5,1,178.30,1,0,0.0,1425.82,0.00,0.0
1008,2025-06-01,4,2,0.5,2,616.14,2,0,0.0,1437.03,0.00,0.0
1008,2025-07-01,3,3,1.0,3,957.66,3,1,0.3333333333333333,2182.73,0.00,0.0
1008,2025-08-01,1,0,0.0,0,0.00,0,0,,1591.51,0.00,0.0
1008,2025-09-01,1,1,1.0,1,1161.03,1,0,0.0,2140.83,242.18,0.11312434896745656
1008,2025-10-01,0,0,,0,0.00,0,0,,1588.29,0.00,0.0
1008,2025-11-01,2,0,0.0,0,0.00,0,0,,719.12,0.00,0.0
1008,2025-12-01,2,1,0.5,0,0.00,0,0,,654.21,61.72,0.094342795126947
1008,2026-01-01,1,1,1.0,2,771.87,2,0,0.0,1399.69,407.65,0.29124306096349906
1008,2026-02-01,2,2,1.0,2,529.15,2,1,0.5,1440.08,0.00,0.0
1008,2026-03-01,4,1,0.25,1,725.24,1,0,0.0,1930.54,0.00,0.0
1008,2026-04-01,0,0,,0,0.00,0,0,,1563.36,0.00,0.0
1008,2026-05-01,3,1,0.3333333333333333,1,128.59,0,0,,1481.04,115.24,0.07781018743585588
1008,2026-06-01,2,1,0.5,1,766.03,0,0,,1953.13,115.12,0.058941289110299874
1009,2025-01-01,3,1,0.3333333333333333,1,64.52,1,1,1.0,70.47,0.00,0.0
1009,2025-02-01,1,0,0.0,0,0.00,0,0,,69.85,0.00,0.0
1009,2025-03-01,3,0,0.0,0,0.00,0,0,,68.32,68.32,1.0
1009,2025-04-01,1,1,1.0,0,0.00,0,0,,69.80,69.80,1.0
1009,2025-05-01,2,2,1.0,2,539.54,2,0,0.0,676.66,67.43,0.09965122809091717
1009,2025-06-01,1,1,1.0,1,210.48,1,0,0.0,791.86,66.73,0.08426994670775137
1009,2025-07-01,1,1,1.0,1,161.11,1,0,0.0,766.73,66.81,0.08713628004643095
1009,2025-08-01,2,1,0.5,1,197.99,1,1,1.0,812.19,67.89,0.08358881542496213
1009,2025-09-01,0,0,,0,0.00,0,0,,605.90,69.99,0.11551411123947845
1009,2025-10-01,4,3,0.75,3,1016.13,3,0,0.0,1605.71,294.55,0.18343910170578748
1009,2025-11-01,2,1,0.5,1,238.92,1,0,0.0,1668.04,301.71,0.180876957387113
1009,2025-12-01,1,1,1.0,1,665.97,1,0,0.0,1886.57,298.53,0.15823955644370472
1009,2026-01-01,2,1,0.5,1,78.17,1,0,0.0,1565.15,499.42,0.3190876273839568
1009,2026-02-01,1,1,1.0,1,172.94,1,1,1.0,1243.98,499.72,0.40171063843470156
1009,2026-03-01,1,1,1.0,1,81.43,1,0,0.0,848.63,492.17,0.5799582857075521
1009,2026-04-01,1,1,1.0,1,389.64,1,0,0.0,1125.66,499.83,0.4440328340706785
1009,2026-05-01,1,1,1.0,0,0.00,0,0,,927.04,519.91,0.5608280117362789
1009,2026-06-01,1,0,0.0,0,0.00,0,0,,698.26,519.34,0.7437630681980925
1010,2025-01-01,2,1,0.5,1,558.19,1,0,0.0,613.52,0.00,0.0
1010,2025-02-01,0,0,,0,0.00,0,0,,405.42,0.00,0.0
1010,2025-03-01,2,2,1.0,2,840.05,2,0,0.0,1127.60,0.00,0.0
1010,2025-04-01,5,4,0.8,2,596.00,2,1,0.5,1566.95,0.00,0.0
1010,2025-05-01,2,2,1.0,3,515.03,3,0,0.0,1660.62,0.00,0.0
1010,2025-06-01,1,1,1.0,1,457.57,1,0,0.0,1735.09,302.77,0.1744981528335706
1010,2025-07-01,1,1,1.0,1,384.53,1,0,0.0,1506.25,0.00,0.0
1010,2025-08-01,6,2,0.3333333333333333,2,658.58,2,0,0.0,2117.95,0.00,0.0
1010,2025-09-01,4,1,0.25,1,284.47,1,0,0.0,2074.20,0.00,0.0
1010,2025-10-01,1,0,0.0,0,0.00,0,0,,1592.21,0.00,0.0
1010,2025-11-01,3,2,0.6666666666666666,2,628.92,2,0,0.0,1826.11,52.38,0.02868392375048601
1010,2025-12-01,6,3,0.5,3,1212.44,3,1,0.3333333333333333,2822.31,112.09,0.039715693881961944
1010,2026-01-01,0,0,,0,0.00,0,0,,2177.61,0.00,0.0
1010,2026-02-01,4,2,0.5,2,1415.38,2,0,0.0,3232.03,257.46,0.0796589140571096
1010,2026-03-01,1,0,0.0,0,0.00,0,0,,2058.31,0.00,0.0
1010,2026-04-01,5,4,0.8,3,687.69,3,0,0.0,2128.23,0.00,0.0
1010,2026-05-01,2,1,0.5,1,138.23,0,0,,1296.24,0.00,0.0
1010,2026-06-01,3,3,1.0,2,488.42,0,0,,1290.85,0.00,0.0
1011,2025-07-01,2,2,1.0,2,636.05,2,0,0.0,683.91,0.00,0.0
1011,2025-08-01,0,0,,0,0.00,0,0,,694.95,0.00,0.0
1011,2025-09-01,0,0,,0,0.00,0,0,,477.63,0.00,0.0
1011,2025-10-01,2,1,0.5,1,381.03,1,1,1.0,828.82,364.62,0.4399266426968461
1011,2025-11-01,0,0,,0,0.00,0,0,,524.02,48.53,0.09261096904698295
1011,2025-12-01,1,0,0.0,0,0.00,0,0,,470.48,470.48,1.0
1011,2026-01-01,0,0,,0,0.00,0,0,,228.07,0.00,0.0
1011,2026-02-01,0,0,,0,0.00,0,0,,228.21,0.00,0.0
1011,2026-03-01,1,1,1.0,1,151.17,1,0,0.0,380.65,224.75,0.5904374096939446
1011,2026-04-01,0,0,,0,0.00,0,0,,128.83,0.00,0.0
1011,2026-05-01,0,0,,0,0.00,0,0,,134.00,79.13,0.5905223880597015
1011,2026-06-01,0,0,,0,0.00,0,0,,0.00,0.00,
1012,2025-01-01,16,5,0.3125,3,966.43,3,0,0.0,1031.73,0.00,0.0
1012,2025-02-01,18,11,0.6111111111111112,10,3538.03,10,2,0.2,4414.15,0.00,0.0
1012,2025-03-01,14,9,0.6428571428571429,8,3841.69,8,0,0.0,7400.41,0.00,0.0
1012,2025-04-01,14,7,0.5,5,891.48,5,0,0.0,6161.88,526.75,0.08548527397482586
1012,2025-05-01,22,11,0.5,12,2086.89,12,3,0.25,5502.33,563.66,0.10244023895331614
1012,2025-06-01,10,4,0.4,4,1996.27,4,0,0.0,6241.16,557.78,0.08937120663466407
1012,2025-07-01,15,9,0.6,6,2073.00,6,0,0.0,6145.30,778.78,0.12672774315330415
1012,2025-08-01,12,6,0.5,8,1980.99,8,3,0.375,6859.36,791.35,0.11536790604371254
1012,2025-09-01,9,7,0.7777777777777778,7,1214.55,7,0,0.0,6321.92,815.83,0.129047820915165
1012,2025-10-01,13,7,0.5384615384615384,6,1574.17,6,3,0.5,6755.17,1776.21,0.26294082902428806
1012,2025-11-01,12,8,0.6666666666666666,4,1336.81,4,0,0.0,6660.90,2041.57,0.30650062303892867
1012,2025-12-01,15,8,0.5333333333333333,6,2015.47,6,0,0.0,6962.46,2116.48,0.30398451122160847
1012,2026-01-01,13,8,0.6153846153846154,7,1866.70,7,0,0.0,7162.13,1791.33,0.2501113495566263
1012,2026-02-01,10,8,0.8,7,2317.04,7,0,0.0,8300.94,2062.00,0.24840560225709377
1012,2026-03-01,16,9,0.5625,8,2107.94,8,0,0.0,8679.83,2257.43,0.26007767433233137
1012,2026-04-01,13,6,0.46153846153846156,6,2359.20,6,1,0.16666666666666666,9177.11,2222.79,0.24221023829942104
1012,2026-05-01,10,5,0.5,3,1284.79,0,0,,8641.48,2312.06,0.2675537060781255
1012,2026-06-01,14,6,0.42857142857142855,7,1279.15,0,0,,8059.54,3151.40,0.3910148718165057
1013,2025-01-01,1,1,1.0,1,292.96,1,0,0.0,328.08,0.00,0.0
1013,2025-02-01,1,1,1.0,0,0.00,0,0,,243.91,0.00,0.0
1013,2025-03-01,5,3,0.6,2,152.30,2,0,0.0,326.20,0.00,0.0
1013,2025-04-01,0,0,,0,0.00,0,0,,252.01,0.00,0.0
1013,2025-05-01,0,0,,0,0.00,0,0,,104.37,0.00,0.0
1013,2025-06-01,1,0,0.0,0,0.00,0,0,,40.83,0.00,0.0
1013,2025-07-01,1,0,0.0,0,0.00,0,0,,0.00,0.00,
1013,2025-08-01,1,1,1.0,1,308.17,1,0,0.0,344.22,0.00,0.0
1013,2025-09-01,0,0,,0,0.00,0,0,,266.15,0.00,0.0
1013,2025-10-01,0,0,,0,0.00,0,0,,178.42,0.00,0.0
1013,2025-11-01,0,0,,0,0.00,0,0,,91.38,0.00,0.0
1013,2025-12-01,0,0,,0,0.00,0,0,,0.00,0.00,
1013,2026-01-01,0,0,,0,0.00,0,0,,0.00,0.00,
1013,2026-02-01,0,0,,0,0.00,0,0,,0.00,0.00,
1013,2026-03-01,0,0,,0,0.00,0,0,,0.00,0.00,
1013,2026-04-01,0,0,,0,0.00,0,0,,0.00,0.00,
1013,2026-05-01,2,1,0.5,1,312.46,0,0,,348.22,0.00,0.0
1013,2026-06-01,1,0,0.0,0,0.00,0,0,,260.88,0.00,0.0
1014,2025-01-01,2,1,0.5,0,0.00,0,0,,0.00,0.00,
1014,2025-02-01,1,0,0.0,1,436.81,1,0,0.0,488.74,0.00,0.0
1014,2025-03-01,1,0,0.0,0,0.00,0,0,,318.70,0.00,0.0
1014,2025-04-01,3,2,0.6666666666666666,1,598.39,1,0,0.0,1000.68,0.00,0.0
1014,2025-05-01,0,0,,1,145.71,1,0,0.0,612.10,0.00,0.0
1014,2025-06-01,1,1,1.0,1,102.28,1,0,0.0,602.17,0.00,0.0
1014,2025-07-01,3,2,0.6666666666666666,0,0.00,0,0,,211.93,0.00,0.0
1014,2025-08-01,5,2,0.4,4,1332.61,4,0,0.0,1559.28,0.00,0.0
1014,2025-09-01,3,2,0.6666666666666666,2,208.36,2,0,0.0,1122.44,0.00,0.0
1014,2025-10-01,2,2,1.0,1,221.74,1,0,0.0,1106.16,0.00,0.0
1014,2025-11-01,3,2,0.6666666666666666,3,1152.06,3,0,0.0,1868.08,0.00,0.0
1014,2025-12-01,3,0,0.0,0,0.00,0,0,,1302.12,0.00,0.0
1014,2026-01-01,3,1,0.3333333333333333,1,156.31,1,0,0.0,975.34,0.00,0.0
1014,2026-02-01,3,2,0.6666666666666666,1,627.45,1,0,0.0,1233.96,0.00,0.0
1014,2026-03-01,3,3,1.0,2,518.64,2,0,0.0,1342.80,0.00,0.0
1014,2026-04-01,2,0,0.0,0,0.00,0,0,,987.70,0.00,0.0
1014,2026-05-01,2,2,1.0,1,90.08,0,0,,820.21,0.00,0.0
1014,2026-06-01,2,1,0.5,1,105.78,0,0,,866.51,0.00,0.0
1015,2025-01-01,1,0,0.0,0,0.00,0,0,,0.00,0.00,
1015,2025-03-01,2,1,0.5,1,120.91,1,0,0.0,141.00,0.00,0.0
1015,2025-04-01,2,1,0.5,1,163.61,1,0,0.0,292.73,0.00,0.0
1015,2025-05-01,1,1,1.0,1,120.27,1,0,0.0,359.36,0.00,0.0
1015,2025-06-01,1,0,0.0,0,0.00,0,0,,270.76,0.00,0.0
1015,2025-07-01,0,0,,0,0.00,0,0,,134.02,0.00,0.0
1015,2025-08-01,2,0,0.0,0,0.00,0,0,,134.63,0.00,0.0
1015,2025-09-01,1,1,1.0,1,614.03,1,0,0.0,821.84,107.71,0.13105957363963788
1015,2025-10-01,1,1,1.0,1,704.40,1,0,0.0,1302.42,0.00,0.0
1015,2025-11-01,0,0,,0,0.00,0,0,,987.58,0.00,0.0
1015,2025-12-01,0,0,,0,0.00,0,0,,685.48,25.16,0.03670420727081753
1015,2026-01-01,0,0,,0,0.00,0,0,,373.07,0.00,0.0
1015,2026-02-01,0,0,,0,0.00,0,0,,242.94,0.00,0.0
1015,2026-03-01,3,2,0.6666666666666666,2,313.52,2,0,0.0,474.61,0.00,0.0
1015,2026-04-01,0,0,,0,0.00,0,0,,276.35,0.00,0.0
1015,2026-05-01,0,0,,0,0.00,0,0,,202.06,0.00,0.0
1015,2026-06-01,1,0,0.0,0,0.00,0,0,,132.59,0.00,0.0
1016,2025-01-01,1,1,1.0,1,102.32,1,0,0.0,108.19,0.00,0.0
1016,2025-02-01,1,1,1.0,0,0.00,0,0,,53.62,0.00,0.0
1016,2025-03-01,2,2,1.0,2,513.19,2,0,0.0,593.52,0.00,0.0
1016,2025-04-01,1,0,0.0,0,0.00,0,0,,395.28,0.00,0.0
1016,2025-05-01,1,0,0.0,0,0.00,0,0,,177.98,0.00,0.0
1016,2025-06-01,2,1,0.5,1,570.08,1,1,1.0,623.48,0.00,0.0
1016,2025-07-01,2,0,0.0,0,0.00,0,0,,624.19,0.00,0.0
1016,2025-08-01,1,1,1.0,1,808.19,1,0,0.0,1506.94,634.27,0.4208993058781371
1016,2025-09-01,0,0,,0,0.00,0,0,,1035.68,435.92,0.4209022091765796
1016,2025-10-01,1,0,0.0,0,0.00,0,0,,739.89,438.35,0.5924529321926233
1016,2025-11-01,2,1,0.5,1,275.96,1,0,0.0,794.36,449.00,0.5652349060879198
1016,2025-12-01,1,1,1.0,1,185.02,1,0,0.0,992.88,444.27,0.44745588590766255
1016,2026-01-01,3,3,1.0,3,1587.42,3,1,0.3333333333333333,2576.62,430.75,0.167176378356141
1016,2026-02-01,0,0,,0,0.00,0,0,,2264.60,431.01,0.19032500220789544
1016,2026-03-01,1,1,1.0,1,330.86,1,0,0.0,2470.22,942.82,0.3816745067240975
1016,2026-04-01,1,1,1.0,1,182.49,1,0,0.0,2269.99,957.51,0.42181243089176607
1016,2026-05-01,0,0,,0,0.00,0,0,,2152.69,1533.45,0.7123413032066855
1016,2026-06-01,0,0,,0,0.00,0,0,,1484.86,994.88,0.6700160284471264
1017,2025-02-01,1,0,0.0,0,0.00,0,0,,0.00,0.00,
1017,2025-04-01,1,1,1.0,0,0.00,0,0,,0.00,0.00,
1017,2025-06-01,1,1,1.0,1,360.88,1,0,0.0,398.86,0.00,0.0
1017,2025-07-01,1,1,1.0,1,149.44,1,0,0.0,451.30,0.00,0.0
1017,2025-08-01,1,1,1.0,1,387.06,1,0,0.0,680.15,0.00,0.0
1017,2025-09-01,0,0,,0,0.00,0,0,,356.00,0.00,0.0
1017,2025-10-01,0,0,,0,0.00,0,0,,168.98,0.00,0.0
1017,2025-11-01,0,0,,0,0.00,0,0,,0.00,0.00,
1017,2025-12-01,0,0,,0,0.00,0,0,,0.00,0.00,
1017,2026-01-01,1,0,0.0,0,0.00,0,0,,0.00,0.00,
1017,2026-02-01,1,0,0.0,0,0.00,0,0,,0.00,0.00,
1017,2026-03-01,0,0,,0,0.00,0,0,,0.00,0.00,
1017,2026-04-01,0,0,,0,0.00,0,0,,0.00,0.00,
1017,2026-05-01,2,2,1.0,2,319.45,0,0,,371.76,0.00,0.0
1017,2026-06-01,0,0,,0,0.00,0,0,,309.01,0.00,0.0
1018,2025-01-01,2,1,0.5,0,0.00,0,0,,0.00,0.00,
1018,2025-02-01,4,2,0.5,2,816.31,2,0,0.0,892.13,0.00,0.0
1018,2025-03-01,0,0,,0,0.00,0,0,,656.29,0.00,0.0
1018,2025-04-01,5,3,0.6,1,100.12,1,1,1.0,666.79,0.00,0.0
1018,2025-05-01,6,2,0.3333333333333333,2,603.45,2,0,0.0,1095.17,192.79,0.176036597057991
1018,2025-06-01,1,0,0.0,1,252.47,1,0,0.0,974.05,111.94,0.11492223191827936
1018,2025-07-01,1,1,1.0,1,244.46,1,0,0.0,826.23,118.04,0.1428657879767135
1018,2025-08-01,2,2,1.0,1,309.73,1,0,0.0,808.30,118.58,0.14670295682296178
1018,2025-09-01,5,3,0.6,2,944.05,2,0,0.0,1502.98,117.42,0.07812479207973493
1018,2025-10-01,4,1,0.25,2,640.32,2,0,0.0,1750.76,111.47,0.06366949210628527
1018,2025-11-01,4,2,0.5,0,0.00,0,0,,1217.15,111.58,0.09167317093209545
1018,2025-12-01,2,0,0.0,1,541.27,1,0,0.0,1314.47,109.73,0.0834785122520864
1018,2026-01-01,3,2,0.6666666666666666,1,285.72,1,0,0.0,1146.91,109.29,0.09529082491215526
1018,2026-02-01,2,0,0.0,1,524.49,1,0,0.0,980.22,106.75,0.10890412356409786
1018,2026-03-01,3,1,0.3333333333333333,1,318.85,1,0,0.0,1015.02,107.86,0.10626391598195109
1018,2026-04-01,3,2,0.6666666666666666,2,807.61,2,0,0.0,1550.87,106.90,0.06892905272524455
1018,2026-05-01,5,3,0.6,2,541.31,0,0,,1648.17,105.89,0.06424701335420496
1018,2026-06-01,5,2,0.4,1,111.88,0,0,,1248.67,107.70,0.08625177188528595
1019,2025-03-01,1,1,1.0,1,224.39,1,1,1.0,234.22,0.00,0.0
1019,2025-04-01,1,1,1.0,0,0.00,0,0,,239.28,0.00,0.0
1019,2025-05-01,1,1,1.0,1,214.96,1,0,0.0,313.35,0.00,0.0
1019,2025-06-01,2,2,1.0,0,0.00,0,0,,194.86,0.00,0.0
1019,2025-07-01,2,0,0.0,1,238.63,1,1,1.0,427.20,0.00,0.0
1019,2025-08-01,1,1,1.0,1,513.44,1,0,0.0,955.89,0.00,0.0
1019,2025-09-01,0,0,,0,0.00,0,0,,655.20,284.03,0.4335012210012209
1019,2025-10-01,2,1,0.5,0,0.00,0,0,,617.76,285.61,0.46233164983164987
1019,2025-11-01,0,0,,0,0.00,0,0,,292.56,292.56,1.0
1019,2025-12-01,1,1,1.0,1,406.32,1,0,0.0,732.14,289.48,0.395388860054088
1019,2026-01-01,2,0,0.0,0,0.00,0,0,,566.79,280.67,0.49519222286914033
1019,2026-02-01,2,2,1.0,2,1114.17,2,0,0.0,1764.32,280.84,0.1591774734741997
1019,2026-03-01,0,0,,0,0.00,0,0,,1334.73,558.56,0.4184816404815955
1019,2026-04-01,0,0,,0,0.00,0,0,,1165.96,567.26,0.4865175477717932
1019,2026-05-01,0,0,,0,0.00,0,0,,1015.62,590.04,0.5809653216754298
1019,2026-06-01,3,1,0.3333333333333333,1,64.17,0,0,,893.46,817.58,0.9150717435587491
1020,2025-01-01,3,0,0.0,0,0.00,0,0,,0.00,0.00,
1020,2025-04-01,1,0,0.0,0,0.00,0,0,,0.00,0.00,
1020,2025-08-01,1,1,1.0,1,267.00,1,0,0.0,287.75,0.00,0.0
1020,2025-09-01,0,0,,0,0.00,0,0,,213.69,0.00,0.0
1020,2025-10-01,1,0,0.0,0,0.00,0,0,,202.86,0.00,0.0
1020,2025-11-01,0,0,,0,0.00,0,0,,0.00,0.00,
1020,2025-12-01,0,0,,0,0.00,0,0,,0.00,0.00,
1020,2026-01-01,5,2,0.4,2,340.51,2,1,0.5,377.06,0.00,0.0
1020,2026-02-01,1,1,1.0,1,746.41,1,0,0.0,1151.90,0.00,0.0
1020,2026-03-01,0,0,,0,0.00,0,0,,1009.20,99.14,0.09823622671422909
1020,2026-04-01,4,3,0.75,2,735.69,2,0,0.0,1609.48,98.25,0.06104456097621592
1020,2026-05-01,0,0,,1,150.03,0,0,,1367.94,97.33,0.0711507814670234
1020,2026-06-01,1,1,1.0,1,113.85,0,0,,1099.80,98.99,0.09000727404982724
1021,2025-04-01,4,3,0.75,3,2068.34,3,1,0.3333333333333333,2388.63,0.00,0.0
1021,2025-05-01,1,1,1.0,1,517.39,1,0,0.0,2436.17,0.00,0.0
1021,2025-06-01,1,1,1.0,1,190.00,1,0,0.0,1837.39,0.00,0.0
1021,2025-07-01,3,2,0.6666666666666666,1,219.28,1,0,0.0,1158.42,0.00,0.0
1021,2025-08-01,1,1,1.0,1,242.15,1,1,1.0,1105.12,353.84,0.32018242362820326
1021,2025-09-01,0,0,,0,0.00,0,0,,936.95,364.78,0.3893270718821708
1021,2025-10-01,3,2,0.6666666666666666,2,445.56,2,0,0.0,1321.77,656.16,0.4964252479629587
1021,2025-11-01,1,0,0.0,0,0.00,0,0,,1107.08,672.11,0.6071015644759187
1021,2025-12-01,4,2,0.5,1,693.37,1,0,0.0,1762.68,778.01,0.44137903646719767
1021,2026-01-01,0,0,,0,0.00,0,0,,1510.34,644.79,0.42691711799992055
1021,2026-02-01,1,0,0.0,0,0.00,0,0,,1129.25,747.28,0.661748948417091
1021,2026-03-01,1,0,0.0,0,0.00,0,0,,924.06,735.99,0.7964742549185119
1021,2026-04-01,1,0,0.0,0,0.00,0,0,,747.45,747.45,1.0
1021,2026-05-01,1,1,1.0,1,550.34,0,0,,1360.19,777.47,0.571589263264691
1021,2026-06-01,2,0,0.0,0,0.00,0,0,,1164.67,776.62,0.6668154928005358
1022,2025-04-01,1,1,1.0,1,192.81,1,0,0.0,215.56,0.00,0.0
1022,2025-05-01,0,0,,0,0.00,0,0,,69.40,0.00,0.0
1022,2025-06-01,1,0,0.0,0,0.00,0,0,,68.68,0.00,0.0
1022,2025-07-01,2,2,1.0,2,1275.39,2,0,0.0,1402.52,0.00,0.0
1022,2025-08-01,1,0,0.0,0,0.00,0,0,,1040.88,0.00,0.0
1022,2025-09-01,0,0,,0,0.00,0,0,,676.89,0.00,0.0
1022,2025-10-01,1,1,1.0,1,471.50,1,0,0.0,784.06,0.00,0.0
1022,2025-11-01,0,0,,0,0.00,0,0,,578.24,0.00,0.0
1022,2025-12-01,0,0,,0,0.00,0,0,,349.64,0.00,0.0
1022,2026-01-01,0,0,,0,0.00,0,0,,123.29,0.00,0.0
1022,2026-02-01,1,1,1.0,1,540.69,1,0,0.0,711.38,0.00,0.0
1022,2026-03-01,0,0,,0,0.00,0,0,,642.25,0.00,0.0
1022,2026-04-01,2,1,0.5,0,0.00,0,0,,592.96,0.00,0.0
1022,2026-05-01,2,1,0.5,1,369.77,0,0,,977.86,0.00,0.0
1022,2026-06-01,0,0,,0,0.00,0,0,,642.43,0.00,0.0
1023,2025-04-01,3,1,0.3333333333333333,1,325.25,1,0,0.0,389.26,0.00,0.0
1023,2025-05-01,0,0,,0,0.00,0,0,,376.08,0.00,0.0
1023,2025-06-01,0,0,,0,0.00,0,0,,310.13,0.00,0.0
1023,2025-07-01,1,1,1.0,1,194.55,1,1,1.0,460.47,0.00,0.0
1023,2025-08-01,2,2,1.0,2,421.76,2,0,0.0,880.76,0.00,0.0
1023,2025-09-01,0,0,,0,0.00,0,0,,665.87,222.18,0.3336687341372941
1023,2025-10-01,2,1,0.5,1,464.39,1,0,0.0,1077.51,223.41,0.20733914302419468
1023,2025-11-01,1,1,1.0,0,0.00,0,0,,786.20,295.85,0.3763037395064869
1023,2025-12-01,0,0,,0,0.00,0,0,,463.77,292.73,0.6311964982642259
1023,2026-01-01,0,0,,0,0.00,0,0,,283.82,283.82,1.0
1023,2026-02-01,1,0,0.0,0,0.00,0,0,,284.00,284.00,1.0
1023,2026-03-01,0,0,,0,0.00,0,0,,279.70,279.70,1.0
1023,2026-04-01,0,0,,0,0.00,0,0,,284.06,284.06,1.0
1023,2026-05-01,1,1,1.0,1,561.10,0,0,,946.74,295.47,0.3120920210406236
1023,2026-06-01,0,0,,0,0.00,0,0,,837.29,295.15,0.35250630008718603
1024,2025-01-01,3,0,0.0,0,0.00,0,0,,0.00,0.00,
1024,2025-02-01,2,0,0.0,0,0.00,0,0,,0.00,0.00,
1024,2025-03-01,3,3,1.0,2,498.42,2,0,0.0,559.90,0.00,0.0
1024,2025-04-01,0,0,,1,258.79,1,0,0.0,673.13,0.00,0.0
1024,2025-05-01,1,0,0.0,0,0.00,0,0,,469.46,0.00,0.0
1024,2025-06-01,1,0,0.0,0,0.00,0,0,,257.65,0.00,0.0
1024,2025-07-01,4,2,0.5,2,323.99,2,1,0.5,532.53,0.00,0.0
1024,2025-08-01,1,1,1.0,1,239.12,1,0,0.0,697.70,0.00,0.0
1024,2025-09-01,2,1,0.5,1,309.75,1,0,0.0,888.05,0.00,0.0
1024,2025-10-01,1,0,0.0,0,0.00,0,0,,687.06,110.26,0.16048088958751786
1024,2025-11-01,1,0,0.0,0,0.00,0,0,,586.95,170.06,0.28973507113041996
1024,2025-12-01,4,2,0.5,1,169.47,1,0,0.0,555.29,108.54,0.1954654324767239
1024,2026-01-01,0,0,,1,231.89,1,0,0.0,665.32,108.10,0.16247820597607165
1024,2026-02-01,3,0,0.0,0,0.00,0,0,,336.39,105.59,0.31389161390053216
1024,2026-03-01,3,2,0.6666666666666666,2,273.21,2,0,0.0,483.79,106.69,0.22052956861448147
1024,2026-04-01,2,1,0.5,0,0.00,0,0,,396.39,105.74,0.2667574863139837
1024,2026-05-01,3,2,0.6666666666666666,2,268.22,0,0,,664.12,104.74,0.1577124616033247
1024,2026-06-01,1,0,0.0,1,955.53,0,0,,1442.70,106.54,0.07384764677341096
1025,2025-01-01,1,1,1.0,1,249.51,1,0,0.0,270.63,0.00,0.0
1025,2025-02-01,2,1,0.5,0,0.00,0,0,,175.83,0.00,0.0
1025,2025-03-01,1,1,1.0,1,344.02,1,0,0.0,470.60,0.00,0.0
1025,2025-04-01,0,0,,0,0.00,0,0,,396.98,0.00,0.0
1025,2025-05-01,1,0,0.0,0,0.00,0,0,,384.89,0.00,0.0
1025,2025-06-01,3,1,0.3333333333333333,1,112.53,1,0,0.0,493.05,0.00,0.0
1025,2025-07-01,4,3,0.75,2,796.46,2,1,0.5,1349.70,0.00,0.0
1025,2025-08-01,1,0,0.0,0,0.00,0,0,,1107.35,0.00,0.0
1025,2025-09-01,2,1,0.5,1,276.45,1,0,0.0,1149.43,177.72,0.15461576607535907
1025,2025-10-01,3,3,1.0,1,514.65,1,0,0.0,1316.24,168.72,0.12818331003464414
1025,2025-11-01,2,0,0.0,2,153.80,2,1,0.5,864.24,168.89,0.19542025363325
1025,2025-12-01,2,2,1.0,2,1361.17,2,1,0.5,2054.24,166.09,0.08085228600358284
1025,2026-01-01,0,0,,0,0.00,0,0,,1720.65,165.41,0.09613227559352569
1025,2026-02-01,0,0,,0,0.00,0,0,,1291.87,161.58,0.1250745044005976
1025,2026-03-01,0,0,,0,0.00,0,0,,612.84,241.75,0.39447490372691074
1025,2026-04-01,1,0,0.0,0,0.00,0,0,,488.53,200.69,0.4108038400917037
1025,2026-05-01,1,0,0.0,0,0.00,0,0,,160.28,160.28,1.0
1025,2026-06-01,1,1,1.0,1,648.68,0,0,,935.90,163.02,0.17418527620472274
1026,2025-01-01,1,1,1.0,1,269.09,1,0,0.0,287.21,0.00,0.0
1026,2025-02-01,0,0,,0,0.00,0,0,,279.91,0.00,0.0
1026,2025-03-01,1,0,0.0,0,0.00,0,0,,132.57,0.00,0.0
1026,2025-04-01,0,0,,0,0.00,0,0,,95.86,0.00,0.0
1026,2025-05-01,0,0,,0,0.00,0,0,,0.00,0.00,
1026,2025-06-01,0,0,,0,0.00,0,0,,0.00,0.00,
1026,2025-07-01,0,0,,0,0.00,0,0,,0.00,0.00,
1026,2025-08-01,1,1,1.0,1,111.55,1,0,0.0,119.53,0.00,0.0
1026,2025-09-01,0,0,,0,0.00,0,0,,88.77,0.00,0.0
1026,2025-10-01,1,1,1.0,1,149.17,1,0,0.0,205.89,0.00,0.0
1026,2025-11-01,1,1,1.0,1,485.29,1,0,0.0,615.56,0.00,0.0
1026,2025-12-01,0,0,,0,0.00,0,0,,605.35,0.00,0.0
1026,2026-01-01,0,0,,0,0.00,0,0,,378.50,27.54,0.07276089828269484
1026,2026-02-01,0,0,,0,0.00,0,0,,198.31,26.90,0.1356462104785437
1026,2026-03-01,0,0,,0,0.00,0,0,,27.18,27.18,1.0
1026,2026-04-01,0,0,,0,0.00,0,0,,26.94,26.94,1.0
1026,2026-05-01,0,0,,0,0.00,0,0,,26.68,26.68,1.0
1026,2026-06-01,1,1,1.0,1,150.82,0,0,,189.22,27.14,0.14343092696332313
1027,2025-01-01,2,1,0.5,1,117.59,1,0,0.0,122.31,0.00,0.0
1027,2025-02-01,4,4,1.0,4,1701.55,4,1,0.25,2228.49,0.00,0.0
1027,2025-03-01,5,3,0.6,2,633.73,2,0,0.0,2752.72,0.00,0.0
1027,2025-04-01,0,0,,0,0.00,0,0,,2475.07,299.28,0.1209177922240583
1027,2025-05-01,3,3,1.0,2,426.52,2,0,0.0,2361.56,289.15,0.12244025135927099
1027,2025-06-01,5,0,0.0,1,709.83,1,0,0.0,2549.43,286.13,0.1122329304981898
1027,2025-07-01,6,4,0.6666666666666666,4,1775.72,4,0,0.0,4183.87,286.45,0.06846532038519361
1027,2025-08-01,8,2,0.25,2,590.76,2,0,0.0,3850.84,291.08,0.07558870272460035
1027,2025-09-01,3,1,0.3333333333333333,1,145.92,1,0,0.0,2708.30,300.08,0.11080013292471291
1027,2025-10-01,6,2,0.3333333333333333,1,507.14,1,0,0.0,2205.49,301.75,0.13681766863599473
1027,2025-11-01,2,0,0.0,1,300.04,1,1,1.0,2233.60,309.09,0.13838198424068768
1027,2025-12-01,5,2,0.4,2,399.62,2,0,0.0,2187.07,424.92,0.1942873341959791
1027,2026-01-01,4,4,1.0,4,1195.62,4,0,0.0,2689.68,296.53,0.1102473156658041
1027,2026-02-01,8,4,0.5,4,789.30,4,0,0.0,2423.28,296.71,0.12244148426925487
1027,2026-03-01,3,1,0.3333333333333333,1,201.00,1,0,0.0,1656.75,292.22,0.17638146974498267
1027,2026-04-01,6,3,0.5,3,1103.94,3,0,0.0,2385.83,383.72,0.16083291768483088
1027,2026-05-01,5,3,0.6,3,746.72,0,0,,2581.66,399.13,0.15460207773293153
1027,2026-06-01,3,0,0.0,0,0.00,0,0,,1795.80,398.70,0.2220180420982292
1028,2025-02-01,1,1,1.0,1,148.22,1,1,1.0,161.47,0.00,0.0
1028,2025-03-01,0,0,,0,0.00,0,0,,157.94,0.00,0.0
1028,2025-04-01,1,0,0.0,0,0.00,0,0,,161.35,161.35,1.0
1028,2025-05-01,1,0,0.0,0,0.00,0,0,,155.88,155.88,1.0
1028,2025-06-01,0,0,,0,0.00,0,0,,154.26,154.26,1.0
1028,2025-07-01,0,0,,0,0.00,0,0,,154.43,154.43,1.0
1028,2025-08-01,0,0,,0,0.00,0,0,,156.93,156.93,1.0
1028,2025-09-01,2,0,0.0,0,0.00,0,0,,161.78,161.78,1.0
1028,2025-10-01,0,0,,0,0.00,0,0,,162.68,162.68,1.0
1028,2025-11-01,2,2,1.0,1,366.73,1,0,0.0,562.29,166.64,0.29635952978000674
1028,2025-12-01,0,0,,0,0.00,0,0,,425.88,164.88,0.3871513102282333
1028,2026-01-01,0,0,,0,0.00,0,0,,337.01,159.86,0.47434794219756093
1028,2026-02-01,1,0,0.0,0,0.00,0,0,,159.96,159.96,1.0
1028,2026-03-01,0,0,,0,0.00,0,0,,157.54,157.54,1.0
1028,2026-04-01,2,2,1.0,2,1194.88,2,1,0.5,1485.54,160.00,0.10770494231054027
1028,2026-05-01,0,0,,0,0.00,0,0,,1488.97,166.42,0.11176853798263228
1028,2026-06-01,0,0,,0,0.00,0,0,,737.67,166.24,0.22535822251142112
1029,2025-01-01,3,2,0.6666666666666666,2,1212.75,2,0,0.0,1563.27,0.00,0.0
1029,2025-02-01,3,3,1.0,2,838.05,2,0,0.0,2196.20,0.00,0.0
1029,2025-03-01,1,1,1.0,1,180.84,1,0,0.0,1661.78,0.00,0.0
1029,2025-04-01,1,1,1.0,1,481.57,1,0,0.0,1875.80,0.00,0.0
1029,2025-05-01,3,1,0.3333333333333333,1,56.54,1,0,0.0,1534.83,0.00,0.0
1029,2025-06-01,3,2,0.6666666666666666,1,738.22,1,0,0.0,1960.05,0.00,0.0
1029,2025-07-01,6,4,0.6666666666666666,4,1662.19,4,0,0.0,3527.50,0.00,0.0
1029,2025-08-01,2,1,0.5,1,705.15,1,0,0.0,3330.90,0.00,0.0
1029,2025-09-01,2,1,0.5,1,320.07,1,0,0.0,2904.47,0.00,0.0
1029,2025-10-01,0,0,,0,0.00,0,0,,1560.01,0.00,0.0
1029,2025-11-01,3,2,0.6666666666666666,1,277.01,1,0,0.0,1125.17,0.00,0.0
1029,2025-12-01,3,3,1.0,2,162.95,2,1,0.5,775.81,143.60,0.1850968665008185
1029,2026-01-01,2,2,1.0,1,65.60,1,0,0.0,720.67,143.02,0.1984542162154662
1029,2026-02-01,1,0,0.0,0,0.00,0,0,,615.29,241.39,0.3923190690568675
1029,2026-03-01,3,2,0.6666666666666666,1,235.42,1,0,0.0,726.31,141.16,0.1943522738224725
1029,2026-04-01,0,0,,0,0.00,0,0,,562.55,139.89,0.24867122922406898
1029,2026-05-01,4,1,0.25,1,236.07,0,0,,663.53,138.58,0.2088526517263726
1029,2026-06-01,3,1,0.3333333333333333,1,130.39,0,0,,710.61,140.95,0.19835071276790361
1030,2025-01-01,90,46,0.5111111111111111,38,10521.26,38,4,0.10526315789473684,11829.07,0.00,0.0
1030,2025-02-01,55,25,0.45454545454545453,18,6235.63,18,2,0.1111111111111111,16171.88,0.00,0.0
1030,2025-03-01,78,44,0.5641025641025641,38,12004.66,38,5,0.13157894736842105,24357.34,527.01,0.021636599070341836
1030,2025-04-01,74,41,0.5540540540540541,39,14319.06,39,2,0.05128205128205128,34142.08,488.53,0.01430873573021913
1030,2025-05-01,66,29,0.4393939393939394,24,7587.03,24,1,0.041666666666666664,31866.70,1833.98,0.057551613439734896
1030,2025-06-01,69,38,0.5507246376811594,34,12570.53,34,7,0.20588235294117646,34403.45,1720.20,0.05000079933843845
1030,2025-07-01,70,41,0.5857142857142857,32,8678.59,32,1,0.03125,33537.94,1629.03,0.04857275074139914
1030,2025-08-01,77,52,0.6753246753246753,41,13667.59,41,3,0.07317073170731707,38978.02,2126.30,0.05455125734965502
1030,2025-09-01,74,38,0.5135135135135135,33,9109.45,33,4,0.12121212121212122,37116.60,2744.65,0.07394669770399229
1030,2025-10-01,74,42,0.5675675675675675,39,10937.17,39,1,0.02564102564102564,37816.84,4235.62,0.11200354127949348
1030,2025-11-01,62,39,0.6290322580645161,26,9408.16,26,3,0.11538461538461539,36751.39,4102.81,0.11163686597976295
1030,2025-12-01,78,35,0.44871794871794873,29,13329.72,29,3,0.10344827586206896,40752.68,4973.25,0.12203491893048506
1030,2026-01-01,83,48,0.5783132530120482,41,12199.19,41,0,0.0,40580.31,6647.31,0.1638062893063163
1030,2026-02-01,58,29,0.5,28,11312.50,28,1,0.03571428571428571,41949.89,6763.07,0.16121782440907473
1030,2026-03-01,84,46,0.5476190476190477,39,12412.28,39,4,0.10256410256410256,42109.57,6137.31,0.14574620448510875
1030,2026-04-01,76,45,0.5921052631578947,35,13749.23,35,3,0.08571428571428572,46925.66,6569.02,0.13998780198296626
1030,2026-05-01,82,47,0.573170731707317,46,19267.80,0,0,,55463.63,7944.97,0.14324648422759204
1030,2026-06-01,64,30,0.46875,29,9621.82,0,0,,47999.02,7811.74,0.16274790610308296
1031,2025-01-01,12,9,0.75,6,2343.60,6,0,0.0,2588.94,0.00,0.0
1031,2025-02-01,16,10,0.625,9,1534.65,9,2,0.2222222222222222,3675.70,0.00,0.0
1031,2025-03-01,17,10,0.5882352941176471,6,1142.00,6,1,0.16666666666666666,3701.16,0.00,0.0
1031,2025-04-01,11,5,0.45454545454545453,4,1523.03,4,1,0.25,3716.58,0.00,0.0
1031,2025-05-01,19,13,0.6842105263157895,10,3553.53,10,0,0.0,6302.81,109.49,0.01737161678679827
1031,2025-06-01,9,7,0.7777777777777778,5,2069.66,5,0,0.0,6820.45,704.29,0.10326151500267577
1031,2025-07-01,11,8,0.7272727272727273,7,2130.16,7,1,0.14285714285714285,7157.77,182.97,0.025562430757065397
1031,2025-08-01,13,7,0.5384615384615384,7,1779.54,7,0,0.0,6481.49,539.62,0.08325554772128015
1031,2025-09-01,17,8,0.47058823529411764,6,1303.16,6,0,0.0,5973.90,465.15,0.07786370712599809
1031,2025-10-01,17,9,0.5294117647058824,11,3253.54,11,1,0.09090909090909091,7787.98,590.06,0.07576547448760783
1031,2025-11-01,18,6,0.3333333333333333,6,2882.36,6,0,0.0,8696.51,604.41,0.06950029379601702
1031,2025-12-01,16,7,0.4375,6,1328.32,6,1,0.16666666666666666,7062.51,740.02,0.10478144455724664
1031,2026-01-01,15,10,0.6666666666666666,8,2297.42,8,1,0.125,7385.97,981.91,0.13294259250985313
1031,2026-02-01,11,6,0.5454545454545454,6,1071.74,6,0,0.0,6461.65,717.94,0.11110784397174098
1031,2026-03-01,20,10,0.5,8,1704.53,8,0,0.0,6373.30,1071.48,0.1681201261512874
1031,2026-04-01,6,2,0.3333333333333333,2,269.76,2,0,0.0,4655.65,986.77,0.21195107020501971
1031,2026-05-01,11,6,0.5454545454545454,5,1418.12,0,0,,5153.18,1136.93,0.2206268750557908
1031,2026-06-01,17,11,0.6470588235294118,9,3216.76,0,0,,7229.36,1275.22,0.17639459094580986
1032,2025-01-01,1,1,1.0,1,422.64,1,0,0.0,473.48,0.00,0.0
1032,2025-02-01,0,0,,0,0.00,0,0,,346.08,0.00,0.0
1032,2025-03-01,0,0,,0,0.00,0,0,,234.15,0.00,0.0
1032,2025-04-01,1,0,0.0,0,0.00,0,0,,118.51,0.00,0.0
1032,2025-05-01,0,0,,0,0.00,0,0,,0.00,0.00,
1032,2025-06-01,1,1,1.0,1,245.20,1,0,0.0,266.81,0.00,0.0
1032,2025-07-01,0,0,,0,0.00,0,0,,187.57,0.00,0.0
1032,2025-08-01,0,0,,0,0.00,0,0,,94.22,0.00,0.0
1032,2025-09-01,0,0,,0,0.00,0,0,,0.00,0.00,
1032,2025-10-01,0,0,,0,0.00,0,0,,0.00,0.00,
1032,2025-11-01,1,1,1.0,1,285.48,1,0,0.0,317.34,0.00,0.0
1032,2025-12-01,0,0,,0,0.00,0,0,,234.06,0.00,0.0
1032,2026-01-01,0,0,,0,0.00,0,0,,155.41,0.00,0.0
1032,2026-02-01,0,0,,0,0.00,0,0,,75.90,0.00,0.0
1032,2026-03-01,0,0,,0,0.00,0,0,,0.00,0.00,
1032,2026-04-01,1,0,0.0,0,0.00,0,0,,0.00,0.00,
1032,2026-05-01,0,0,,0,0.00,0,0,,0.00,0.00,
1032,2026-06-01,2,1,0.5,1,417.76,0,0,,457.70,0.00,0.0
1033,2025-01-01,1,1,1.0,1,244.69,1,0,0.0,264.74,0.00,0.0
1033,2025-02-01,0,0,,0,0.00,0,0,,262.42,0.00,0.0
1033,2025-03-01,1,1,1.0,1,167.60,1,0,0.0,260.70,0.00,0.0
1033,2025-04-01,0,0,,0,0.00,0,0,,206.70,0.00,0.0
1033,2025-05-01,1,1,1.0,1,222.93,1,1,1.0,425.46,84.46,0.19851454895877402
1033,2025-06-01,0,0,,0,0.00,0,0,,280.41,0.00,0.0
1033,2025-07-01,0,0,,0,0.00,0,0,,280.73,280.73,1.0
1033,2025-08-01,0,0,,0,0.00,0,0,,247.22,247.22,1.0
1033,2025-09-01,0,0,,0,0.00,0,0,,220.55,0.00,0.0
1033,2025-10-01,0,0,,0,0.00,0,0,,221.78,221.78,1.0
1033,2025-11-01,1,1,1.0,0,0.00,0,0,,151.44,0.00,0.0
1033,2025-12-01,0,0,,0,0.00,0,0,,124.86,0.00,0.0
1033,2026-01-01,1,1,1.0,1,107.52,1,1,1.0,240.72,0.00,0.0
1033,2026-02-01,2,2,1.0,2,1315.22,2,1,0.5,1632.15,0.00,0.0
1033,2026-03-01,1,1,1.0,1,222.71,1,0,0.0,1693.82,117.93,0.06962369082901372
1033,2026-04-01,0,0,,0,0.00,0,0,,1463.67,998.58,0.6822439484309988
1033,2026-05-01,0,0,,0,0.00,0,0,,241.85,0.00,0.0
1033,2026-06-01,0,0,,0,0.00,0,0,,0.00,0.00,
1034,2025-01-01,4,1,0.25,1,172.33,1,0,0.0,186.39,0.00,0.0
1034,2025-02-01,0,0,,0,0.00,0,0,,123.16,0.00,0.0
1034,2025-03-01,1,0,0.0,0,0.00,0,0,,60.22,0.00,0.0
1034,2025-04-01,1,0,0.0,0,0.00,0,0,,0.00,0.00,
1034,2025-05-01,1,1,1.0,1,547.09,1,0,0.0,591.83,0.00,0.0
1034,2025-06-01,0,0,,0,0.00,0,0,,390.44,0.00,0.0
1034,2025-07-01,2,1,0.5,1,205.72,1,0,0.0,424.44,0.00,0.0
1034,2025-08-01,3,3,1.0,2,552.08,2,1,0.5,779.48,0.00,0.0
1034,2025-09-01,2,1,0.5,2,617.70,2,0,0.0,1183.36,0.00,0.0
1034,2025-10-01,1,1,1.0,1,166.07,1,0,0.0,1022.67,67.85,0.06634593759472752
1034,2025-11-01,0,0,,0,0.00,0,0,,689.20,46.33,0.0672228670922809
1034,2025-12-01,0,0,,0,0.00,0,0,,470.91,22.92,0.04867172071096388
1034,2026-01-01,1,1,1.0,0,0.00,0,0,,274.16,22.22,0.08104756346658884
1034,2026-02-01,1,0,0.0,0,0.00,0,0,,22.24,22.24,1.0
1034,2026-03-01,1,0,0.0,0,0.00,0,0,,21.90,21.90,1.0
1034,2026-04-01,0,0,,0,0.00,0,0,,22.24,22.24,1.0
1034,2026-05-01,2,2,1.0,1,312.22,0,0,,376.67,23.14,0.06143308466296758
1034,2026-06-01,1,0,0.0,1,651.19,0,0,,811.91,23.11,0.02846374598169748
1035,2025-01-01,4,2,0.5,2,595.58,2,1,0.5,630.06,0.00,0.0
1035,2025-02-01,1,0,0.0,0,0.00,0,0,,624.54,0.00,0.0
1035,2025-03-01,1,1,1.0,1,268.59,1,0,0.0,507.12,0.00,0.0
1035,2025-04-01,1,1,1.0,1,373.93,1,0,0.0,868.87,218.70,0.25170623913819096
1035,2025-05-01,5,2,0.4,2,359.50,2,0,0.0,1011.05,211.29,0.20898076257356213
1035,2025-06-01,0,0,,0,0.00,0,0,,699.06,209.09,0.29910165078820133
1035,2025-07-01,0,0,,0,0.00,0,0,,348.06,209.33,0.6014192955237603
1035,2025-08-01,1,1,1.0,0,0.00,0,0,,308.59,212.71,0.6892964775268156
1035,2025-09-01,2,0,0.0,0,0.00,0,0,,271.62,219.29,0.8073411383550548
1035,2025-10-01,2,2,1.0,1,246.75,1,0,0.0,580.80,273.14,0.4702823691460055
1035,2025-11-01,1,1,1.0,0,0.00,0,0,,568.66,279.78,0.4919987338655787
1035,2025-12-01,2,0,0.0,0,0.00,0,0,,536.68,276.83,0.5158194827457703
1035,2026-01-01,2,0,0.0,0,0.00,0,0,,505.23,268.40,0.5312431961680818
1035,2026-02-01,2,0,0.0,0,0.00,0,0,,470.24,268.57,0.5711338890779176
1035,2026-03-01,3,1,0.3333333333333333,1,698.83,1,0,0.0,1246.14,264.51,0.21226346959410658
1035,2026-04-01,2,0,0.0,0,0.00,0,0,,1103.61,268.63,0.24341026268337548
1035,2026-05-01,3,1,0.3333333333333333,1,207.25,0,0,,1224.64,279.42,0.2281650117585576
1035,2026-06-01,2,1,0.5,1,685.28,0,0,,1650.30,279.11,0.1691268254256802
1036,2025-01-01,1,1,1.0,1,325.85,1,0,0.0,373.44,0.00,0.0
1036,2025-02-01,0,0,,0,0.00,0,0,,308.48,0.00,0.0
1036,2025-03-01,1,0,0.0,0,0.00,0,0,,241.40,0.00,0.0
1036,2025-04-01,0,0,,0,0.00,0,0,,184.97,0.00,0.0
1036,2025-05-01,0,0,,0,0.00,0,0,,119.15,0.00,0.0
1036,2025-06-01,0,0,,0,0.00,0,0,,58.98,0.00,0.0
1036,2025-07-01,0,0,,0,0.00,0,0,,0.00,0.00,
1036,2025-08-01,1,1,1.0,1,285.67,1,0,0.0,344.67,0.00,0.0
1036,2025-09-01,0,0,,0,0.00,0,0,,236.89,0.00,0.0
1036,2025-10-01,0,0,,0,0.00,0,0,,238.21,0.00,0.0
1036,2025-11-01,0,0,,0,0.00,0,0,,183.00,0.00,0.0
1036,2025-12-01,0,0,,0,0.00,0,0,,120.71,0.00,0.0
1036,2026-01-01,0,0,,0,0.00,0,0,,58.52,0.00,0.0
1036,2026-02-01,1,1,1.0,1,235.01,1,0,0.0,249.91,0.00,0.0
1036,2026-03-01,0,0,,0,0.00,0,0,,184.59,0.00,0.0
1036,2026-04-01,0,0,,0,0.00,0,0,,124.97,0.00,0.0
1036,2026-05-01,1,0,0.0,0,0.00,0,0,,64.98,0.00,0.0
1036,2026-06-01,0,0,,0,0.00,0,0,,0.00,0.00,
1037,2025-01-01,29,14,0.4827586206896552,9,3070.23,9,0,0.0,3458.51,0.00,0.0
1037,2025-02-01,32,17,0.53125,16,4916.66,16,1,0.0625,7796.05,0.00,0.0
1037,2025-03-01,32,17,0.53125,11,4259.38,11,0,0.0,9907.27,0.00,0.0
1037,2025-04-01,26,16,0.6153846153846154,13,3057.42,13,1,0.07692307692307693,10034.42,203.58,0.020288168125312676
1037,2025-05-01,27,17,0.6296296296296297,19,5301.20,19,1,0.05263157894736842,12350.95,274.37,0.022214485525404927
1037,2025-06-01,18,12,0.6666666666666666,10,3049.69,10,1,0.1,12580.93,706.02,0.05611826788639631
1037,2025-07-01,29,14,0.4827586206896552,13,4013.06,13,0,0.0,14133.70,1094.58,0.07744468893495687
1037,2025-08-01,30,23,0.7666666666666667,19,4820.94,19,2,0.10526315789473684,16408.72,2424.55,0.14775984964092262
1037,2025-09-01,26,14,0.5384615384615384,12,3654.21,12,2,0.16666666666666666,16198.62,2478.95,0.1530346412225239
1037,2025-10-01,34,24,0.7058823529411765,22,9243.16,22,1,0.045454545454545456,21916.58,2406.70,0.10981184108104457
1037,2025-11-01,29,11,0.3793103448275862,11,5762.55,11,1,0.09090909090909091,23402.11,2409.10,0.10294370892197327
1037,2025-12-01,12,7,0.5833333333333334,8,1646.75,8,0,0.0,18741.72,2837.22,0.1513852517271627
1037,2026-01-01,33,16,0.48484848484848486,9,2620.46,9,1,0.1111111111111111,14665.21,2688.04,0.1832936589383991
1037,2026-02-01,19,11,0.5789473684210527,9,2609.70,9,0,0.0,13576.38,3478.97,0.2562516664972548
1037,2026-03-01,26,15,0.5769230769230769,14,3332.55,14,4,0.2857142857142857,13569.27,3535.97,0.2605866048799972
1037,2026-04-01,22,17,0.7727272727272727,9,3459.05,9,1,0.1111111111111111,13909.97,3410.88,0.24521116867973117
1037,2026-05-01,29,14,0.4827586206896552,15,3908.14,0,0,,14825.51,4015.32,0.2708385748618429
1037,2026-06-01,20,12,0.6,10,5421.47,0,0,,16540.26,4601.69,0.2782114670506993
1038,2025-01-01,2,0,0.0,0,0.00,0,0,,0.00,0.00,
1038,2025-02-01,1,1,1.0,1,519.12,1,0,0.0,561.10,0.00,0.0
1038,2025-03-01,0,0,,0,0.00,0,0,,182.94,0.00,0.0
1038,2025-04-01,2,1,0.5,0,0.00,0,0,,186.89,0.00,0.0
1038,2025-05-01,4,4,1.0,5,1438.96,5,0,0.0,1686.03,0.00,0.0
1038,2025-06-01,3,2,0.6666666666666666,1,505.99,1,0,0.0,1408.91,0.00,0.0
1038,2025-07-01,1,1,1.0,0,0.00,0,0,,894.83,0.00,0.0
1038,2025-08-01,4,2,0.5,2,406.63,2,1,0.5,1167.83,142.22,0.12178142366611579
1038,2025-09-01,5,2,0.4,2,428.53,2,1,0.5,1226.13,146.62,0.11957948993989218
1038,2025-10-01,1,1,1.0,1,122.78,1,0,0.0,1007.87,147.44,0.14628870786907042
1038,2025-11-01,6,4,0.6666666666666666,2,571.95,2,1,0.5,1600.19,151.02,0.09437629281522819
1038,2025-12-01,2,2,1.0,2,860.10,2,0,0.0,2243.81,295.99,0.13191402124065763
1038,2026-01-01,0,0,,0,0.00,0,0,,1675.78,488.44,0.2914702407237227
1038,2026-02-01,1,1,1.0,1,271.79,1,1,1.0,1654.80,382.10,0.2309040367416002
1038,2026-03-01,4,3,0.75,2,922.88,2,0,0.0,2207.45,443.58,0.20094679381186437
1038,2026-04-01,1,1,1.0,2,521.36,2,0,0.0,2554.90,677.73,0.265266742338252
1038,2026-05-01,1,0,0.0,0,0.00,0,0,,2063.43,704.95,0.3416398908613329
1038,2026-06-01,2,2,1.0,1,109.95,0,0,,1727.96,704.18,0.4075210074307275
1039,2025-01-01,1,1,1.0,1,600.37,1,0,0.0,648.08,0.00,0.0
1039,2025-02-01,1,0,0.0,0,0.00,0,0,,421.07,0.00,0.0
1039,2025-03-01,0,0,,0,0.00,0,0,,213.67,0.00,0.0
1039,2025-04-01,0,0,,0,0.00,0,0,,0.00,0.00,
1039,2025-05-01,1,0,0.0,0,0.00,0,0,,0.00,0.00,
1039,2025-06-01,0,0,,0,0.00,0,0,,0.00,0.00,
1039,2025-07-01,1,0,0.0,0,0.00,0,0,,0.00,0.00,
1039,2025-08-01,2,0,0.0,0,0.00,0,0,,0.00,0.00,
1039,2025-09-01,1,1,1.0,1,310.10,1,0,0.0,343.39,0.00,0.0
1039,2025-10-01,1,1,1.0,1,265.15,1,0,0.0,424.13,0.00,0.0
1039,2025-11-01,4,2,0.5,0,0.00,0,0,,408.77,0.00,0.0
1039,2025-12-01,0,0,,0,0.00,0,0,,258.79,0.00,0.0
1039,2026-01-01,0,0,,0,0.00,0,0,,231.97,0.00,0.0
1039,2026-02-01,0,0,,0,0.00,0,0,,211.48,0.00,0.0
1039,2026-03-01,1,0,0.0,0,0.00,0,0,,178.07,0.00,0.0
1039,2026-04-01,1,0,0.0,0,0.00,0,0,,151.27,0.00,0.0
1039,2026-05-01,0,0,,0,0.00,0,0,,124.88,0.00,0.0
1039,2026-06-01,1,0,0.0,0,0.00,0,0,,111.77,0.00,0.0
1040,2025-01-01,3,2,0.6666666666666666,2,372.53,2,0,0.0,476.18,0.00,0.0
1040,2025-02-01,2,2,1.0,1,88.10,1,0,0.0,493.71,0.00,0.0
1040,2025-03-01,0,0,,1,174.74,1,0,0.0,526.60,0.00,0.0
1040,2025-04-01,0,0,,0,0.00,0,0,,442.31,0.00,0.0
1040,2025-05-01,2,2,1.0,2,138.54,2,0,0.0,337.17,0.00,0.0
1040,2025-06-01,2,2,1.0,1,274.70,1,1,1.0,551.48,0.00,0.0
1040,2025-07-01,2,0,0.0,0,0.00,0,0,,482.25,0.00,0.0
1040,2025-08-01,0,0,,0,0.00,0,0,,327.48,0.00,0.0
1040,2025-09-01,2,1,0.5,1,61.67,1,0,0.0,298.51,0.00,0.0
1040,2025-10-01,1,1,1.0,1,234.26,1,1,1.0,483.25,103.51,0.21419555095706158
1040,2025-11-01,2,1,0.5,1,274.55,1,0,0.0,653.77,0.00,0.0
1040,2025-12-01,0,0,,0,0.00,0,0,,488.68,255.94,0.5237374150773512
1040,2026-01-01,0,0,,0,0.00,0,0,,341.51,248.15,0.7266258674709379
1040,2026-02-01,1,0,0.0,0,0.00,0,0,,248.30,248.30,1.0
1040,2026-03-01,1,0,0.0,0,0.00,0,0,,244.55,244.55,1.0
1040,2026-04-01,1,0,0.0,0,0.00,0,0,,248.36,248.36,1.0
1040,2026-05-01,1,1,1.0,1,103.29,0,0,,384.58,258.33,0.6717197982214363
1040,2026-06-01,2,2,1.0,1,249.47,0,0,,654.75,258.05,0.3941198930889653
1041,2025-05-01,1,1,1.0,1,317.50,1,0,0.0,351.96,0.00,0.0
1041,2025-06-01,1,0,0.0,0,0.00,0,0,,348.29,0.00,0.0
1041,2025-07-01,0,0,,0,0.00,0,0,,232.43,0.00,0.0
1041,2025-08-01,2,2,1.0,2,291.05,2,0,0.0,574.93,0.00,0.0
1041,2025-09-01,1,1,1.0,1,109.16,1,0,0.0,589.31,0.00,0.0
1041,2025-10-01,1,1,1.0,1,241.04,1,0,0.0,779.07,0.00,0.0
1041,2025-11-01,2,2,1.0,1,245.14,1,0,0.0,896.46,0.00,0.0
1041,2025-12-01,1,1,1.0,1,327.89,1,0,0.0,983.73,61.99,0.06301525825175608
1041,2026-01-01,0,0,,0,0.00,0,0,,437.35,0.00,0.0
1041,2026-02-01,1,0,0.0,0,0.00,0,0,,412.82,0.00,0.0
1041,2026-03-01,0,0,,0,0.00,0,0,,382.16,249.47,0.6527894075779778
1041,2026-04-01,1,1,1.0,1,239.16,1,0,0.0,668.34,253.36,0.3790884878953826
1041,2026-05-01,0,0,,0,0.00,0,0,,618.37,263.53,0.42616879861571544
1041,2026-06-01,0,0,,0,0.00,0,0,,591.93,263.25,0.44473164056560743
1042,2025-02-01,1,0,0.0,0,0.00,0,0,,0.00,0.00,
1042,2025-04-01,2,2,1.0,2,808.63,2,0,0.0,951.17,0.00,0.0
1042,2025-05-01,4,3,0.75,2,950.44,2,0,0.0,1776.17,0.00,0.0
1042,2025-06-01,1,1,1.0,2,789.86,2,0,0.0,2435.38,0.00,0.0
1042,2025-07-01,1,1,1.0,1,173.03,1,0,0.0,1821.81,0.00,0.0
1042,2025-08-01,3,0,0.0,0,0.00,0,0,,1011.13,0.00,0.0
1042,2025-09-01,1,0,0.0,0,0.00,0,0,,795.54,0.00,0.0
1042,2025-10-01,1,0,0.0,0,0.00,0,0,,366.51,0.00,0.0
1042,2025-11-01,2,2,1.0,2,375.46,2,0,0.0,679.91,0.00,0.0
1042,2025-12-01,0,0,,0,0.00,0,0,,496.36,211.39,0.4258804093802885
1042,2026-01-01,5,2,0.4,2,315.70,2,0,0.0,490.54,0.00,0.0
1042,2026-02-01,1,0,0.0,0,0.00,0,0,,250.44,0.00,0.0
1042,2026-03-01,0,0,,0,0.00,0,0,,139.26,0.00,0.0
1042,2026-04-01,2,2,1.0,1,295.15,1,0,0.0,355.17,0.00,0.0
1042,2026-05-01,1,1,1.0,1,157.44,0,0,,496.41,0.00,0.0
1042,2026-06-01,3,2,0.6666666666666666,3,1173.65,0,0,,1668.99,0.00,0.0
1043,2025-01-01,1,1,1.0,1,241.31,1,0,0.0,270.79,0.00,0.0
1043,2025-02-01,1,0,0.0,0,0.00,0,0,,201.32,0.00,0.0
1043,2025-03-01,2,1,0.5,1,114.58,1,0,0.0,254.23,0.00,0.0
1043,2025-04-01,2,0,0.0,0,0.00,0,0,,161.25,0.00,0.0
1043,2025-05-01,2,0,0.0,0,0.00,0,0,,60.66,0.00,0.0
1043,2025-06-01,3,3,1.0,2,252.66,2,0,0.0,331.46,0.00,0.0
1043,2025-07-01,2,2,1.0,3,1158.73,3,0,0.0,1578.04,0.00,0.0
1043,2025-08-01,1,0,0.0,0,0.00,0,0,,1207.38,0.00,0.0
1043,2025-09-01,2,1,0.5,1,408.75,1,0,0.0,1183.29,0.00,0.0
1043,2025-10-01,1,0,0.0,0,0.00,0,0,,965.62,0.00,0.0
1043,2025-11-01,1,1,1.0,0,0.00,0,0,,591.02,0.00,0.0
1043,2025-12-01,0,0,,0,0.00,0,0,,182.89,0.00,0.0
1043,2026-01-01,1,0,0.0,0,0.00,0,0,,0.00,0.00,
1043,2026-02-01,0,0,,0,0.00,0,0,,0.00,0.00,
1043,2026-03-01,3,0,0.0,0,0.00,0,0,,0.00,0.00,
1043,2026-04-01,0,0,,0,0.00,0,0,,0.00,0.00,
1043,2026-05-01,2,2,1.0,2,272.59,0,0,,331.34,0.00,0.0
1043,2026-06-01,0,0,,0,0.00,0,0,,275.83,0.00,0.0
1044,2025-01-01,4,2,0.5,2,579.34,2,0,0.0,627.93,0.00,0.0
1044,2025-02-01,4,3,0.75,2,509.76,2,0,0.0,1156.35,0.00,0.0
1044,2025-03-01,1,0,0.0,0,0.00,0,0,,529.56,0.00,0.0
1044,2025-04-01,2,1,0.5,1,143.12,1,0,0.0,569.87,0.00,0.0
1044,2025-05-01,5,2,0.4,1,804.49,1,0,0.0,1158.73,0.00,0.0
1044,2025-06-01,0,0,,1,557.60,1,0,0.0,1458.20,0.00,0.0
1044,2025-07-01,2,1,0.5,1,354.55,1,0,0.0,1493.22,0.00,0.0
1044,2025-08-01,1,0,0.0,0,0.00,0,0,,1219.41,571.03,0.46828384218597513
1044,2025-09-01,2,2,1.0,2,574.56,2,1,0.5,893.19,0.00,0.0
1044,2025-10-01,2,0,0.0,0,0.00,0,0,,687.33,0.00,0.0
1044,2025-11-01,2,2,1.0,0,0.00,0,0,,652.27,459.03,0.7037423152988793
1044,2025-12-01,4,1,0.25,1,106.04,1,0,0.0,727.09,454.19,0.6246681978847185
1044,2026-01-01,5,1,0.2,0,0.00,0,0,,636.04,440.37,0.6923621155902145
1044,2026-02-01,3,2,0.6666666666666666,1,351.57,1,0,0.0,968.61,440.63,0.45490961274403524
1044,2026-03-01,6,2,0.3333333333333333,2,310.34,2,0,0.0,1186.09,433.97,0.3658828588049811
1044,2026-04-01,1,0,0.0,0,0.00,0,0,,1038.97,440.73,0.4241989662839158
1044,2026-05-01,2,2,1.0,1,296.86,0,0,,1180.90,458.43,0.38820391227030226
1044,2026-06-01,6,5,0.8333333333333334,6,1965.40,0,0,,3153.09,457.93,0.14523213736366547
1045,2025-01-01,6,4,0.6666666666666666,3,897.95,3,0,0.0,961.83,0.00,0.0
1045,2025-02-01,3,3,1.0,2,698.82,2,1,0.5,1392.47,0.00,0.0
1045,2025-03-01,2,1,0.5,1,364.24,1,0,0.0,1549.89,0.00,0.0
1045,2025-04-01,1,1,1.0,1,214.27,1,0,0.0,1128.42,483.62,0.42858155651264596
1045,2025-05-01,2,2,1.0,1,188.04,1,0,0.0,1025.52,467.24,0.4556127623059521
1045,2025-06-01,2,2,1.0,1,113.82,1,0,0.0,927.25,462.37,0.4986465354543004
1045,2025-07-01,3,2,0.6666666666666666,2,335.80,2,0,0.0,1048.45,462.89,0.44149935619247455
1045,2025-08-01,3,3,1.0,3,2011.13,3,2,0.6666666666666666,3052.35,470.37,0.15410093862106247
1045,2025-09-01,2,0,0.0,0,0.00,0,0,,2407.25,484.91,0.20143732474815662
1045,2025-10-01,2,2,1.0,2,1012.03,2,0,0.0,2738.60,835.74,0.3051705250858103
1045,2025-11-01,1,0,0.0,0,0.00,0,0,,1816.88,499.47,0.274905332217868
1045,2025-12-01,5,2,0.4,1,281.23,1,0,0.0,1526.95,494.21,0.3236582730279315
1045,2026-01-01,6,6,1.0,3,556.28,3,0,0.0,1773.13,633.30,0.35716501328159805
1045,2026-02-01,0,0,,2,734.72,2,2,1.0,2065.37,633.68,0.3068118545345386
1045,2026-03-01,2,1,0.5,1,437.85,1,0,0.0,2353.10,624.10,0.26522459733967957
1045,2026-04-01,4,1,0.25,0,0.00,0,0,,1554.30,633.82,0.40778485491861294
1045,2026-05-01,2,1,0.5,0,0.00,0,0,,1224.90,659.28,0.5382316923830516
1045,2026-06-01,1,1,1.0,1,542.27,0,0,,1623.71,658.56,0.40558966810575775
1046,2025-01-01,1,1,1.0,1,247.21,1,0,0.0,277.23,0.00,0.0
1046,2025-02-01,0,0,,0,0.00,0,0,,228.99,0.00,0.0
1046,2025-03-01,0,0,,0,0.00,0,0,,134.37,0.00,0.0
1046,2025-04-01,0,0,,0,0.00,0,0,,137.28,0.00,0.0
1046,2025-05-01,0,0,,0,0.00,0,0,,44.18,0.00,0.0
1046,2025-06-01,0,0,,0,0.00,0,0,,43.72,0.00,0.0
1046,2025-07-01,0,0,,0,0.00,0,0,,0.00,0.00,
1046,2025-08-01,2,1,0.5,1,330.00,1,0,0.0,436.06,0.00,0.0
1046,2025-09-01,1,0,0.0,0,0.00,0,0,,412.09,0.00,0.0
1046,2025-10-01,2,2,1.0,1,646.78,1,0,0.0,1082.48,0.00,0.0
1046,2025-11-01,0,0,,0,0.00,0,0,,928.07,0.00,0.0
1046,2025-12-01,2,0,0.0,0,0.00,0,0,,739.47,381.81,0.5163292628504199
1046,2026-01-01,0,0,,0,0.00,0,0,,432.54,0.00,0.0
1046,2026-02-01,0,0,,0,0.00,0,0,,222.26,0.00,0.0
1046,2026-03-01,0,0,,0,0.00,0,0,,218.90,0.00,0.0
1046,2026-04-01,0,0,,0,0.00,0,0,,148.21,0.00,0.0
1046,2026-05-01,0,0,,0,0.00,0,0,,154.16,0.00,0.0
1046,2026-06-01,0,0,,0,0.00,0,0,,92.41,0.00,0.0
1047,2025-01-01,1,1,1.0,1,231.06,1,0,0.0,275.55,0.00,0.0
1047,2025-02-01,0,0,,0,0.00,0,0,,227.61,0.00,0.0
1047,2025-03-01,1,0,0.0,0,0.00,0,0,,178.10,0.00,0.0
1047,2025-04-01,0,0,,0,0.00,0,0,,136.46,0.00,0.0
1047,2025-05-01,0,0,,0,0.00,0,0,,87.88,0.00,0.0
1047,2025-06-01,1,1,1.0,0,0.00,0,0,,43.47,0.00,0.0
1047,2025-07-01,1,1,1.0,0,0.00,0,0,,0.00,0.00,
1047,2025-08-01,0,0,,0,0.00,0,0,,0.00,0.00,
1047,2025-09-01,3,2,0.6666666666666666,2,933.88,2,0,0.0,1040.19,0.00,0.0
1047,2025-10-01,1,0,0.0,0,0.00,0,0,,748.35,0.00,0.0
1047,2025-11-01,0,0,,0,0.00,0,0,,461.66,0.00,0.0
1047,2025-12-01,1,0,0.0,0,0.00,0,0,,103.42,0.00,0.0
1047,2026-01-01,0,0,,0,0.00,0,0,,100.27,0.00,0.0
1047,2026-02-01,0,0,,0,0.00,0,0,,50.17,0.00,0.0
1047,2026-03-01,1,0,0.0,0,0.00,0,0,,0.00,0.00,
1047,2026-04-01,2,1,0.5,0,0.00,0,0,,0.00,0.00,
1047,2026-05-01,0,0,,0,0.00,0,0,,0.00,0.00,
1047,2026-06-01,0,0,,0,0.00,0,0,,0.00,0.00,
1048,2025-01-01,7,4,0.5714285714285714,2,357.77,2,1,0.5,412.91,0.00,0.0
1048,2025-02-01,1,0,0.0,0,0.00,0,0,,409.29,0.00,0.0
1048,2025-03-01,3,2,0.6666666666666666,1,142.35,1,0,0.0,462.79,0.00,0.0
1048,2025-04-01,4,2,0.5,2,446.87,2,1,0.5,841.31,0.00,0.0
1048,2025-05-01,3,3,1.0,1,629.86,1,0,0.0,1353.09,0.00,0.0
1048,2025-06-01,7,3,0.42857142857142855,1,88.52,1,0,0.0,1102.06,296.56,0.26909605647605395
1048,2025-07-01,5,4,0.8,3,781.41,3,0,0.0,1370.71,0.00,0.0
1048,2025-08-01,5,3,0.6,3,1267.93,3,0,0.0,2303.60,0.00,0.0
1048,2025-09-01,7,2,0.2857142857142857,0,0.00,0,0,,1826.64,0.00,0.0
1048,2025-10-01,9,4,0.4444444444444444,5,1681.05,5,1,0.2,3154.63,0.00,0.0
1048,2025-11-01,5,4,0.8,3,913.22,3,0,0.0,3208.90,0.00,0.0
1048,2025-12-01,3,1,0.3333333333333333,2,564.97,2,0,0.0,2687.75,0.00,0.0
1048,2026-01-01,2,1,0.5,1,68.02,1,0,0.0,1864.00,522.76,0.28045064377682405
1048,2026-02-01,7,5,0.7142857142857143,4,2041.66,4,1,0.25,3508.73,523.08,0.14907958150099895
1048,2026-03-01,1,0,0.0,0,0.00,0,0,,2688.09,561.97,0.20905922048740927
1048,2026-04-01,3,1,0.3333333333333333,0,0.00,0,0,,2249.84,1408.84,0.6261956405788855
1048,2026-05-01,5,4,0.8,3,2247.43,0,0,,3782.58,544.21,0.14387270064347615
1048,2026-06-01,2,2,1.0,1,87.94,0,0,,2682.95,543.61,0.2026165228573026
1049,2025-01-01,1,0,0.0,0,0.00,0,0,,0.00,0.00,
1049,2025-02-01,1,0,0.0,0,0.00,0,0,,0.00,0.00,
1049,2025-03-01,2,0,0.0,0,0.00,0,0,,0.00,0.00,
1049,2025-04-01,4,3,0.75,2,403.88,2,0,0.0,439.88,0.00,0.0
1049,2025-05-01,0,0,,1,200.79,1,0,0.0,518.99,0.00,0.0
1049,2025-06-01,0,0,,0,0.00,0,0,,184.51,0.00,0.0
1049,2025-07-01,0,0,,0,0.00,0,0,,66.58,0.00,0.0
1049,2025-08-01,1,1,1.0,1,288.98,1,1,1.0,303.00,0.00,0.0
1049,2025-09-01,0,0,,0,0.00,0,0,,312.37,0.00,0.0
1049,2025-10-01,0,0,,0,0.00,0,0,,314.11,314.11,1.0
1049,2025-11-01,3,1,0.3333333333333333,1,253.68,1,0,0.0,387.42,0.00,0.0
1049,2025-12-01,0,0,,0,0.00,0,0,,277.24,0.00,0.0
1049,2026-01-01,1,0,0.0,0,0.00,0,0,,89.62,0.00,0.0
1049,2026-02-01,2,2,1.0,2,990.50,2,1,0.5,1137.46,0.00,0.0
1049,2026-03-01,2,2,1.0,2,550.15,2,0,0.0,1553.26,0.00,0.0
1049,2026-04-01,0,0,,0,0.00,0,0,,1302.58,229.02,0.17582029510663455
1049,2026-05-01,4,2,0.5,2,851.21,0,0,,1891.80,238.22,0.12592240194523735
1049,2026-06-01,0,0,,0,0.00,0,0,,1667.04,237.96,0.14274402533832423
1050,2025-02-01,1,1,1.0,1,1264.95,1,0,0.0,1345.82,0.00,0.0
1050,2025-03-01,0,0,,0,0.00,0,0,,877.60,0.00,0.0
1050,2025-04-01,0,0,,0,0.00,0,0,,896.55,0.00,0.0
1050,2025-05-01,1,1,1.0,1,433.93,1,0,0.0,1343.35,866.19,0.6447984516321138
1050,2025-06-01,1,1,1.0,1,272.90,1,0,0.0,680.76,0.00,0.0
1050,2025-07-01,0,0,,0,0.00,0,0,,508.86,0.00,0.0
1050,2025-08-01,1,1,1.0,1,393.23,1,0,0.0,777.95,0.00,0.0
1050,2025-09-01,1,1,1.0,0,0.00,0,0,,621.13,0.00,0.0
1050,2025-10-01,2,1,0.5,1,257.00,1,0,0.0,544.07,0.00,0.0
1050,2025-11-01,1,0,0.0,0,0.00,0,0,,296.50,0.00,0.0
1050,2025-12-01,3,3,1.0,1,438.96,1,0,0.0,700.79,0.00,0.0
1050,2026-01-01,1,1,1.0,2,420.67,2,0,0.0,986.63,0.00,0.0
1050,2026-02-01,0,0,,0,0.00,0,0,,694.24,0.00,0.0
1050,2026-03-01,0,0,,0,0.00,0,0,,566.73,0.00,0.0
1050,2026-04-01,1,1,1.0,0,0.00,0,0,,255.70,0.00,0.0
1050,2026-05-01,1,1,1.0,1,351.60,0,0,,496.75,0.00,0.0
1050,2026-06-01,0,0,,0,0.00,0,0,,282.59,0.00,0.0
1051,2025-01-01,1,1,1.0,1,289.66,1,1,1.0,326.52,0.00,0.0
1051,2025-02-01,0,0,,0,0.00,0,0,,323.66,0.00,0.0
1051,2025-03-01,2,1,0.5,1,397.44,1,0,0.0,700.76,269.09,0.3839973742793538
1051,2025-04-01,0,0,,0,0.00,0,0,,443.92,0.00,0.0
1051,2025-05-01,1,1,1.0,1,91.70,1,0,0.0,398.72,0.00,0.0
1051,2025-06-01,0,0,,0,0.00,0,0,,280.28,77.29,0.27575995433138295
1051,2025-07-01,0,0,,0,0.00,0,0,,157.33,77.37,0.4917688934087586
1051,2025-08-01,1,1,1.0,0,0.00,0,0,,159.87,78.62,0.49177456683555393
1051,2025-09-01,3,2,0.6666666666666666,2,436.80,2,0,0.0,672.17,81.05,0.12057961527589747
1051,2025-10-01,1,0,0.0,0,0.00,0,0,,515.79,81.51,0.15802943058221372
1051,2025-11-01,0,0,,0,0.00,0,0,,344.55,83.49,0.24231606443186762
1051,2025-12-01,2,1,0.5,0,0.00,0,0,,340.92,140.69,0.412677460987915
1051,2026-01-01,0,0,,0,0.00,0,0,,246.65,80.09,0.32471112913034667
1051,2026-02-01,0,0,,0,0.00,0,0,,107.75,80.14,0.7437587006960557
1051,2026-03-01,0,0,,0,0.00,0,0,,97.06,78.93,0.8132083247475789
1051,2026-04-01,0,0,,0,0.00,0,0,,98.57,80.16,0.8132291772344526
1051,2026-05-01,1,0,0.0,0,0.00,0,0,,92.95,83.38,0.8970414201183431
1051,2026-06-01,2,2,1.0,1,680.63,0,0,,807.29,83.29,0.10317234203322227
1052,2025-01-01,4,3,0.75,3,799.23,3,0,0.0,854.08,0.00,0.0
1052,2025-02-01,1,1,1.0,1,138.82,1,0,0.0,685.88,0.00,0.0
1052,2025-03-01,1,0,0.0,0,0.00,0,0,,332.69,0.00,0.0
1052,2025-04-01,7,6,0.8571428571428571,6,1235.72,6,1,0.16666666666666666,1628.82,0.00,0.0
1052,2025-05-01,2,1,0.5,1,123.40,1,0,0.0,1444.85,0.00,0.0
1052,2025-06-01,2,2,1.0,2,722.25,2,0,0.0,1944.44,222.53,0.11444426158688363
1052,2025-07-01,1,1,1.0,1,557.86,1,0,0.0,2123.31,187.79,0.088442102189506
1052,2025-08-01,0,0,,0,0.00,0,0,,1727.58,678.04,0.392479653619514
1052,2025-09-01,2,1,0.5,0,0.00,0,0,,1680.56,489.87,0.29149212167372784
1052,2025-10-01,3,1,0.3333333333333333,1,304.37,1,1,1.0,1450.05,601.90,0.4150891348574187
1052,2025-11-01,3,1,0.3333333333333333,0,0.00,0,0,,1311.88,839.35,0.6398069945421837
1052,2025-12-01,3,2,0.6666666666666666,2,1252.17,2,1,0.5,2253.58,578.35,0.2566361078816816
1052,2026-01-01,3,0,0.0,0,0.00,0,0,,1679.35,499.70,0.29755560186977104
1052,2026-02-01,0,0,,0,0.00,0,0,,1436.43,194.51,0.13541209804863444
1052,2026-03-01,1,0,0.0,0,0.00,0,0,,893.44,372.11,0.41649131446991405
1052,2026-04-01,3,1,0.3333333333333333,1,95.75,1,0,0.0,778.11,625.06,0.8033054452455307
1052,2026-05-01,3,2,0.6666666666666666,1,280.78,0,0,,1093.78,701.90,0.6417195414068643
1052,2026-06-01,3,3,1.0,2,361.31,0,0,,1320.67,649.46,0.4917655432469883
1053,2025-01-01,4,2,0.5,2,395.71,2,0,0.0,447.98,0.00,0.0
1053,2025-02-01,1,1,1.0,0,0.00,0,0,,349.23,0.00,0.0
1053,2025-03-01,0,0,,1,232.91,1,0,0.0,438.41,0.00,0.0
1053,2025-04-01,0,0,,0,0.00,0,0,,353.12,0.00,0.0
1053,2025-05-01,2,1,0.5,1,271.72,1,0,0.0,487.90,0.00,0.0
1053,2025-06-01,1,1,1.0,0,0.00,0,0,,328.43,0.00,0.0
1053,2025-07-01,0,0,,0,0.00,0,0,,99.29,0.00,0.0
1053,2025-08-01,1,1,1.0,1,107.71,1,1,1.0,117.15,0.00,0.0
1053,2025-09-01,4,0,0.0,0,0.00,0,0,,120.77,0.00,0.0
1053,2025-10-01,3,2,0.6666666666666666,2,766.99,2,0,0.0,967.53,121.44,0.12551548789184833
1053,2025-11-01,4,0,0.0,0,0.00,0,0,,674.55,0.00,0.0
1053,2025-12-01,0,0,,0,0.00,0,0,,391.77,0.00,0.0
1053,2026-01-01,3,0,0.0,0,0.00,0,0,,253.24,0.00,0.0
1053,2026-02-01,2,2,1.0,1,111.15,1,0,0.0,370.39,0.00,0.0
1053,2026-03-01,3,2,0.6666666666666666,0,0.00,0,0,,326.39,249.56,0.764606758785502
1053,2026-04-01,2,1,0.5,1,477.29,1,0,0.0,807.62,253.45,0.31382333275550384
1053,2026-05-01,2,0,0.0,1,138.99,0,0,,919.60,263.63,0.28667899086559373
1053,2026-06-01,2,2,1.0,2,667.77,0,0,,1692.73,263.34,0.15557117791969186
1054,2025-03-01,1,0,0.0,0,0.00,0,0,,0.00,0.00,
1054,2025-07-01,1,0,0.0,0,0.00,0,0,,0.00,0.00,
1054,2025-08-01,1,0,0.0,0,0.00,0,0,,0.00,0.00,
1054,2025-09-01,1,0,0.0,0,0.00,0,0,,0.00,0.00,
1054,2025-12-01,2,0,0.0,0,0.00,0,0,,0.00,0.00,
1054,2026-02-01,1,1,1.0,1,582.54,1,0,0.0,647.71,0.00,0.0
1054,2026-03-01,1,1,1.0,0,0.00,0,0,,545.39,0.00,0.0
1054,2026-04-01,0,0,,1,121.44,1,0,0.0,565.47,0.00,0.0
1054,2026-05-01,0,0,,0,0.00,0,0,,409.13,0.00,0.0
1054,2026-06-01,1,0,0.0,0,0.00,0,0,,235.71,0.00,0.0
1055,2025-02-01,2,1,0.5,0,0.00,0,0,,0.00,0.00,
1055,2025-03-01,0,0,,1,230.33,1,0,0.0,182.67,0.00,0.0
1055,2025-04-01,1,1,1.0,1,194.42,1,0,0.0,367.32,0.00,0.0
1055,2025-05-01,0,0,,0,0.00,0,0,,279.72,0.00,0.0
1055,2025-06-01,0,0,,0,0.00,0,0,,253.01,0.00,0.0
1055,2025-07-01,0,0,,0,0.00,0,0,,116.27,0.00,0.0
1055,2025-08-01,0,0,,0,0.00,0,0,,118.15,0.00,0.0
1055,2025-09-01,0,0,,0,0.00,0,0,,81.22,0.00,0.0
1055,2025-10-01,0,0,,0,0.00,0,0,,0.00,0.00,
1055,2025-11-01,0,0,,0,0.00,0,0,,0.00,0.00,
1055,2025-12-01,0,0,,0,0.00,0,0,,0.00,0.00,
1055,2026-01-01,1,0,0.0,0,0.00,0,0,,0.00,0.00,
1055,2026-02-01,0,0,,0,0.00,0,0,,0.00,0.00,
1055,2026-03-01,2,1,0.5,1,542.61,1,0,0.0,627.05,0.00,0.0
1055,2026-04-01,0,0,,0,0.00,0,0,,530.68,0.00,0.0
1055,2026-05-01,1,1,1.0,1,567.01,0,0,,1225.07,0.00,0.0
1055,2026-06-01,2,0,0.0,0,0.00,0,0,,1223.74,551.39,0.45057773710101817
1056,2025-01-01,2,2,1.0,2,574.75,2,0,0.0,707.44,0.00,0.0
1056,2025-02-01,1,1,1.0,1,592.25,1,0,0.0,1361.86,0.00,0.0
1056,2025-03-01,0,0,,0,0.00,0,0,,1139.30,0.00,0.0
1056,2025-04-01,1,0,0.0,0,0.00,0,0,,966.96,0.00,0.0
1056,2025-05-01,3,2,0.6666666666666666,0,0.00,0,0,,743.94,0.00,0.0
1056,2025-06-01,0,0,,1,502.51,1,0,0.0,1074.94,0.00,0.0
1056,2025-07-01,0,0,,0,0.00,0,0,,711.70,0.00,0.0
1056,2025-08-01,0,0,,0,0.00,0,0,,210.54,0.00,0.0
1056,2025-09-01,0,0,,0,0.00,0,0,,173.67,0.00,0.0
1056,2025-10-01,1,1,1.0,0,0.00,0,0,,87.39,0.00,0.0
1056,2025-11-01,0,0,,1,250.74,1,0,0.0,425.50,0.00,0.0
1056,2025-12-01,3,3,1.0,3,1173.20,3,1,0.3333333333333333,1725.41,0.00,0.0
1056,2026-01-01,3,0,0.0,0,0.00,0,0,,1493.37,0.00,0.0
1056,2026-02-01,0,0,,0,0.00,0,0,,1357.66,374.06,0.27551817097064063
1056,2026-03-01,0,0,,0,0.00,0,0,,1176.11,368.40,0.31323600683609526
1056,2026-04-01,1,0,0.0,0,0.00,0,0,,1084.69,374.14,0.3449280439572596
1056,2026-05-01,2,0,0.0,0,0.00,0,0,,1014.10,389.17,0.3837589981264175
1056,2026-06-01,3,1,0.3333333333333333,1,208.10,0,0,,1128.66,388.75,0.34443499370935443
1057,2025-01-01,3,1,0.3333333333333333,1,223.30,1,0,0.0,238.52,0.00,0.0
1057,2025-02-01,1,1,1.0,0,0.00,0,0,,154.97,0.00,0.0
1057,2025-03-01,2,2,1.0,1,318.16,1,0,0.0,415.05,0.00,0.0
1057,2025-04-01,2,1,0.5,0,0.00,0,0,,227.03,0.00,0.0
1057,2025-05-01,0,0,,0,0.00,0,0,,110.06,0.00,0.0
1057,2025-06-01,2,1,0.5,1,158.18,1,0,0.0,183.94,0.00,0.0
1057,2025-07-01,0,0,,0,0.00,0,0,,129.32,0.00,0.0
1057,2025-08-01,4,2,0.5,2,522.92,2,1,0.5,641.18,0.00,0.0
1057,2025-09-01,5,3,0.6,3,1129.81,3,0,0.0,1762.34,0.00,0.0
1057,2025-10-01,5,3,0.6,2,1623.58,2,0,0.0,3281.33,216.45,0.0659641060179866
1057,2025-11-01,2,1,0.5,1,105.55,1,0,0.0,2583.42,162.50,0.06290111557547746
1057,2025-12-01,3,2,0.6666666666666666,2,464.20,2,0,0.0,2106.65,0.00,0.0
1057,2026-01-01,1,0,0.0,0,0.00,0,0,,1241.65,0.00,0.0
1057,2026-02-01,2,1,0.5,0,0.00,0,0,,1018.12,0.00,0.0
1057,2026-03-01,5,3,0.6,3,958.79,3,0,0.0,1486.03,0.00,0.0
1057,2026-04-01,2,1,0.5,1,605.66,1,0,0.0,2118.45,0.00,0.0
1057,2026-05-01,3,2,0.6666666666666666,1,196.80,0,0,,1530.59,0.00,0.0
1057,2026-06-01,3,2,0.6666666666666666,2,238.75,0,0,,1562.87,0.00,0.0
1058,2025-01-01,3,3,1.0,3,980.11,3,0,0.0,1110.53,0.00,0.0
1058,2025-02-01,1,1,1.0,1,818.09,1,0,0.0,1860.08,0.00,0.0
1058,2025-03-01,1,1,1.0,1,154.61,1,0,0.0,1568.86,0.00,0.0
1058,2025-04-01,4,1,0.25,0,0.00,0,0,,1129.57,0.00,0.0
1058,2025-05-01,2,1,0.5,0,0.00,0,0,,656.94,0.00,0.0
1058,2025-06-01,2,2,1.0,2,690.83,2,0,0.0,934.37,0.00,0.0
1058,2025-07-01,1,1,1.0,0,0.00,0,0,,529.23,0.00,0.0
1058,2025-08-01,3,2,0.6666666666666666,2,666.82,2,0,0.0,1054.10,0.00,0.0
1058,2025-09-01,2,1,0.5,1,608.15,1,0,0.0,1470.02,0.00,0.0
1058,2025-10-01,2,1,0.5,1,86.83,1,0,0.0,864.33,0.00,0.0
1058,2025-11-01,1,0,0.0,0,0.00,0,0,,466.63,0.00,0.0
1058,2025-12-01,1,1,1.0,1,224.51,1,1,1.0,501.76,0.00,0.0
1058,2026-01-01,1,1,1.0,1,189.99,1,0,0.0,545.89,0.00,0.0
1058,2026-02-01,0,0,,0,0.00,0,0,,492.22,0.00,0.0
1058,2026-03-01,2,2,1.0,1,160.14,1,0,0.0,635.43,226.20,0.355979415513904
1058,2026-04-01,3,1,0.3333333333333333,2,807.32,2,0,0.0,1482.10,229.72,0.15499628904932192
1058,2026-05-01,2,1,0.5,1,154.81,0,0,,1487.88,256.21,0.17219802672258513
1058,2026-06-01,0,0,,0,0.00,0,0,,1200.24,238.69,0.19886855962140904
1059,2025-01-01,1,0,0.0,0,0.00,0,0,,0.00,0.00,
1059,2025-02-01,1,0,0.0,0,0.00,0,0,,0.00,0.00,
1059,2025-04-01,2,1,0.5,1,424.08,1,0,0.0,458.66,0.00,0.0
1059,2025-05-01,0,0,,0,0.00,0,0,,295.42,0.00,0.0
1059,2025-06-01,1,1,1.0,1,212.92,1,0,0.0,533.18,0.00,0.0
1059,2025-07-01,2,1,0.5,1,238.15,1,0,0.0,757.65,292.67,0.386286543918696
1059,2025-08-01,2,2,1.0,1,158.60,1,0,0.0,593.94,0.00,0.0
1059,2025-09-01,1,1,1.0,1,342.58,1,0,0.0,929.57,0.00,0.0
1059,2025-10-01,2,2,1.0,1,204.04,1,0,0.0,915.50,0.00,0.0
1059,2025-11-01,1,1,1.0,1,146.07,1,0,0.0,845.34,0.00,0.0
1059,2025-12-01,4,2,0.5,1,127.85,1,0,0.0,897.62,0.00,0.0
1059,2026-01-01,1,1,1.0,1,209.41,1,0,0.0,832.41,0.00,0.0
1059,2026-02-01,1,0,0.0,0,0.00,0,0,,647.74,0.00,0.0
1059,2026-03-01,1,1,1.0,1,212.81,1,0,0.0,627.49,139.55,0.22239398237422112
1059,2026-04-01,3,0,0.0,0,0.00,0,0,,288.89,0.00,0.0
1059,2026-05-01,0,0,,0,0.00,0,0,,181.41,0.00,0.0
1059,2026-06-01,1,1,1.0,1,191.61,0,0,,341.46,0.00,0.0
1060,2025-01-01,2,1,0.5,1,80.58,1,0,0.0,88.49,0.00,0.0
1060,2025-02-01,2,1,0.5,1,253.66,1,0,0.0,387.82,0.00,0.0
1060,2025-03-01,4,2,0.5,0,0.00,0,0,,342.57,0.00,0.0
1060,2025-04-01,4,1,0.25,3,900.81,3,1,0.3333333333333333,1293.78,0.00,0.0
1060,2025-05-01,4,3,0.75,1,198.90,1,0,0.0,1342.85,0.00,0.0
1060,2025-06-01,2,0,0.0,1,418.45,1,0,0.0,1683.83,0.00,0.0
1060,2025-07-01,3,3,1.0,1,291.03,1,0,0.0,1409.46,0.00,0.0
1060,2025-08-01,3,2,0.6666666666666666,3,804.65,3,0,0.0,1830.67,0.00,0.0
1060,2025-09-01,4,2,0.5,1,280.36,1,0,0.0,1342.73,0.00,0.0
1060,2025-10-01,5,3,0.6,2,709.39,2,0,0.0,1734.03,58.16,0.03354036550694048
1060,2025-11-01,2,2,1.0,2,914.19,2,0,0.0,2022.22,403.83,0.1996963732927179
1060,2025-12-01,1,1,1.0,1,197.58,1,0,0.0,1648.54,397.13,0.24089800672109868
1060,2026-01-01,3,1,0.3333333333333333,1,579.92,1,0,0.0,1665.24,395.53,0.23752131824842063
1060,2026-02-01,4,4,1.0,3,932.16,3,0,0.0,2053.04,386.35,0.18818435101118344
1060,2026-03-01,2,0,0.0,0,0.00,0,0,,1595.48,390.37,0.24467244967031865
1060,2026-04-01,3,2,0.6666666666666666,1,128.56,1,0,0.0,1123.52,455.14,0.405101822842495
1060,2026-05-01,4,2,0.5,1,475.60,0,0,,1308.41,383.25,0.29291277199043114
1060,2026-06-01,2,0,0.0,0,0.00,0,0,,962.49,389.80,0.40499122068800714
1061,2025-01-01,4,3,0.75,1,403.14,1,0,0.0,436.72,0.00,0.0
1061,2025-02-01,6,2,0.3333333333333333,2,681.68,2,0,0.0,800.35,0.00,0.0
1061,2025-03-01,4,2,0.5,1,331.11,1,0,0.0,798.13,0.00,0.0
1061,2025-04-01,4,3,0.75,2,606.61,2,0,0.0,875.17,0.00,0.0
1061,2025-05-01,7,4,0.5714285714285714,3,481.87,3,0,0.0,1050.15,0.00,0.0
1061,2025-06-01,2,2,1.0,3,1451.05,3,0,0.0,2014.14,0.00,0.0
1061,2025-07-01,3,1,0.3333333333333333,0,0.00,0,0,,1431.27,0.00,0.0
1061,2025-08-01,2,2,1.0,2,696.99,2,0,0.0,1227.77,0.00,0.0
1061,2025-09-01,1,0,0.0,0,0.00,0,0,,828.82,0.00,0.0
1061,2025-10-01,3,2,0.6666666666666666,2,398.02,2,0,0.0,1061.50,0.00,0.0
1061,2025-11-01,5,4,0.8,3,284.02,3,0,0.0,1193.15,0.00,0.0
1061,2025-12-01,1,0,0.0,0,0.00,0,0,,775.68,0.00,0.0
1061,2026-01-01,8,2,0.25,0,0.00,0,0,,579.36,0.00,0.0
1061,2026-02-01,4,4,1.0,4,2117.41,4,1,0.25,2738.09,188.90,0.0689896971976816
1061,2026-03-01,1,0,0.0,0,0.00,0,0,,2609.66,190.87,0.07313979598874949
1061,2026-04-01,4,4,1.0,3,1045.20,3,0,0.0,3683.11,2139.68,0.5809438219330946
1061,2026-05-01,2,2,1.0,2,553.93,0,0,,3955.61,2119.58,0.535841501057991
1061,2026-06-01,2,1,0.5,1,232.96,0,0,,3941.77,2155.84,0.5469218143118447
1062,2025-01-01,2,0,0.0,0,0.00,0,0,,0.00,0.00,
1062,2025-03-01,1,1,1.0,1,314.69,1,0,0.0,337.74,0.00,0.0
1062,2025-04-01,1,0,0.0,0,0.00,0,0,,230.02,0.00,0.0
1062,2025-05-01,1,1,1.0,1,462.40,1,1,1.0,640.68,0.00,0.0
1062,2025-06-01,0,0,,0,0.00,0,0,,524.03,0.00,0.0
1062,2025-07-01,0,0,,0,0.00,0,0,,524.63,524.63,1.0
1062,2025-08-01,1,0,0.0,0,0.00,0,0,,399.84,399.84,1.0
1062,2025-09-01,0,0,,0,0.00,0,0,,412.20,412.20,1.0
1062,2025-10-01,1,1,1.0,0,0.00,0,0,,414.50,414.50,1.0
1062,2025-11-01,1,1,1.0,1,127.57,1,0,0.0,579.82,424.58,0.7322617364009519
1062,2025-12-01,1,0,0.0,0,0.00,0,0,,573.71,420.11,0.7322689163514667
1062,2026-01-01,1,1,1.0,1,73.06,1,0,0.0,587.60,407.32,0.6931926480599047
1062,2026-02-01,1,0,0.0,0,0.00,0,0,,518.01,407.57,0.7867994826354704
1062,2026-03-01,2,2,1.0,2,481.71,2,2,1.0,1012.94,401.41,0.3962821095030308
1062,2026-04-01,0,0,,0,0.00,0,0,,1008.46,407.66,0.40424012851278185
1062,2026-05-01,1,1,1.0,1,668.92,0,0,,1553.37,593.81,0.38227209228966696
1062,2026-06-01,0,0,,0,0.00,0,0,,949.34,423.57,0.44617313080666565
1063,2025-01-01,2,1,0.5,1,165.12,1,0,0.0,177.58,0.00,0.0
1063,2025-02-01,0,0,,0,0.00,0,0,,115.38,0.00,0.0
1063,2025-03-01,2,1,0.5,0,0.00,0,0,,58.55,0.00,0.0
1063,2025-04-01,0,0,,0,0.00,0,0,,0.00,0.00,
1063,2025-05-01,1,1,1.0,1,185.73,1,0,0.0,202.17,0.00,0.0
1063,2025-06-01,0,0,,0,0.00,0,0,,160.45,0.00,0.0
1063,2025-07-01,1,1,1.0,1,204.88,1,0,0.0,357.31,0.00,0.0
1063,2025-08-01,1,0,0.0,0,0.00,0,0,,261.35,0.00,0.0
1063,2025-09-01,2,0,0.0,0,0.00,0,0,,218.25,0.00,0.0
1063,2025-10-01,1,0,0.0,0,0.00,0,0,,168.71,53.26,0.3156896449528777
1063,2025-11-01,0,0,,0,0.00,0,0,,130.36,53.31,0.40894446149125496
1063,2025-12-01,1,1,1.0,1,276.82,1,0,0.0,403.92,52.43,0.1298029312735195
1063,2026-01-01,1,0,0.0,0,0.00,0,0,,286.47,52.22,0.18228784864034625
1063,2026-02-01,2,2,1.0,2,520.99,2,0,0.0,803.63,51.01,0.06347448452646118
1063,2026-03-01,1,1,1.0,1,175.95,1,0,0.0,714.76,51.54,0.07210812020818176
1063,2026-04-01,2,1,0.5,1,241.26,1,0,0.0,585.00,51.08,0.08731623931623932
1063,2026-05-01,1,1,1.0,1,226.52,0,0,,595.16,50.60,0.08501915451307213
1063,2026-06-01,0,0,,0,0.00,0,0,,327.69,51.46,0.15703866459153468
1064,2025-01-01,2,0,0.0,0,0.00,0,0,,0.00,0.00,
1064,2025-02-01,1,1,1.0,0,0.00,0,0,,0.00,0.00,
1064,2025-04-01,3,2,0.6666666666666666,2,643.50,2,0,0.0,810.20,0.00,0.0
1064,2025-05-01,1,0,0.0,0,0.00,0,0,,682.52,0.00,0.0
1064,2025-06-01,0,0,,0,0.00,0,0,,576.20,0.00,0.0
1064,2025-07-01,5,4,0.8,1,311.06,1,0,0.0,818.44,0.00,0.0
1064,2025-08-01,2,2,1.0,4,1646.77,4,1,0.25,2495.61,0.00,0.0
1064,2025-09-01,1,1,1.0,1,202.02,1,0,0.0,2030.96,0.00,0.0
1064,2025-10-01,3,3,1.0,2,665.87,2,0,0.0,2020.49,0.00,0.0
1064,2025-11-01,2,1,0.5,2,662.89,2,0,0.0,2026.66,0.00,0.0
1064,2025-12-01,2,1,0.5,1,1108.29,1,0,0.0,2233.14,87.05,0.03898098641374925
1064,2026-01-01,1,0,0.0,0,0.00,0,0,,1664.70,0.00,0.0
1064,2026-02-01,3,0,0.0,0,0.00,0,0,,255.16,0.00,0.0
1064,2026-03-01,6,3,0.5,3,864.51,3,1,0.3333333333333333,1061.57,0.00,0.0
1064,2026-04-01,4,1,0.25,1,172.82,1,1,1.0,1094.38,0.00,0.0
1064,2026-05-01,0,0,,0,0.00,0,0,,954.67,0.00,0.0
1064,2026-06-01,1,0,0.0,0,0.00,0,0,,604.39,0.00,0.0
1065,2025-01-01,5,2,0.4,2,561.96,2,0,0.0,626.49,0.00,0.0
1065,2025-02-01,2,1,0.5,0,0.00,0,0,,396.75,0.00,0.0
1065,2025-03-01,2,2,1.0,2,351.48,2,0,0.0,769.31,0.00,0.0
1065,2025-04-01,1,1,1.0,1,597.98,1,0,0.0,916.68,0.00,0.0
1065,2025-05-01,3,2,0.6666666666666666,1,296.01,1,0,0.0,908.56,0.00,0.0
1065,2025-06-01,0,0,,0,0.00,0,0,,765.62,0.00,0.0
1065,2025-07-01,1,1,1.0,0,0.00,0,0,,267.41,0.00,0.0
1065,2025-08-01,2,2,1.0,0,0.00,0,0,,271.73,0.00,0.0
1065,2025-09-01,3,1,0.3333333333333333,0,0.00,0,0,,248.99,0.00,0.0
1065,2025-10-01,1,1,1.0,0,0.00,0,0,,219.07,0.00,0.0
1065,2025-11-01,4,2,0.5,2,173.04,2,0,0.0,390.98,0.00,0.0
1065,2025-12-01,3,1,0.3333333333333333,0,0.00,0,0,,271.68,0.00,0.0
1065,2026-01-01,2,2,1.0,2,421.12,2,0,0.0,700.74,0.00,0.0
1065,2026-02-01,2,1,0.5,0,0.00,0,0,,529.19,0.00,0.0
1065,2026-03-01,2,1,0.5,2,1058.09,2,0,0.0,1462.77,0.00,0.0
1065,2026-04-01,2,2,1.0,1,132.68,1,1,1.0,1265.14,0.00,0.0
1065,2026-05-01,1,1,1.0,1,191.25,0,0,,1082.92,0.00,0.0
1065,2026-06-01,1,1,1.0,1,257.19,0,0,,942.21,0.00,0.0
1066,2025-01-01,1,1,1.0,0,0.00,0,0,,0.00,0.00,
1066,2025-02-01,1,0,0.0,1,44.76,1,0,0.0,35.24,0.00,0.0
1066,2025-03-01,0,0,,0,0.00,0,0,,23.84,0.00,0.0
1066,2025-04-01,0,0,,0,0.00,0,0,,24.13,0.00,0.0
1066,2025-05-01,0,0,,0,0.00,0,0,,4.68,0.00,0.0
1066,2025-06-01,1,0,0.0,0,0.00,0,0,,0.00,0.00,
1066,2025-07-01,1,1,1.0,1,397.26,1,1,1.0,447.14,0.00,0.0
1066,2025-08-01,1,1,1.0,1,448.21,1,0,0.0,951.88,0.00,0.0
1066,2025-09-01,0,0,,0,0.00,0,0,,598.69,0.00,0.0
1066,2025-10-01,2,1,0.5,1,159.48,1,0,0.0,379.01,0.00,0.0
1066,2025-11-01,2,1,0.5,1,193.40,1,0,0.0,443.84,0.00,0.0
1066,2025-12-01,0,0,,0,0.00,0,0,,239.10,0.00,0.0
1066,2026-01-01,0,0,,0,0.00,0,0,,145.04,0.00,0.0
1066,2026-02-01,0,0,,0,0.00,0,0,,50.73,0.00,0.0
1066,2026-03-01,2,2,1.0,1,564.64,1,0,0.0,645.52,0.00,0.0
1066,2026-04-01,1,0,0.0,0,0.00,0,0,,479.81,0.00,0.0
1066,2026-05-01,0,0,,0,0.00,0,0,,316.87,0.00,0.0
1066,2026-06-01,3,1,0.3333333333333333,1,154.49,0,0,,326.88,0.00,0.0
1067,2025-01-01,2,1,0.5,1,357.85,1,1,1.0,383.45,0.00,0.0
1067,2025-02-01,0,0,,0,0.00,0,0,,380.09,0.00,0.0
1067,2025-03-01,0,0,,0,0.00,0,0,,297.42,297.42,1.0
1067,2025-04-01,2,1,0.5,0,0.00,0,0,,253.20,253.20,1.0
1067,2025-05-01,1,1,1.0,0,0.00,0,0,,0.00,0.00,
1067,2025-06-01,0,0,,0,0.00,0,0,,0.00,0.00,
1067,2025-07-01,0,0,,0,0.00,0,0,,0.00,0.00,
1067,2025-08-01,0,0,,0,0.00,0,0,,0.00,0.00,
1067,2025-09-01,1,0,0.0,0,0.00,0,0,,0.00,0.00,
1067,2025-10-01,0,0,,0,0.00,0,0,,0.00,0.00,
1067,2025-11-01,1,0,0.0,0,0.00,0,0,,0.00,0.00,
1067,2025-12-01,1,1,1.0,1,88.86,1,0,0.0,96.67,0.00,0.0
1067,2026-01-01,1,0,0.0,0,0.00,0,0,,62.49,0.00,0.0
1067,2026-02-01,0,0,,0,0.00,0,0,,62.53,0.00,0.0
1067,2026-03-01,1,0,0.0,0,0.00,0,0,,30.80,0.00,0.0
1067,2026-04-01,1,1,1.0,1,255.58,1,0,0.0,285.55,0.00,0.0
1067,2026-05-01,1,0,0.0,0,0.00,0,0,,222.77,0.00,0.0
1067,2026-06-01,1,0,0.0,0,0.00,0,0,,148.37,0.00,0.0
1068,2025-01-01,4,3,0.75,2,811.34,2,0,0.0,919.55,0.00,0.0
1068,2025-02-01,1,0,0.0,1,309.56,1,0,0.0,1091.16,0.00,0.0
1068,2025-03-01,0,0,,0,0.00,0,0,,984.51,0.00,0.0
1068,2025-04-01,2,1,0.5,1,46.31,1,1,1.0,752.74,0.00,0.0
1068,2025-05-01,2,2,1.0,2,355.00,2,0,0.0,835.92,0.00,0.0
1068,2025-06-01,1,0,0.0,0,0.00,0,0,,544.72,47.37,0.08696210897341752
1068,2025-07-01,1,1,1.0,1,175.33,1,1,1.0,570.17,47.42,0.08316817791185085
1068,2025-08-01,0,0,,0,0.00,0,0,,416.41,48.19,0.11572728800941379
1068,2025-09-01,1,1,1.0,0,0.00,0,0,,208.50,49.68,0.23827338129496403
1068,2025-10-01,2,1,0.5,1,496.17,1,0,0.0,652.12,49.96,0.07661166656443599
1068,2025-11-01,3,2,0.6666666666666666,1,334.35,1,0,0.0,796.05,51.17,0.06427988191696501
1068,2025-12-01,2,1,0.5,1,269.70,1,0,0.0,775.62,50.63,0.06527681080941698
1068,2026-01-01,1,1,1.0,1,240.13,1,0,0.0,773.40,49.09,0.0634729764675459
1068,2026-02-01,2,2,1.0,2,806.11,2,0,0.0,1394.07,49.12,0.03523495950705488
1068,2026-03-01,0,0,,0,0.00,0,0,,874.53,48.38,0.05532114392873887
1068,2026-04-01,4,2,0.5,2,379.41,2,0,0.0,977.50,49.13,0.05026086956521739
1068,2026-05-01,2,1,0.5,1,644.07,0,0,,1375.39,51.11,0.037160369058957816
1068,2026-06-01,1,0,0.0,0,0.00,0,0,,1123.20,51.05,0.04545049857549857
1069,2025-01-01,2,1,0.5,0,0.00,0,0,,0.00,0.00,
1069,2025-02-01,3,1,0.3333333333333333,2,405.15,2,1,0.5,435.31,0.00,0.0
1069,2025-03-01,4,3,0.75,2,533.74,2,0,0.0,929.01,0.00,0.0
1069,2025-04-01,1,0,0.0,1,136.90,1,0,0.0,865.05,155.37,0.17960811513785332
1069,2025-05-01,4,3,0.75,2,608.61,2,0,0.0,1207.13,150.11,0.12435280375767316
1069,2025-06-01,1,1,1.0,0,0.00,0,0,,895.07,148.54,0.16595350084350943
1069,2025-07-01,2,0,0.0,0,0.00,0,0,,463.95,148.71,0.3205302295505981
1069,2025-08-01,3,2,0.6666666666666666,2,550.05,2,0,0.0,877.09,151.11,0.17228562633253144
1069,2025-09-01,3,1,0.3333333333333333,1,83.29,1,0,0.0,884.40,155.79,0.17615332428765265
1069,2025-10-01,4,2,0.5,2,358.77,2,0,0.0,1107.39,156.66,0.14146777558041881
1069,2025-11-01,3,2,0.6666666666666666,1,199.46,1,0,0.0,1097.32,160.46,0.1462289942769657
1069,2025-12-01,7,3,0.42857142857142855,2,675.84,2,0,0.0,1422.47,158.77,0.11161571070040142
1069,2026-01-01,1,0,0.0,0,0.00,0,0,,932.13,153.94,0.1651486380655059
1069,2026-02-01,3,0,0.0,0,0.00,0,0,,605.22,154.03,0.2545024949605102
1069,2026-03-01,3,3,1.0,3,412.87,3,0,0.0,713.38,228.12,0.3197734727634641
1069,2026-04-01,3,2,0.6666666666666666,1,252.97,1,0,0.0,859.52,154.07,0.17925120997766195
1069,2026-05-01,2,1,0.5,1,393.57,0,0,,1169.08,160.26,0.13708215006671914
1069,2026-06-01,2,1,0.5,1,480.95,0,0,,1461.94,160.08,0.10949833782508174
1070,2025-02-01,2,1,0.5,1,516.69,1,0,0.0,540.88,0.00,0.0
1070,2025-03-01,2,0,0.0,0,0.00,0,0,,352.70,0.00,0.0
1070,2025-04-01,2,2,1.0,1,285.09,1,0,0.0,493.67,0.00,0.0
1070,2025-05-01,3,2,0.6666666666666666,1,163.76,1,0,0.0,375.85,0.00,0.0
1070,2025-06-01,0,0,,0,0.00,0,0,,214.65,0.00,0.0
1070,2025-07-01,1,0,0.0,0,0.00,0,0,,57.43,0.00,0.0
1070,2025-08-01,1,1,1.0,1,122.09,1,0,0.0,181.36,0.00,0.0
1070,2025-09-01,0,0,,0,0.00,0,0,,161.61,60.16,0.37225419219107725
1070,2025-10-01,1,0,0.0,0,0.00,0,0,,76.52,0.00,0.0
1070,2025-11-01,3,1,0.3333333333333333,1,188.33,1,0,0.0,295.80,0.00,0.0
1070,2025-12-01,1,0,0.0,0,0.00,0,0,,241.00,0.00,0.0
1070,2026-01-01,0,0,,0,0.00,0,0,,183.85,0.00,0.0
1070,2026-02-01,0,0,,0,0.00,0,0,,139.14,0.00,0.0
1070,2026-03-01,0,0,,0,0.00,0,0,,137.04,137.04,1.0
1070,2026-04-01,1,0,0.0,0,0.00,0,0,,69.59,0.00,0.0
1070,2026-05-01,1,1,1.0,1,2010.65,0,0,,2162.73,0.00,0.0
1070,2026-06-01,2,2,1.0,2,548.36,0,0,,2030.81,0.00,0.0
1071,2025-04-01,2,2,1.0,1,225.79,1,0,0.0,242.42,0.00,0.0
1071,2025-05-01,1,1,1.0,1,734.59,1,0,0.0,761.20,0.00,0.0
1071,2025-06-01,1,1,1.0,1,586.78,1,0,0.0,954.14,0.00,0.0
1071,2025-07-01,1,1,1.0,1,491.72,1,0,0.0,1153.28,0.00,0.0
1071,2025-08-01,0,0,,0,0.00,0,0,,834.46,0.00,0.0
1071,2025-09-01,1,1,1.0,1,254.09,1,0,0.0,956.60,493.52,0.5159105164122935
1071,2025-10-01,0,0,,0,0.00,0,0,,891.60,496.27,0.5566061013907582
1071,2025-11-01,2,1,0.5,0,0.00,0,0,,841.24,697.22,0.8288003423517665
1071,2025-12-01,3,0,0.0,1,94.41,1,0,0.0,782.52,689.87,0.8816004702755201
1071,2026-01-01,0,0,,0,0.00,0,0,,735.43,668.88,0.9095087227880289
1071,2026-02-01,0,0,,0,0.00,0,0,,719.24,669.28,0.9305377898893276
1071,2026-03-01,1,1,1.0,1,246.61,1,0,0.0,976.90,659.16,0.6747466475586037
1071,2026-04-01,0,0,,0,0.00,0,0,,867.94,669.43,0.7712860335967923
1071,2026-05-01,1,0,0.0,0,0.00,0,0,,808.25,696.31,0.8615032477575008
1071,2026-06-01,2,2,1.0,1,376.68,0,0,,1113.06,695.56,0.6249079115231884
1072,2025-01-01,1,1,1.0,1,122.53,1,0,0.0,135.89,0.00,0.0
1072,2025-02-01,1,0,0.0,0,0.00,0,0,,101.02,0.00,0.0
1072,2025-03-01,0,0,,0,0.00,0,0,,65.87,0.00,0.0
1072,2025-04-01,0,0,,0,0.00,0,0,,33.63,0.00,0.0
1072,2025-05-01,2,1,0.5,1,840.33,1,0,0.0,1061.93,0.00,0.0
1072,2025-06-01,2,1,0.5,1,143.49,1,1,1.0,1128.40,0.00,0.0
1072,2025-07-01,1,0,0.0,0,0.00,0,0,,1042.01,0.00,0.0
1072,2025-08-01,2,1,0.5,1,266.23,1,0,0.0,1259.44,167.98,0.13337673886806833
1072,2025-09-01,0,0,,0,0.00,0,0,,1163.26,129.89,0.11166033388924229
1072,2025-10-01,1,1,1.0,0,0.00,0,0,,927.24,130.61,0.14085889305897073
1072,2025-11-01,3,1,0.3333333333333333,1,102.33,1,0,0.0,892.30,133.79,0.14993836153759946
1072,2025-12-01,1,1,1.0,1,623.91,1,0,0.0,1504.07,132.38,0.0880145206007699
1072,2026-01-01,0,0,,0,0.00,0,0,,814.53,202.13,0.24815537794801912
1072,2026-02-01,0,0,,0,0.00,0,0,,613.91,128.43,0.20920004560929129
1072,2026-03-01,0,0,,0,0.00,0,0,,305.36,126.49,0.41423238145140157
1072,2026-04-01,0,0,,0,0.00,0,0,,219.28,128.46,0.5858263407515506
1072,2026-05-01,3,1,0.3333333333333333,1,79.37,0,0,,224.05,133.62,0.5963847355501004
1072,2026-06-01,0,0,,0,0.00,0,0,,193.70,133.47,0.6890552400619515
1073,2025-01-01,2,1,0.5,0,0.00,0,0,,0.00,0.00,
1073,2025-02-01,2,2,1.0,1,435.21,1,0,0.0,503.19,0.00,0.0
1073,2025-03-01,5,3,0.6,3,969.27,3,0,0.0,1373.25,0.00,0.0
1073,2025-04-01,2,1,0.5,1,205.70,1,0,0.0,1342.86,0.00,0.0
1073,2025-05-01,0,0,,0,0.00,0,0,,686.60,0.00,0.0
1073,2025-06-01,1,1,1.0,1,74.08,1,0,0.0,529.77,0.00,0.0
1073,2025-07-01,0,0,,0,0.00,0,0,,246.50,0.00,0.0
1073,2025-08-01,2,2,1.0,2,286.49,2,0,0.0,386.32,0.00,0.0
1073,2025-09-01,4,2,0.5,2,481.79,2,0,0.0,765.04,0.00,0.0
1073,2025-10-01,2,2,1.0,1,251.18,1,0,0.0,641.98,0.00,0.0
1073,2025-11-01,1,0,0.0,1,66.17,1,0,0.0,590.05,0.00,0.0
1073,2025-12-01,1,0,0.0,0,0.00,0,0,,320.13,94.70,0.2958173242120389
1073,2026-01-01,2,2,1.0,0,0.00,0,0,,69.62,0.00,0.0
1073,2026-02-01,3,2,0.6666666666666666,2,253.40,2,0,0.0,291.18,0.00,0.0
1073,2026-03-01,1,0,0.0,0,0.00,0,0,,236.43,0.00,0.0
1073,2026-04-01,1,1,1.0,0,0.00,0,0,,193.31,0.00,0.0
1073,2026-05-01,3,2,0.6666666666666666,1,87.16,0,0,,236.84,0.00,0.0
1073,2026-06-01,2,1,0.5,0,0.00,0,0,,163.58,0.00,0.0
1074,2025-01-01,3,2,0.6666666666666666,1,560.82,1,0,0.0,623.27,0.00,0.0
1074,2025-02-01,1,1,1.0,1,306.63,1,0,0.0,734.71,0.00,0.0
1074,2025-03-01,2,1,0.5,0,0.00,0,0,,613.39,0.00,0.0
1074,2025-04-01,0,0,,1,928.89,1,0,0.0,1469.77,0.00,0.0
1074,2025-05-01,2,2,1.0,2,1709.66,2,0,0.0,2861.93,0.00,0.0
1074,2025-06-01,1,1,1.0,1,202.54,1,1,1.0,2427.78,0.00,0.0
1074,2025-07-01,1,1,1.0,1,68.79,1,0,0.0,1876.76,0.00,0.0
1074,2025-08-01,0,0,,0,0.00,0,0,,1268.52,0.00,0.0
1074,2025-09-01,1,0,0.0,0,0.00,0,0,,700.68,0.00,0.0
1074,2025-10-01,1,1,1.0,1,623.81,1,0,0.0,927.57,0.00,0.0
1074,2025-11-01,3,3,1.0,2,478.35,2,0,0.0,1013.59,0.00,0.0
1074,2025-12-01,0,0,,1,24.26,1,0,0.0,671.18,0.00,0.0
1074,2026-01-01,0,0,,0,0.00,0,0,,292.83,0.00,0.0
1074,2026-02-01,1,1,1.0,1,179.50,1,0,0.0,346.57,0.00,0.0
1074,2026-03-01,4,2,0.5,2,496.86,2,1,0.5,707.86,0.00,0.0
1074,2026-04-01,2,1,0.5,1,185.36,1,0,0.0,867.68,0.00,0.0
1074,2026-05-01,3,2,0.6666666666666666,2,1589.48,0,0,,2443.84,0.00,0.0
1074,2026-06-01,0,0,,0,0.00,0,0,,1943.44,0.00,0.0
1075,2025-04-01,1,0,0.0,0,0.00,0,0,,0.00,0.00,
1075,2025-07-01,2,1,0.5,1,153.27,1,0,0.0,167.59,0.00,0.0
1075,2025-08-01,1,1,1.0,1,612.67,1,0,0.0,791.08,0.00,0.0
1075,2025-09-01,0,0,,0,0.00,0,0,,522.20,0.00,0.0
1075,2025-10-01,1,0,0.0,0,0.00,0,0,,263.70,0.00,0.0
1075,2025-11-01,0,0,,0,0.00,0,0,,0.00,0.00,
1075,2025-12-01,0,0,,0,0.00,0,0,,0.00,0.00,
1075,2026-01-01,2,0,0.0,0,0.00,0,0,,0.00,0.00,
1075,2026-02-01,0,0,,0,0.00,0,0,,0.00,0.00,
1075,2026-03-01,0,0,,0,0.00,0,0,,0.00,0.00,
1075,2026-04-01,0,0,,0,0.00,0,0,,0.00,0.00,
1075,2026-05-01,2,2,1.0,2,273.83,0,0,,289.45,0.00,0.0
1075,2026-06-01,0,0,,0,0.00,0,0,,237.94,0.00,0.0
1076,2025-01-01,1,0,0.0,0,0.00,0,0,,0.00,0.00,
1076,2025-02-01,5,3,0.6,3,1001.41,3,0,0.0,1161.98,0.00,0.0
1076,2025-03-01,3,2,0.6666666666666666,1,71.33,1,0,0.0,919.64,0.00,0.0
1076,2025-04-01,0,0,,1,272.70,1,0,0.0,1040.01,0.00,0.0
1076,2025-05-01,3,1,0.3333333333333333,1,377.69,1,0,0.0,1136.12,0.00,0.0
1076,2025-06-01,4,3,0.75,3,1291.35,3,1,0.3333333333333333,2414.22,0.00,0.0
1076,2025-07-01,0,0,,0,0.00,0,0,,1897.56,0.00,0.0
1076,2025-08-01,1,1,1.0,1,196.48,1,0,0.0,1522.18,0.00,0.0
1076,2025-09-01,2,2,1.0,2,811.97,2,0,0.0,2029.74,0.00,0.0
1076,2025-10-01,2,2,1.0,1,212.33,1,1,1.0,1552.74,362.43,0.2334131921635303
1076,2025-11-01,1,0,0.0,0,0.00,0,0,,866.50,0.00,0.0
1076,2025-12-01,1,1,1.0,1,148.99,1,1,1.0,699.38,218.66,0.31264834567760014
1076,2026-01-01,0,0,,0,0.00,0,0,,344.96,0.00,0.0
1076,2026-02-01,1,1,1.0,1,376.14,1,0,0.0,659.84,0.00,0.0
1076,2026-03-01,5,3,0.6,1,135.56,1,0,0.0,705.56,162.92,0.23090878167696582
1076,2026-04-01,0,0,,0,0.00,0,0,,505.32,161.46,0.3195203039658039
1076,2026-05-01,1,0,0.0,0,0.00,0,0,,308.47,159.95,0.5185269232016079
1076,2026-06-01,2,1,0.5,1,1225.71,0,0,,1621.45,162.68,0.10032995158654291
1077,2025-03-01,1,0,0.0,0,0.00,0,0,,0.00,0.00,
1077,2025-04-01,1,0,0.0,0,0.00,0,0,,0.00,0.00,
1077,2025-08-01,4,3,0.75,1,300.72,1,0,0.0,347.89,0.00,0.0
1077,2025-09-01,0,0,,0,0.00,0,0,,298.86,0.00,0.0
1077,2025-10-01,1,0,0.0,0,0.00,0,0,,180.29,0.00,0.0
1077,2025-11-01,2,2,1.0,1,41.26,1,0,0.0,232.26,0.00,0.0
1077,2025-12-01,0,0,,1,178.25,1,1,1.0,346.58,0.00,0.0
1077,2026-01-01,0,0,,0,0.00,0,0,,265.55,0.00,0.0
1077,2026-02-01,0,0,,0,0.00,0,0,,158.49,147.04,0.927755694365575
1077,2026-03-01,0,0,,0,0.00,0,0,,0.00,0.00,
1077,2026-04-01,0,0,,0,0.00,0,0,,0.00,0.00,
1077,2026-05-01,0,0,,0,0.00,0,0,,0.00,0.00,
1077,2026-06-01,0,0,,0,0.00,0,0,,0.00,0.00,
1078,2025-01-01,16,11,0.6875,8,2360.41,8,3,0.375,2624.35,0.00,0.0
1078,2025-02-01,17,9,0.5294117647058824,8,2175.69,8,0,0.0,4156.13,0.00,0.0
1078,2025-03-01,19,11,0.5789473684210527,9,2412.42,9,2,0.2222222222222222,6261.03,335.70,0.0536173760547386
1078,2025-04-01,27,16,0.5925925925925926,13,3642.43,13,0,0.0,8904.53,264.86,0.029744410990810294
1078,2025-05-01,26,17,0.6538461538461539,16,4495.60,16,1,0.0625,11157.02,594.67,0.05330007475114322
1078,2025-06-01,17,10,0.5882352941176471,10,3748.49,10,1,0.1,12551.50,843.28,0.06718559534716965
1078,2025-07-01,25,14,0.56,9,2874.21,9,2,0.2222222222222222,10916.88,1913.34,0.1752643612460703
1078,2025-08-01,29,19,0.6551724137931034,15,4469.39,15,1,0.06666666666666667,12382.98,1848.71,0.14929443478064247
1078,2025-09-01,28,16,0.5714285714285714,15,5529.08,15,2,0.13333333333333333,13757.55,1928.82,0.14020083517777512
1078,2025-10-01,28,17,0.6071428571428571,15,4779.34,15,2,0.13333333333333333,14391.20,1708.61,0.11872602701651008
1078,2025-11-01,29,18,0.6206896551724138,14,4832.60,14,0,0.0,16737.69,2171.52,0.12973833306746632
1078,2025-12-01,21,10,0.47619047619047616,10,3227.25,10,0,0.0,15352.75,2926.86,0.19064076468385144
1078,2026-01-01,28,17,0.6071428571428571,14,4203.23,14,1,0.07142857142857142,15457.13,2781.13,0.17992538071427233
1078,2026-02-01,16,6,0.375,4,851.57,4,1,0.25,11642.55,2723.09,0.23389120081081896
1078,2026-03-01,23,14,0.6086956521739131,12,3464.85,12,0,0.0,12167.50,2820.76,0.23182740908156976
1078,2026-04-01,29,16,0.5517241379310345,16,4248.77,16,2,0.125,13560.47,3671.30,0.27073545385963765
1078,2026-05-01,17,6,0.35294117647058826,6,1836.62,0,0,,12564.71,3473.79,0.276471959957691
1078,2026-06-01,25,13,0.52,13,3363.41,0,0,,12809.97,3338.11,0.26058687100750433
1079,2025-01-01,5,2,0.4,1,286.15,1,0,0.0,302.70,0.00,0.0
1079,2025-02-01,4,3,0.75,3,1850.41,3,0,0.0,2224.18,0.00,0.0
1079,2025-03-01,3,3,1.0,3,767.65,3,0,0.0,2200.08,0.00,0.0
1079,2025-04-01,4,2,0.5,2,414.63,2,1,0.5,2375.90,0.00,0.0
1079,2025-05-01,6,4,0.6666666666666666,3,756.88,3,0,0.0,2377.38,0.00,0.0
1079,2025-06-01,3,2,0.6666666666666666,2,511.76,2,0,0.0,2202.09,0.00,0.0
1079,2025-07-01,1,0,0.0,0,0.00,0,0,,1553.25,0.00,0.0
1079,2025-08-01,7,4,0.5714285714285714,4,893.68,4,1,0.25,2234.76,0.00,0.0
1079,2025-09-01,4,1,0.25,1,276.27,1,0,0.0,1904.94,0.00,0.0
1079,2025-10-01,6,2,0.3333333333333333,2,426.22,2,0,0.0,1827.01,224.84,0.12306446051198407
1079,2025-11-01,4,3,0.75,3,1351.38,3,0,0.0,2770.17,225.06,0.08124411137222626
1079,2025-12-01,2,2,1.0,1,22.55,1,0,0.0,2029.45,311.10,0.153292764049373
1079,2026-01-01,3,2,0.6666666666666666,1,161.00,1,0,0.0,1358.65,437.02,0.32165752769293043
1079,2026-02-01,2,1,0.5,1,244.80,1,0,0.0,1137.68,319.33,0.2806852542015329
1079,2026-03-01,2,1,0.5,1,72.77,1,0,0.0,973.62,322.66,0.33140239518497977
1079,2026-04-01,4,3,0.75,1,89.57,1,0,0.0,692.56,319.77,0.4617217280813215
1079,2026-05-01,5,1,0.2,1,258.14,0,0,,807.32,316.76,0.39235990685230143
1079,2026-06-01,6,4,0.6666666666666666,4,2689.18,0,0,,3722.67,322.18,0.08654540961191833
1080,2025-01-01,1,0,0.0,0,0.00,0,0,,0.00,0.00,
1080,2025-03-01,2,1,0.5,0,0.00,0,0,,0.00,0.00,
1080,2025-04-01,1,1,1.0,0,0.00,0,0,,0.00,0.00,
1080,2025-06-01,1,0,0.0,0,0.00,0,0,,0.00,0.00,
1080,2025-07-01,1,1,1.0,1,419.49,1,0,0.0,464.22,0.00,0.0
1080,2025-08-01,2,1,0.5,0,0.00,0,0,,314.47,0.00,0.0
1080,2025-09-01,1,1,1.0,2,603.37,2,0,0.0,842.17,0.00,0.0
1080,2025-10-01,0,0,,0,0.00,0,0,,413.01,0.00,0.0
1080,2025-11-01,1,0,0.0,0,0.00,0,0,,379.37,0.00,0.0
1080,2025-12-01,0,0,,0,0.00,0,0,,173.26,0.00,0.0
1080,2026-01-01,3,1,0.3333333333333333,0,0.00,0,0,,69.88,0.00,0.0
1080,2026-02-01,0,0,,0,0.00,0,0,,0.00,0.00,
1080,2026-03-01,1,0,0.0,0,0.00,0,0,,0.00,0.00,
1080,2026-04-01,1,0,0.0,0,0.00,0,0,,0.00,0.00,
1080,2026-05-01,0,0,,0,0.00,0,0,,0.00,0.00,
1080,2026-06-01,0,0,,0,0.00,0,0,,0.00,0.00,
1081,2025-04-01,2,1,0.5,1,24.42,1,0,0.0,26.93,0.00,0.0
1081,2025-05-01,0,0,,0,0.00,0,0,,17.35,0.00,0.0
1081,2025-06-01,0,0,,0,0.00,0,0,,8.58,0.00,0.0
1081,2025-07-01,1,1,1.0,1,171.49,1,0,0.0,194.86,0.00,0.0
1081,2025-08-01,1,1,1.0,1,199.69,1,0,0.0,383.06,0.00,0.0
1081,2025-09-01,1,0,0.0,0,0.00,0,0,,304.69,0.00,0.0
1081,2025-10-01,0,0,,0,0.00,0,0,,215.66,0.00,0.0
1081,2025-11-01,0,0,,0,0.00,0,0,,92.93,0.00,0.0
1081,2025-12-01,0,0,,0,0.00,0,0,,34.63,0.00,0.0
1081,2026-01-01,0,0,,0,0.00,0,0,,0.00,0.00,
1081,2026-02-01,1,0,0.0,0,0.00,0,0,,0.00,0.00,
1081,2026-03-01,1,1,1.0,1,582.25,1,0,0.0,644.79,0.00,0.0
1081,2026-04-01,0,0,,0,0.00,0,0,,545.69,0.00,0.0
1081,2026-05-01,0,0,,0,0.00,0,0,,567.61,0.00,0.0
1081,2026-06-01,0,0,,0,0.00,0,0,,453.59,0.00,0.0
1082,2025-01-01,15,8,0.5333333333333333,5,2074.79,5,1,0.2,2279.58,0.00,0.0
1082,2025-02-01,8,4,0.5,3,1338.49,3,0,0.0,3008.80,0.00,0.0
1082,2025-03-01,8,3,0.375,5,1251.24,5,1,0.2,3116.29,0.00,0.0
1082,2025-04-01,6,4,0.6666666666666666,2,580.00,2,0,0.0,3125.74,0.00,0.0
1082,2025-05-01,9,6,0.6666666666666666,5,1543.09,5,0,0.0,2833.75,182.42,0.06437406263784737
1082,2025-06-01,12,4,0.3333333333333333,3,1111.17,3,0,0.0,3039.21,0.00,0.0
1082,2025-07-01,14,8,0.5714285714285714,8,2454.86,8,1,0.125,4888.08,115.55,0.023639138475638696
1082,2025-08-01,4,4,1.0,3,403.90,3,0,0.0,3789.96,117.42,0.030981857328309534
1082,2025-09-01,5,3,0.6,4,691.38,4,0,0.0,3676.27,121.05,0.032927396518754065
1082,2025-10-01,2,1,0.5,0,0.00,0,0,,2319.81,261.86,0.11287993413253672
1082,2025-11-01,7,4,0.5714285714285714,4,1402.40,4,0,0.0,3102.15,258.60,0.08336153957738988
1082,2025-12-01,5,0,0.0,0,0.00,0,0,,2078.76,255.87,0.1230878023437049
1082,2026-01-01,14,4,0.2857142857142857,3,775.50,3,0,0.0,2122.37,248.09,0.11689290745722943
1082,2026-02-01,7,3,0.42857142857142855,3,1151.24,3,0,0.0,3498.16,275.84,0.0788528826583118
1082,2026-03-01,13,7,0.5384615384615384,4,1390.93,4,0,0.0,4036.06,244.48,0.06057392605659975
1082,2026-04-01,7,4,0.5714285714285714,6,2595.66,6,1,0.16666666666666666,6209.47,248.29,0.039985699262577966
1082,2026-05-01,9,7,0.7777777777777778,8,2429.80,0,0,,7476.85,258.26,0.03454128409691247
1082,2026-06-01,6,4,0.6666666666666666,4,776.61,0,0,,6870.18,605.22,0.08809376173550038
1083,2025-01-01,35,15,0.42857142857142855,12,4970.87,12,0,0.0,5559.13,0.00,0.0
1083,2025-02-01,19,7,0.3684210526315789,5,975.64,5,0,0.0,5321.98,0.00,0.0
1083,2025-03-01,29,15,0.5172413793103449,11,3792.04,11,2,0.18181818181818182,7500.98,0.00,0.0
1083,2025-04-01,24,14,0.5833333333333334,13,4118.45,13,0,0.0,9507.77,0.00,0.0
1083,2025-05-01,22,14,0.6363636363636364,12,4145.44,12,2,0.16666666666666666,10729.78,0.00,0.0
1083,2025-06-01,19,10,0.5263157894736842,6,2407.31,6,0,0.0,9966.30,0.00,0.0
1083,2025-07-01,26,12,0.46153846153846156,11,3541.77,11,0,0.0,10613.65,283.76,0.026735383209357762
1083,2025-08-01,22,14,0.6363636363636364,11,2002.57,11,0,0.0,9530.93,733.39,0.07694841951415024
1083,2025-09-01,28,12,0.42857142857142855,14,4735.47,14,2,0.14285714285714285,11755.61,886.64,0.07542271307061053
1083,2025-10-01,22,10,0.45454545454545453,8,2822.54,8,1,0.125,11670.41,851.07,0.07292545848860495
1083,2025-11-01,18,9,0.5,6,1744.40,6,0,0.0,11193.54,1035.36,0.09249620763404605
1083,2025-12-01,22,12,0.5454545454545454,9,3116.51,9,2,0.2222222222222222,10763.11,1355.50,0.1259394357207164
1083,2026-01-01,27,15,0.5555555555555556,14,4266.49,14,0,0.0,11883.84,1008.85,0.08489259363976627
1083,2026-02-01,20,9,0.45,10,2289.62,10,1,0.1,11130.81,1215.78,0.10922655224552391
1083,2026-03-01,27,18,0.6666666666666666,19,5030.59,19,1,0.05263157894736842,13314.95,1338.16,0.10050056515420636
1083,2026-04-01,25,19,0.76,16,4585.91,16,3,0.1875,14630.62,1703.89,0.11646054644300788
1083,2026-05-01,22,12,0.5454545454545454,8,2948.61,0,0,,14302.33,1689.04,0.11809544319002568
1083,2026-06-01,29,10,0.3448275862068966,7,1620.45,0,0,,11998.21,2117.63,0.1764954939111751
1084,2025-02-01,1,0,0.0,0,0.00,0,0,,0.00,0.00,
1084,2025-03-01,1,0,0.0,0,0.00,0,0,,0.00,0.00,
1084,2025-04-01,1,1,1.0,1,323.64,1,0,0.0,351.19,0.00,0.0
1084,2025-05-01,0,0,,0,0.00,0,0,,254.48,0.00,0.0
1084,2025-06-01,0,0,,0,0.00,0,0,,83.94,0.00,0.0
1084,2025-07-01,0,0,,0,0.00,0,0,,84.04,0.00,0.0
1084,2025-08-01,1,0,0.0,0,0.00,0,0,,0.00,0.00,
1084,2025-09-01,2,1,0.5,1,58.68,1,1,1.0,63.95,0.00,0.0
1084,2025-10-01,0,0,,0,0.00,0,0,,64.30,0.00,0.0
1084,2025-11-01,0,0,,0,0.00,0,0,,65.87,65.87,1.0
1084,2025-12-01,0,0,,0,0.00,0,0,,65.17,65.17,1.0
1084,2026-01-01,1,0,0.0,0,0.00,0,0,,63.19,63.19,1.0
1084,2026-02-01,1,1,1.0,0,0.00,0,0,,63.23,63.23,1.0
1084,2026-03-01,0,0,,1,317.87,1,0,0.0,400.79,62.27,0.15536814790788192
1084,2026-04-01,1,1,1.0,1,325.17,1,0,0.0,534.86,63.24,0.11823654788168866
1084,2026-05-01,0,0,,0,0.00,0,0,,432.54,65.78,0.15207842049290238
1084,2026-06-01,1,0,0.0,0,0.00,0,0,,238.82,65.71,0.2751444602629595
1085,2025-01-01,1,0,0.0,0,0.00,0,0,,0.00,0.00,
1085,2025-02-01,1,0,0.0,0,0.00,0,0,,0.00,0.00,
1085,2025-04-01,1,1,1.0,1,324.35,1,0,0.0,378.12,0.00,0.0
1085,2025-05-01,2,0,0.0,0,0.00,0,0,,274.00,0.00,0.0
1085,2025-06-01,0,0,,0,0.00,0,0,,180.77,0.00,0.0
1085,2025-07-01,0,0,,0,0.00,0,0,,90.50,0.00,0.0
1085,2025-08-01,1,0,0.0,0,0.00,0,0,,0.00,0.00,
1085,2025-09-01,4,1,0.25,1,374.20,1,0,0.0,409.83,0.00,0.0
1085,2025-10-01,0,0,,0,0.00,0,0,,274.74,0.00,0.0
1085,2025-11-01,4,2,0.5,1,620.96,1,0,0.0,604.34,0.00,0.0
1085,2025-12-01,0,0,,0,0.00,0,0,,229.36,0.00,0.0
1085,2026-01-01,3,3,1.0,2,411.14,2,0,0.0,662.05,0.00,0.0
1085,2026-02-01,1,0,0.0,1,443.63,1,0,0.0,673.60,0.00,0.0
1085,2026-03-01,0,0,,0,0.00,0,0,,359.14,0.00,0.0
1085,2026-04-01,3,2,0.6666666666666666,2,471.33,2,0,0.0,560.31,0.00,0.0
1085,2026-05-01,3,2,0.6666666666666666,1,403.19,0,0,,925.11,0.00,0.0
1085,2026-06-01,2,0,0.0,1,153.58,0,0,,1058.42,0.00,0.0
1086,2025-01-01,1,1,1.0,0,0.00,0,0,,0.00,0.00,
1086,2025-02-01,0,0,,1,76.05,1,0,0.0,86.03,0.00,0.0
1086,2025-03-01,0,0,,0,0.00,0,0,,63.12,0.00,0.0
1086,2025-04-01,3,0,0.0,0,0.00,0,0,,42.99,0.00,0.0
1086,2025-05-01,2,1,0.5,1,156.89,1,0,0.0,211.93,0.00,0.0
1086,2025-06-01,0,0,,0,0.00,0,0,,112.42,0.00,0.0
1086,2025-07-01,0,0,,0,0.00,0,0,,0.00,0.00,
1086,2025-08-01,1,0,0.0,0,0.00,0,0,,0.00,0.00,
1086,2025-09-01,0,0,,0,0.00,0,0,,0.00,0.00,
1086,2025-10-01,1,0,0.0,0,0.00,0,0,,0.00,0.00,
1086,2025-11-01,0,0,,0,0.00,0,0,,0.00,0.00,
1086,2025-12-01,2,1,0.5,1,217.85,1,0,0.0,232.66,0.00,0.0
1086,2026-01-01,0,0,,0,0.00,0,0,,225.58,0.00,0.0
1086,2026-02-01,0,0,,0,0.00,0,0,,150.48,0.00,0.0
1086,2026-03-01,0,0,,0,0.00,0,0,,0.00,0.00,
1086,2026-04-01,1,1,1.0,1,225.34,1,0,0.0,248.15,0.00,0.0
1086,2026-05-01,1,0,0.0,0,0.00,0,0,,193.59,0.00,0.0
1086,2026-06-01,0,0,,0,0.00,0,0,,128.93,0.00,0.0
1087,2025-01-01,7,5,0.7142857142857143,4,1128.05,4,0,0.0,1216.02,0.00,0.0
1087,2025-02-01,5,4,0.8,3,797.41,3,0,0.0,1532.57,0.00,0.0
1087,2025-03-01,8,3,0.375,2,904.22,2,1,0.5,2059.35,0.00,0.0
1087,2025-04-01,9,6,0.6666666666666666,6,1623.42,6,2,0.3333333333333333,2761.63,0.00,0.0
1087,2025-05-01,10,6,0.6,6,1537.06,6,1,0.16666666666666666,3746.24,44.11,0.0117744725377979
1087,2025-06-01,7,6,0.8571428571428571,6,2990.01,6,0,0.0,5755.13,193.02,0.033538773233619396
1087,2025-07-01,8,6,0.75,4,823.27,4,0,0.0,5175.90,271.11,0.05237929635425724
1087,2025-08-01,6,4,0.6666666666666666,5,1586.80,5,2,0.4,5192.51,226.38,0.04359741242674545
1087,2025-09-01,9,4,0.4444444444444444,3,1103.71,3,1,0.3333333333333333,5122.39,182.77,0.03568061002774096
1087,2025-10-01,6,4,0.6666666666666666,3,540.70,3,0,0.0,4294.77,416.18,0.09690390870756757
1087,2025-11-01,9,6,0.6666666666666666,4,732.37,4,1,0.25,3966.27,1164.45,0.29358818234764655
1087,2025-12-01,12,8,0.6666666666666666,5,1051.67,5,0,0.0,4120.85,1487.24,0.3609061237366077
1087,2026-01-01,10,6,0.6,7,2652.98,7,0,0.0,5918.81,1279.56,0.21618534806827722
1087,2026-02-01,8,5,0.625,3,576.11,3,0,0.0,5420.67,1458.18,0.26900364715062897
1087,2026-03-01,8,3,0.375,4,700.56,4,0,0.0,4395.64,1718.10,0.3908645839968696
1087,2026-04-01,10,4,0.4,4,1712.01,4,0,0.0,5105.17,1744.87,0.3417848964872864
1087,2026-05-01,10,6,0.6,4,633.69,0,0,,4872.05,1814.94,0.3725208074629776
1087,2026-06-01,7,6,0.8571428571428571,7,1641.81,0,0,,5801.55,1812.97,0.3124975222138911
1088,2025-01-01,3,1,0.3333333333333333,1,305.00,1,0,0.0,333.90,0.00,0.0
1088,2025-02-01,11,5,0.45454545454545453,4,1138.32,4,1,0.25,1566.20,0.00,0.0
1088,2025-03-01,8,5,0.625,4,1503.19,4,0,0.0,2740.65,0.00,0.0
1088,2025-04-01,6,4,0.6666666666666666,3,500.63,3,0,0.0,2305.75,406.04,0.17609888322671582
1088,2025-05-01,3,3,1.0,3,2527.76,3,0,0.0,4846.14,392.29,0.08094896144147713
1088,2025-06-01,8,7,0.875,6,1607.35,6,0,0.0,5897.31,388.20,0.06582662264659649
1088,2025-07-01,10,8,0.8,7,1366.73,7,0,0.0,6255.93,388.64,0.06212345726374815
1088,2025-08-01,2,1,0.5,1,126.00,1,0,0.0,5180.52,504.65,0.09741300101148145
1088,2025-09-01,8,6,0.75,4,1069.84,4,1,0.25,5275.15,407.13,0.07717884799484376
1088,2025-10-01,6,4,0.6666666666666666,6,2094.20,6,1,0.16666666666666666,6698.62,598.36,0.08932586114751995
1088,2025-11-01,5,4,0.8,4,847.09,4,1,0.25,6512.73,612.91,0.09410953624670454
1088,2025-12-01,6,3,0.5,2,361.64,2,0,0.0,5240.70,606.45,0.1157192741427672
1088,2026-01-01,7,3,0.42857142857142855,2,249.51,2,0,0.0,4252.42,717.69,0.16877213445520434
1088,2026-02-01,6,2,0.3333333333333333,1,415.13,1,0,0.0,3679.43,707.55,0.19229880715219477
1088,2026-03-01,7,3,0.42857142857142855,3,1381.14,3,0,0.0,4210.61,643.37,0.15279733815290422
1088,2026-04-01,6,4,0.6666666666666666,2,615.25,2,1,0.5,3947.46,660.69,0.16737091699472573
1088,2026-05-01,5,3,0.6,3,572.01,0,0,,3555.53,815.04,0.22923164760246711
1088,2026-06-01,4,2,0.5,2,465.33,0,0,,3345.76,754.00,0.22535985844770692
1089,2024-12-01,1,0,0.0,0,0.00,0,0,,0.00,0.00,
1089,2025-01-01,31,17,0.5483870967741935,12,3172.15,12,2,0.16666666666666666,3666.30,0.00,0.0
1089,2025-02-01,36,21,0.5833333333333334,17,3884.44,17,1,0.058823529411764705,7344.80,0.00,0.0
1089,2025-03-01,33,18,0.5454545454545454,15,4166.43,15,0,0.0,10950.35,355.82,0.03249393854990936
1089,2025-04-01,28,13,0.4642857142857143,10,2863.91,10,0,0.0,10903.70,0.00,0.0
1089,2025-05-01,40,21,0.525,17,5279.71,17,1,0.058823529411764705,13756.40,750.80,0.05457823267715391
1089,2025-06-01,32,16,0.5,15,5272.46,15,3,0.2,16442.69,1236.87,0.07522309305837427
1089,2025-07-01,40,17,0.425,16,4601.76,16,2,0.125,17316.43,878.24,0.05071715128349204
1089,2025-08-01,27,14,0.5185185185185185,11,2209.01,11,2,0.18181818181818182,14482.85,1761.31,0.12161349458152228
1089,2025-09-01,30,21,0.7,16,4485.56,16,0,0.0,15722.30,1911.75,0.1215948048313542
1089,2025-10-01,30,20,0.6666666666666666,20,5365.49,20,4,0.2,14867.99,1240.98,0.08346656138455837
1089,2025-11-01,30,13,0.43333333333333335,9,3115.49,9,2,0.2222222222222222,14165.29,1751.18,0.12362471929625161
1089,2025-12-01,25,15,0.6,14,3038.51,14,0,0.0,13146.32,2438.05,0.1854549410025011
1089,2026-01-01,35,24,0.6857142857142857,20,8592.22,20,2,0.1,19086.25,2420.39,0.12681328181282336
1089,2026-02-01,32,17,0.53125,17,4944.26,17,1,0.058823529411764705,19803.61,1907.29,0.09631021818749208
1089,2026-03-01,46,33,0.717391304347826,27,7492.17,27,3,0.1111111111111111,22950.13,2336.12,0.10179114453817907
1089,2026-04-01,30,14,0.4666666666666667,11,3841.06,11,4,0.36363636363636365,21909.73,2936.77,0.13403953403350932
1089,2026-05-01,31,14,0.45161290322580644,13,4113.07,0,0,,19630.06,2685.44,0.13680243463341427
1089,2026-06-01,30,14,0.4666666666666667,13,4195.04,0,0,,17884.86,2848.16,0.15924977886323963
1090,2025-01-01,2,1,0.5,1,793.66,1,0,0.0,860.54,0.00,0.0
1090,2025-02-01,1,1,1.0,1,274.13,1,1,1.0,897.00,0.00,0.0
1090,2025-03-01,3,2,0.6666666666666666,2,1224.84,2,0,0.0,1604.58,0.00,0.0
1090,2025-04-01,2,0,0.0,0,0.00,0,0,,1186.69,0.00,0.0
1090,2025-05-01,6,4,0.6666666666666666,3,757.66,3,0,0.0,1675.07,0.00,0.0
1090,2025-06-01,0,0,,0,0.00,0,0,,1204.03,0.00,0.0
1090,2025-07-01,2,1,0.5,1,411.00,1,0,0.0,1474.98,0.00,0.0
1090,2025-08-01,1,1,1.0,1,110.10,1,0,0.0,1436.70,470.32,0.32736131412264213
1090,2025-09-01,1,1,1.0,1,137.25,1,0,0.0,1388.28,484.87,0.3492595153715389
1090,2025-10-01,2,2,1.0,1,110.29,1,1,1.0,1369.23,487.57,0.35609064948912894
1090,2025-11-01,1,1,1.0,1,221.09,1,0,0.0,1522.57,499.43,0.32801775944619954
1090,2025-12-01,0,0,,0,0.00,0,0,,1310.64,494.16,0.3770371726789965
1090,2026-01-01,2,1,0.5,1,99.71,1,0,0.0,1166.32,479.13,0.4108049248919679
1090,2026-02-01,4,2,0.5,2,1106.29,2,1,0.5,2339.70,533.51,0.22802496046501688
1090,2026-03-01,1,1,1.0,1,218.19,1,0,0.0,2159.94,525.44,0.24326601664861064
1090,2026-04-01,4,3,0.75,3,895.09,3,0,0.0,2684.53,533.63,0.19877967465440877
1090,2026-05-01,1,1,1.0,1,139.33,0,0,,2169.04,555.06,0.25590122819311767
1090,2026-06-01,1,1,1.0,1,709.93,0,0,,2286.20,554.46,0.24252471349838162
1091,2025-01-01,1,0,0.0,0,0.00,0,0,,0.00,0.00,
1091,2025-04-01,1,1,1.0,1,68.94,1,1,1.0,85.62,0.00,0.0
1091,2025-05-01,1,0,0.0,0,0.00,0,0,,82.72,0.00,0.0
1091,2025-06-01,0,0,,0,0.00,0,0,,68.21,0.00,0.0
1091,2025-07-01,0,0,,0,0.00,0,0,,40.96,0.00,0.0
1091,2025-08-01,0,0,,0,0.00,0,0,,27.74,0.00,0.0
1091,2025-09-01,0,0,,0,0.00,0,0,,0.00,0.00,
1091,2025-10-01,1,0,0.0,0,0.00,0,0,,0.00,0.00,
1091,2025-11-01,1,0,0.0,0,0.00,0,0,,0.00,0.00,
1091,2025-12-01,1,1,1.0,0,0.00,0,0,,0.00,0.00,
1091,2026-01-01,0,0,,0,0.00,0,0,,0.00,0.00,
1091,2026-02-01,0,0,,0,0.00,0,0,,0.00,0.00,
1091,2026-03-01,0,0,,0,0.00,0,0,,0.00,0.00,
1091,2026-04-01,0,0,,0,0.00,0,0,,0.00,0.00,
1091,2026-05-01,0,0,,0,0.00,0,0,,0.00,0.00,
1091,2026-06-01,1,0,0.0,0,0.00,0,0,,0.00,0.00,
1092,2025-02-01,1,1,1.0,1,108.80,1,0,0.0,118.87,0.00,0.0
1092,2025-03-01,1,1,1.0,1,185.51,1,0,0.0,312.36,0.00,0.0
1092,2025-04-01,1,0,0.0,0,0.00,0,0,,262.62,0.00,0.0
1092,2025-05-01,0,0,,0,0.00,0,0,,199.16,0.00,0.0
1092,2025-06-01,0,0,,0,0.00,0,0,,143.08,0.00,0.0
1092,2025-07-01,1,0,0.0,0,0.00,0,0,,89.17,0.00,0.0
1092,2025-08-01,1,0,0.0,0,0.00,0,0,,0.00,0.00,
1092,2025-09-01,1,0,0.0,0,0.00,0,0,,0.00,0.00,
1092,2025-10-01,0,0,,0,0.00,0,0,,0.00,0.00,
1092,2025-11-01,0,0,,0,0.00,0,0,,0.00,0.00,
1092,2025-12-01,1,0,0.0,0,0.00,0,0,,0.00,0.00,
1092,2026-01-01,0,0,,0,0.00,0,0,,0.00,0.00,
1092,2026-02-01,0,0,,0,0.00,0,0,,0.00,0.00,
1092,2026-03-01,0,0,,0,0.00,0,0,,0.00,0.00,
1092,2026-04-01,0,0,,0,0.00,0,0,,0.00,0.00,
1092,2026-05-01,0,0,,0,0.00,0,0,,0.00,0.00,
1092,2026-06-01,1,0,0.0,0,0.00,0,0,,0.00,0.00,
1093,2025-01-01,4,3,0.75,2,433.19,2,0,0.0,470.83,0.00,0.0
1093,2025-02-01,3,1,0.3333333333333333,2,569.39,2,0,0.0,858.38,0.00,0.0
1093,2025-03-01,7,3,0.42857142857142855,2,465.89,2,0,0.0,1098.76,0.00,0.0
1093,2025-04-01,2,1,0.5,0,0.00,0,0,,792.49,0.00,0.0
1093,2025-05-01,3,2,0.6666666666666666,3,1129.64,3,0,0.0,1720.90,0.00,0.0
1093,2025-06-01,5,3,0.6,2,1049.24,2,0,0.0,2369.18,0.00,0.0
1093,2025-07-01,0,0,,1,314.88,1,0,0.0,2151.69,0.00,0.0
1093,2025-08-01,6,2,0.3333333333333333,1,161.37,1,0,0.0,1553.74,0.00,0.0
1093,2025-09-01,0,0,,1,183.75,1,1,1.0,1494.44,0.00,0.0
1093,2025-10-01,3,3,1.0,3,672.12,3,1,0.3333333333333333,1783.04,0.00,0.0
1093,2025-11-01,7,3,0.42857142857142855,3,1593.76,3,0,0.0,3089.60,0.00,0.0
1093,2025-12-01,6,2,0.3333333333333333,2,347.90,2,0,0.0,2363.93,0.00,0.0
1093,2026-01-01,1,1,1.0,1,810.56,1,0,0.0,2752.35,89.61,0.03255763256853235
1093,2026-02-01,6,5,0.8333333333333334,5,2383.55,5,0,0.0,4304.64,87.53,0.020333872286648826
1093,2026-03-01,6,2,0.3333333333333333,2,320.43,2,0,0.0,3270.87,88.44,0.02703867778297517
1093,2026-04-01,4,2,0.5,1,298.93,1,0,0.0,2422.95,87.65,0.03617491074929322
1093,2026-05-01,9,6,0.6666666666666666,5,1333.35,0,0,,2517.30,155.59,0.061808286656338134
1093,2026-06-01,3,1,0.3333333333333333,1,430.34,0,0,,1872.17,88.31,0.04716986171127622
1094,2025-02-01,1,0,0.0,0,0.00,0,0,,0.00,0.00,
1094,2025-03-01,5,2,0.4,2,667.36,2,0,0.0,856.06,0.00,0.0
1094,2025-04-01,1,1,1.0,1,147.23,1,0,0.0,1031.48,0.00,0.0
1094,2025-05-01,2,2,1.0,1,145.33,1,0,0.0,968.45,0.00,0.0
1094,2025-06-01,2,2,1.0,3,1080.30,3,0,0.0,1858.70,0.00,0.0
1094,2025-07-01,3,0,0.0,0,0.00,0,0,,1639.01,0.00,0.0
1094,2025-08-01,1,0,0.0,0,0.00,0,0,,1291.06,0.00,0.0
1094,2025-09-01,3,2,0.6666666666666666,0,0.00,0,0,,1182.84,550.90,0.46574346488113355
1094,2025-10-01,2,0,0.0,1,237.28,1,0,0.0,1044.97,0.00,0.0
1094,2025-11-01,3,2,0.6666666666666666,2,570.84,2,1,0.5,1140.77,0.00,0.0
1094,2025-12-01,2,0,0.0,0,0.00,0,0,,850.23,0.00,0.0
1094,2026-01-01,3,3,1.0,2,686.97,2,0,0.0,1230.37,0.00,0.0
1094,2026-02-01,1,1,1.0,1,87.55,1,1,1.0,1084.77,0.00,0.0
1094,2026-03-01,0,0,,0,0.00,0,0,,586.84,0.00,0.0
1094,2026-04-01,2,1,0.5,1,296.82,1,0,0.0,854.13,0.00,0.0
1094,2026-05-01,3,1,0.3333333333333333,1,225.11,0,0,,924.50,0.00,0.0
1094,2026-06-01,3,1,0.3333333333333333,0,0.00,0,0,,572.01,0.00,0.0
1095,2025-03-01,1,0,0.0,0,0.00,0,0,,0.00,0.00,
1095,2025-07-01,2,0,0.0,0,0.00,0,0,,0.00,0.00,
1095,2025-11-01,1,1,1.0,1,326.76,1,0,0.0,365.86,0.00,0.0
1095,2025-12-01,0,0,,0,0.00,0,0,,271.49,0.00,0.0
1095,2026-01-01,0,0,,0,0.00,0,0,,175.47,0.00,0.0
1095,2026-02-01,0,0,,0,0.00,0,0,,87.76,0.00,0.0
1095,2026-03-01,0,0,,0,0.00,0,0,,0.00,0.00,
1095,2026-04-01,0,0,,0,0.00,0,0,,0.00,0.00,
1095,2026-05-01,2,0,0.0,0,0.00,0,0,,0.00,0.00,
1095,2026-06-01,0,0,,0,0.00,0,0,,0.00,0.00,
1096,2025-01-01,1,1,1.0,1,309.03,1,0,0.0,335.75,0.00,0.0
1096,2025-02-01,3,3,1.0,3,764.86,3,0,0.0,1051.27,0.00,0.0
1096,2025-03-01,2,0,0.0,0,0.00,0,0,,689.95,0.00,0.0
1096,2025-04-01,2,0,0.0,0,0.00,0,0,,399.38,0.00,0.0
1096,2025-05-01,3,2,0.6666666666666666,2,235.95,2,0,0.0,381.15,0.00,0.0
1096,2025-06-01,3,1,0.3333333333333333,1,88.18,1,0,0.0,299.01,0.00,0.0
1096,2025-07-01,5,3,0.6,1,121.54,1,0,0.0,355.91,0.00,0.0
1096,2025-08-01,3,3,1.0,3,740.72,3,0,0.0,1059.64,0.00,0.0
1096,2025-09-01,1,1,1.0,1,452.27,1,0,0.0,1201.38,0.00,0.0
1096,2025-10-01,4,0,0.0,0,0.00,0,0,,767.83,0.00,0.0
1096,2025-11-01,0,0,,0,0.00,0,0,,411.22,0.00,0.0
1096,2025-12-01,2,2,1.0,1,983.02,1,0,0.0,1083.32,0.00,0.0
1096,2026-01-01,4,1,0.25,2,451.54,2,0,0.0,1161.82,0.00,0.0
1096,2026-02-01,3,2,0.6666666666666666,1,606.07,1,0,0.0,1314.93,0.00,0.0
1096,2026-03-01,0,0,,1,225.27,1,0,0.0,891.38,0.00,0.0
1096,2026-04-01,3,2,0.6666666666666666,2,564.93,2,0,0.0,1263.42,0.00,0.0
1096,2026-05-01,4,1,0.25,1,46.42,0,0,,791.40,0.00,0.0
1096,2026-06-01,3,2,0.6666666666666666,1,204.85,0,0,,535.40,0.00,0.0
1097,2025-01-01,5,3,0.6,3,473.16,3,0,0.0,506.92,0.00,0.0
1097,2025-02-01,3,2,0.6666666666666666,2,435.26,2,0,0.0,719.19,0.00,0.0
1097,2025-03-01,4,1,0.25,1,209.14,1,1,1.0,593.11,0.00,0.0
1097,2025-04-01,3,3,1.0,3,1062.95,3,0,0.0,1570.37,0.00,0.0
1097,2025-05-01,1,0,0.0,0,0.00,0,0,,1085.89,281.20,0.2589580896775916
1097,2025-06-01,2,1,0.5,1,580.02,1,0,0.0,1093.63,278.26,0.25443705823724655
1097,2025-07-01,2,1,0.5,1,240.16,1,0,0.0,1055.79,278.58,0.2638592901997556
1097,2025-08-01,3,3,1.0,2,898.86,2,0,0.0,1951.89,283.08,0.14502866452515253
1097,2025-09-01,1,1,1.0,1,488.28,1,0,0.0,1955.24,508.86,0.2602544956117919
1097,2025-10-01,2,0,0.0,0,0.00,0,0,,1150.14,293.46,0.2551515467682195
1097,2025-11-01,2,1,0.5,1,75.28,1,0,0.0,904.79,300.59,0.3322207363034516
1097,2025-12-01,1,1,1.0,1,1152.03,1,1,1.0,2157.92,297.43,0.13783180099354933
1097,2026-01-01,4,3,0.75,3,619.93,3,0,0.0,2626.23,288.38,0.10980759491742917
1097,2026-02-01,1,0,0.0,0,0.00,0,0,,2466.99,1654.99,0.6708539556301404
1097,2026-03-01,3,2,0.6666666666666666,0,0.00,0,0,,1863.63,284.19,0.15249271582878574
1097,2026-04-01,4,3,0.75,3,566.50,3,0,0.0,2167.07,288.61,0.1331798234482504
1097,2026-05-01,4,3,0.75,3,1522.84,0,0,,3232.33,300.21,0.09287727428820695
1097,2026-06-01,1,1,1.0,1,732.11,0,0,,3440.11,299.88,0.08717163113970193
1098,2025-01-01,3,2,0.6666666666666666,1,320.87,1,0,0.0,355.32,0.00,0.0
1098,2025-02-01,2,1,0.5,1,137.37,1,0,0.0,381.22,0.00,0.0
1098,2025-03-01,2,2,1.0,2,511.16,2,1,0.5,849.56,0.00,0.0
1098,2025-04-01,2,2,1.0,2,375.87,2,0,0.0,1235.35,0.00,0.0
1098,2025-05-01,3,3,1.0,2,983.69,2,0,0.0,1910.62,0.00,0.0
1098,2025-06-01,1,0,0.0,1,1186.88,1,0,0.0,2778.80,0.00,0.0
1098,2025-07-01,2,2,1.0,2,348.45,2,1,0.5,2371.51,45.86,0.019337890204974888
1098,2025-08-01,2,1,0.5,1,281.57,1,0,0.0,1906.23,106.30,0.055764519496598
1098,2025-09-01,5,3,0.6,2,524.27,2,0,0.0,2259.35,316.91,0.14026600570960676
1098,2025-10-01,2,1,0.5,1,408.94,1,0,0.0,1476.80,110.19,0.07461403033586132
1098,2025-11-01,2,1,0.5,1,60.08,1,1,1.0,1193.42,112.87,0.09457693016708284
1098,2025-12-01,1,0,0.0,0,0.00,0,0,,549.18,111.69,0.20337594231399542
1098,2026-01-01,1,1,1.0,1,180.27,1,0,0.0,465.66,170.20,0.36550272731177247
1098,2026-02-01,1,0,0.0,0,0.00,0,0,,347.52,149.64,0.4305939226519337
1098,2026-03-01,1,1,1.0,0,0.00,0,0,,246.06,147.38,0.5989596033487767
1098,2026-04-01,2,1,0.5,1,528.14,1,0,0.0,789.82,149.68,0.18951153427363196
1098,2026-05-01,1,0,0.0,0,0.00,0,0,,615.98,155.69,0.2527517127179454
1098,2026-06-01,4,2,0.5,1,518.49,0,0,,1038.88,155.52,0.14969967657477282
1099,2025-02-01,1,1,1.0,0,0.00,0,0,,0.00,0.00,
1099,2025-03-01,1,1,1.0,2,630.94,2,0,0.0,511.26,0.00,0.0
1099,2025-04-01,0,0,,0,0.00,0,0,,517.54,0.00,0.0
1099,2025-05-01,1,1,1.0,0,0.00,0,0,,266.47,0.00,0.0
1099,2025-06-01,0,0,,0,0.00,0,0,,82.47,0.00,0.0
1099,2025-07-01,1,1,1.0,1,183.00,1,0,0.0,194.63,0.00,0.0
1099,2025-08-01,0,0,,0,0.00,0,0,,130.35,0.00,0.0
1099,2025-09-01,2,0,0.0,0,0.00,0,0,,64.54,0.00,0.0
1099,2025-10-01,0,0,,0,0.00,0,0,,0.00,0.00,
1099,2025-11-01,0,0,,0,0.00,0,0,,0.00,0.00,
1099,2025-12-01,2,1,0.5,1,76.29,1,0,0.0,79.83,0.00,0.0
1099,2026-01-01,1,1,1.0,0,0.00,0,0,,79.51,0.00,0.0
1099,2026-02-01,4,2,0.5,2,1396.22,2,0,0.0,1604.73,0.00,0.0
1099,2026-03-01,1,0,0.0,1,172.87,1,0,0.0,1348.18,52.31,0.03880045691228174
1099,2026-04-01,0,0,,0,0.00,0,0,,924.21,0.00,0.0
1099,2026-05-01,0,0,,0,0.00,0,0,,457.77,0.00,0.0
1099,2026-06-01,2,1,0.5,1,184.21,0,0,,213.10,0.00,0.0
1100,2025-01-01,1,1,1.0,1,184.17,1,0,0.0,210.50,0.00,0.0
1100,2025-02-01,3,1,0.3333333333333333,1,1185.09,1,0,0.0,1426.50,0.00,0.0
1100,2025-03-01,1,1,1.0,0,0.00,0,0,,952.87,0.00,0.0
1100,2025-04-01,1,1,1.0,1,86.25,1,0,0.0,652.19,0.00,0.0
1100,2025-05-01,3,2,0.6666666666666666,2,378.39,2,0,0.0,634.68,134.28,0.21157118547929668
1100,2025-06-01,2,1,0.5,0,0.00,0,0,,534.48,99.65,0.18644289776979495
1100,2025-07-01,2,1,0.5,0,0.00,0,0,,365.51,0.00,0.0
1100,2025-08-01,2,1,0.5,1,242.09,1,0,0.0,488.03,0.00,0.0
1100,2025-09-01,3,2,0.6666666666666666,2,665.85,2,0,0.0,1144.84,0.00,0.0
1100,2025-10-01,1,0,0.0,0,0.00,0,0,,687.78,0.00,0.0
1100,2025-11-01,1,0,0.0,0,0.00,0,0,,371.71,0.00,0.0
1100,2025-12-01,0,0,,0,0.00,0,0,,63.11,0.00,0.0
1100,2026-01-01,2,2,1.0,1,638.58,1,0,0.0,735.64,0.00,0.0
1100,2026-02-01,0,0,,1,223.45,1,0,0.0,852.66,0.00,0.0
1100,2026-03-01,0,0,,0,0.00,0,0,,640.39,0.00,0.0
1100,2026-04-01,1,1,1.0,1,191.45,1,0,0.0,571.95,0.00,0.0
1100,2026-05-01,0,0,,0,0.00,0,0,,396.59,0.00,0.0
1100,2026-06-01,1,1,1.0,1,41.74,0,0,,116.18,0.00,0.0
1101,2025-05-01,1,0,0.0,0,0.00,0,0,,0.00,0.00,
1101,2026-01-01,1,0,0.0,0,0.00,0,0,,0.00,0.00,
1101,2026-02-01,1,0,0.0,0,0.00,0,0,,0.00,0.00,
1101,2026-05-01,1,0,0.0,0,0.00,0,0,,0.00,0.00,
1102,2025-01-01,7,4,0.5714285714285714,3,584.01,3,0,0.0,649.02,0.00,0.0
1102,2025-02-01,13,8,0.6153846153846154,6,1471.12,6,0,0.0,1979.92,0.00,0.0
1102,2025-03-01,15,8,0.5333333333333333,8,2369.98,8,0,0.0,4092.22,0.00,0.0
1102,2025-04-01,10,9,0.9,6,1967.54,6,0,0.0,5119.45,0.00,0.0
1102,2025-05-01,9,4,0.4444444444444444,4,843.62,4,2,0.5,3992.92,0.00,0.0
1102,2025-06-01,10,4,0.4,3,1052.78,3,0,0.0,4078.37,86.87,0.02130017629592215
1102,2025-07-01,9,4,0.4444444444444444,5,1812.47,5,1,0.2,4391.43,472.70,0.10764147441721716
1102,2025-08-01,9,3,0.3333333333333333,3,866.60,3,1,0.3333333333333333,3561.81,56.01,0.015725150976610206
1102,2025-09-01,15,7,0.4666666666666667,3,587.14,3,1,0.3333333333333333,3076.71,0.00,0.0
1102,2025-10-01,14,6,0.42857142857142855,7,1499.04,7,0,0.0,3519.67,261.45,0.07428253216920903
1102,2025-11-01,17,11,0.6470588235294118,10,3591.41,10,2,0.2,6740.84,657.54,0.0975457064698168
1102,2025-12-01,17,8,0.47058823529411764,6,3063.07,6,2,0.3333333333333333,8408.38,689.78,0.0820348271605232
1102,2026-01-01,10,5,0.5,3,750.66,3,1,0.3333333333333333,7220.04,1445.27,0.2001747912753946
1102,2026-02-01,16,7,0.4375,4,1496.99,4,0,0.0,6012.51,1289.46,0.21446284496824122
1102,2026-03-01,13,8,0.6153846153846154,5,1636.07,5,0,0.0,6439.54,1787.66,0.27760678557785184
1102,2026-04-01,10,6,0.6,7,1558.13,7,2,0.2857142857142857,6520.52,1771.66,0.2717053241152546
1102,2026-05-01,11,7,0.6363636363636364,4,963.32,0,0,,5929.54,1755.03,0.2959808012088627
1102,2026-06-01,6,3,0.5,2,805.44,0,0,,5326.97,2317.41,0.4350334242543134
1103,2025-01-01,3,2,0.6666666666666666,2,518.13,2,0,0.0,545.85,0.00,0.0
1103,2025-02-01,0,0,,0,0.00,0,0,,388.40,0.00,0.0
1103,2025-03-01,1,0,0.0,0,0.00,0,0,,230.57,0.00,0.0
1103,2025-04-01,1,0,0.0,0,0.00,0,0,,82.99,0.00,0.0
1103,2025-05-01,1,0,0.0,0,0.00,0,0,,53.46,0.00,0.0
1103,2025-06-01,0,0,,0,0.00,0,0,,26.46,0.00,0.0
1103,2025-07-01,1,1,1.0,1,369.11,1,0,0.0,396.27,0.00,0.0
1103,2025-08-01,1,1,1.0,0,0.00,0,0,,302.00,0.00,0.0
1103,2025-09-01,0,0,,1,532.71,1,0,0.0,604.53,0.00,0.0
1103,2025-10-01,2,2,1.0,2,728.69,2,0,0.0,1082.31,0.00,0.0
1103,2025-11-01,1,1,1.0,1,418.82,1,0,0.0,1437.84,0.00,0.0
1103,2025-12-01,1,1,1.0,0,0.00,0,0,,621.54,0.00,0.0
1103,2026-01-01,0,0,,0,0.00,0,0,,231.78,0.00,0.0
1103,2026-02-01,1,0,0.0,0,0.00,0,0,,115.97,0.00,0.0
1103,2026-03-01,1,0,0.0,0,0.00,0,0,,0.00,0.00,
1103,2026-04-01,0,0,,0,0.00,0,0,,0.00,0.00,
1103,2026-05-01,1,1,1.0,1,249.50,0,0,,285.68,0.00,0.0
1103,2026-06-01,0,0,,0,0.00,0,0,,285.37,0.00,0.0
1104,2025-01-01,2,1,0.5,0,0.00,0,0,,0.00,0.00,
1104,2025-02-01,0,0,,1,370.79,1,0,0.0,294.53,0.00,0.0
1104,2025-03-01,0,0,,0,0.00,0,0,,192.08,0.00,0.0
1104,2025-04-01,4,1,0.25,1,281.24,1,1,1.0,509.66,0.00,0.0
1104,2025-05-01,1,1,1.0,1,144.68,1,0,0.0,452.80,0.00,0.0
1104,2025-06-01,1,1,1.0,1,177.64,1,1,1.0,592.20,299.66,0.5060114826072273
1104,2025-07-01,0,0,,0,0.00,0,0,,318.35,0.00,0.0
1104,2025-08-01,0,0,,0,0.00,0,0,,240.36,0.00,0.0
1104,2025-09-01,0,0,,0,0.00,0,0,,101.52,0.00,0.0
1104,2025-10-01,0,0,,0,0.00,0,0,,68.06,0.00,0.0
1104,2025-11-01,0,0,,0,0.00,0,0,,34.86,0.00,0.0
1104,2025-12-01,1,1,1.0,0,0.00,0,0,,0.00,0.00,
1104,2026-01-01,0,0,,0,0.00,0,0,,0.00,0.00,
1104,2026-02-01,0,0,,0,0.00,0,0,,0.00,0.00,
1104,2026-03-01,0,0,,0,0.00,0,0,,0.00,0.00,
1104,2026-04-01,1,0,0.0,0,0.00,0,0,,0.00,0.00,
1104,2026-05-01,1,1,1.0,1,92.08,0,0,,99.63,0.00,0.0
1104,2026-06-01,0,0,,0,0.00,0,0,,66.34,0.00,0.0
1105,2025-05-01,2,1,0.5,1,76.45,1,0,0.0,80.77,0.00,0.0
1105,2025-06-01,0,0,,0,0.00,0,0,,59.94,0.00,0.0
1105,2025-07-01,2,1,0.5,1,490.42,1,0,0.0,623.27,0.00,0.0
1105,2025-08-01,0,0,,0,0.00,0,0,,497.27,0.00,0.0
1105,2025-09-01,0,0,,0,0.00,0,0,,393.36,0.00,0.0
1105,2025-10-01,1,1,1.0,1,941.52,1,0,0.0,1304.92,0.00,0.0
1105,2025-11-01,1,0,0.0,0,0.00,0,0,,891.09,0.00,0.0
1105,2025-12-01,0,0,,0,0.00,0,0,,480.92,0.00,0.0
1105,2026-01-01,0,0,,0,0.00,0,0,,0.00,0.00,
1105,2026-02-01,1,1,1.0,1,220.43,1,0,0.0,234.71,0.00,0.0
1105,2026-03-01,2,0,0.0,0,0.00,0,0,,154.11,0.00,0.0
1105,2026-04-01,0,0,,0,0.00,0,0,,78.25,0.00,0.0
1105,2026-05-01,1,1,1.0,0,0.00,0,0,,0.00,0.00,
1105,2026-06-01,1,1,1.0,2,846.89,0,0,,928.98,0.00,0.0
1106,2025-01-01,2,1,0.5,1,421.46,1,0,0.0,466.79,0.00,0.0
1106,2025-02-01,0,0,,0,0.00,0,0,,347.02,0.00,0.0
1106,2025-03-01,0,0,,0,0.00,0,0,,226.28,0.00,0.0
1106,2025-04-01,1,1,1.0,1,450.20,1,1,1.0,629.10,0.00,0.0
1106,2025-05-01,1,1,1.0,0,0.00,0,0,,496.14,0.00,0.0
1106,2025-06-01,1,1,1.0,2,640.32,2,0,0.0,1018.45,0.00,0.0
1106,2025-07-01,2,1,0.5,1,150.59,1,0,0.0,1007.33,0.00,0.0
1106,2025-08-01,0,0,,0,0.00,0,0,,931.46,249.70,0.26807377665170806
1106,2025-09-01,3,1,0.3333333333333333,1,124.82,1,0,0.0,886.05,257.43,0.2905366514305062
1106,2025-10-01,3,2,0.6666666666666666,1,199.33,1,0,0.0,868.40,258.86,0.2980884385076002
1106,2025-11-01,2,0,0.0,0,0.00,0,0,,810.19,265.16,0.3272812550142559
1106,2025-12-01,0,0,,0,0.00,0,0,,590.95,262.36,0.4439631102462137
1106,2026-01-01,2,2,1.0,2,744.47,2,1,0.5,1300.50,254.38,0.195601691657055
1106,2026-02-01,0,0,,0,0.00,0,0,,1223.47,254.53,0.20803942883765028
1106,2026-03-01,3,1,0.3333333333333333,1,446.46,1,0,0.0,1631.41,856.75,0.5251592180996806
1106,2026-04-01,2,2,1.0,2,363.59,2,0,0.0,2023.72,870.10,0.4299507837052557
1106,2026-05-01,0,0,,0,0.00,0,0,,1784.31,905.04,0.5072212788136591
1106,2026-06-01,1,1,1.0,1,85.91,0,0,,1752.28,904.06,0.515933526605337
1107,2025-01-01,3,2,0.6666666666666666,2,501.03,2,0,0.0,546.28,0.00,0.0
1107,2025-02-01,5,3,0.6,3,1025.35,3,0,0.0,1492.86,0.00,0.0
1107,2025-03-01,1,1,1.0,0,0.00,0,0,,1063.04,0.00,0.0
1107,2025-04-01,3,2,0.6666666666666666,1,210.60,1,0,0.0,847.33,0.00,0.0
1107,2025-05-01,2,2,1.0,3,605.89,3,0,0.0,724.25,0.00,0.0
1107,2025-06-01,4,3,0.75,3,1758.27,3,1,0.3333333333333333,2486.81,0.00,0.0
1107,2025-07-01,1,1,1.0,1,729.75,1,0,0.0,2949.70,0.00,0.0
1107,2025-08-01,1,1,1.0,1,560.00,1,0,0.0,2681.28,410.56,0.15312089748179972
1107,2025-09-01,1,1,1.0,1,502.40,1,0,0.0,2324.16,406.53,0.17491480793060718
1107,2025-10-01,6,1,0.16666666666666666,0,0.00,0,0,,1695.65,413.65,0.24394774865095978
1107,2025-11-01,0,0,,0,0.00,0,0,,1331.45,386.32,0.29014983664426003
1107,2025-12-01,1,1,1.0,0,0.00,0,0,,945.25,379.91,0.40191483734461786
1107,2026-01-01,0,0,,0,0.00,0,0,,478.57,378.37,0.7906262406753454
1107,2026-02-01,3,3,1.0,2,410.45,2,0,0.0,891.33,369.59,0.4146500173897434
1107,2026-03-01,1,1,1.0,2,712.58,2,0,0.0,1393.11,373.44,0.26806210564851307
1107,2026-04-01,4,1,0.25,1,243.81,1,0,0.0,1223.04,370.10,0.3026066195709053
1107,2026-05-01,0,0,,0,0.00,0,0,,661.10,366.63,0.554575707154742
1107,2026-06-01,2,0,0.0,0,0.00,0,0,,567.12,372.90,0.6575327972915784
1108,2025-01-01,1,1,1.0,0,0.00,0,0,,0.00,0.00,
1108,2025-02-01,2,1,0.5,1,677.43,1,0,0.0,699.54,0.00,0.0
1108,2025-03-01,1,1,1.0,1,745.97,1,0,0.0,1545.55,0.00,0.0
1108,2025-04-01,0,0,,0,0.00,0,0,,1043.02,0.00,0.0
1108,2025-05-01,4,2,0.5,1,356.21,1,0,0.0,1154.67,464.52,0.4022967601132791
1108,2025-06-01,1,1,1.0,1,164.29,1,0,0.0,1034.73,491.55,0.4750514627004146
1108,2025-07-01,1,1,1.0,0,0.00,0,0,,908.36,518.36,0.5706548064643974
1108,2025-08-01,2,2,1.0,3,2480.31,3,0,0.0,3687.30,520.74,0.141225286795216
1108,2025-09-01,3,1,0.3333333333333333,0,0.00,0,0,,2867.93,515.62,0.1797882096146001
1108,2025-10-01,3,3,1.0,1,131.81,1,0,0.0,2128.04,489.50,0.23002387173173436
1108,2025-11-01,1,1,1.0,1,164.46,1,1,1.0,1412.52,489.99,0.34689066349503017
1108,2025-12-01,0,0,,1,568.94,1,0,0.0,1801.95,481.86,0.26741030550237244
1108,2026-01-01,1,0,0.0,0,0.00,0,0,,1189.84,479.91,0.40333994486653674
1108,2026-02-01,4,2,0.5,2,409.93,2,0,0.0,1076.59,468.77,0.43542109809676854
1108,2026-03-01,0,0,,0,0.00,0,0,,800.72,473.66,0.5915426116495155
1108,2026-04-01,2,2,1.0,1,1017.62,1,0,0.0,1771.37,469.42,0.265003923516826
1108,2026-05-01,2,2,1.0,2,367.71,0,0,,1779.90,465.01,0.2612562503511433
1108,2026-06-01,1,1,1.0,1,474.39,0,0,,1627.80,472.97,0.2905578080845313
1109,2025-04-01,2,1,0.5,1,408.60,1,0,0.0,481.13,0.00,0.0
1109,2025-05-01,0,0,,0,0.00,0,0,,348.63,0.00,0.0
1109,2025-06-01,0,0,,0,0.00,0,0,,230.00,0.00,0.0
1109,2025-07-01,1,1,1.0,1,97.18,1,0,0.0,219.89,0.00,0.0
1109,2025-08-01,0,0,,0,0.00,0,0,,70.96,0.00,0.0
1109,2025-09-01,0,0,,0,0.00,0,0,,36.57,0.00,0.0
1109,2025-10-01,0,0,,0,0.00,0,0,,0.00,0.00,
1109,2025-11-01,0,0,,0,0.00,0,0,,0.00,0.00,
1109,2025-12-01,1,1,1.0,1,188.62,1,0,0.0,205.86,0.00,0.0
1109,2026-01-01,0,0,,0,0.00,0,0,,149.69,0.00,0.0
1109,2026-02-01,0,0,,0,0.00,0,0,,99.85,0.00,0.0
1109,2026-03-01,0,0,,0,0.00,0,0,,49.16,0.00,0.0
1109,2026-04-01,0,0,,0,0.00,0,0,,0.00,0.00,
1109,2026-05-01,0,0,,0,0.00,0,0,,0.00,0.00,
1109,2026-06-01,0,0,,0,0.00,0,0,,0.00,0.00,
1110,2025-01-01,3,1,0.3333333333333333,1,161.22,1,0,0.0,220.98,0.00,0.0
1110,2025-02-01,1,1,1.0,1,185.62,1,0,0.0,383.54,0.00,0.0
1110,2025-03-01,1,0,0.0,0,0.00,0,0,,326.01,0.00,0.0
1110,2025-04-01,1,1,1.0,1,486.66,1,0,0.0,1013.86,0.00,0.0
1110,2025-05-01,4,3,0.75,1,408.47,1,0,0.0,1285.48,0.00,0.0
1110,2025-06-01,1,1,1.0,3,602.20,3,0,0.0,1809.03,0.00,0.0
1110,2025-07-01,2,1,0.5,0,0.00,0,0,,1503.65,0.00,0.0
1110,2025-08-01,2,1,0.5,1,364.74,1,1,1.0,1629.33,0.00,0.0
1110,2025-09-01,2,2,1.0,1,844.20,1,0,0.0,2319.62,0.00,0.0
1110,2025-10-01,2,0,0.0,0,0.00,0,0,,1854.60,400.20,0.2157877709479133
1110,2025-11-01,2,0,0.0,0,0.00,0,0,,1119.06,0.00,0.0
1110,2025-12-01,1,0,0.0,0,0.00,0,0,,487.00,0.00,0.0
1110,2026-01-01,0,0,,0,0.00,0,0,,316.13,0.00,0.0
1110,2026-02-01,1,0,0.0,0,0.00,0,0,,236.01,0.00,0.0
1110,2026-03-01,0,0,,0,0.00,0,0,,117.68,0.00,0.0
1110,2026-04-01,1,1,1.0,1,331.88,1,0,0.0,438.04,0.00,0.0
1110,2026-05-01,1,0,0.0,0,0.00,0,0,,343.75,0.00,0.0
1110,2026-06-01,3,1,0.3333333333333333,0,0.00,0,0,,201.11,0.00,0.0
1111,2025-01-01,5,3,0.6,1,176.15,1,0,0.0,189.97,0.00,0.0
1111,2025-02-01,5,3,0.6,4,1282.49,4,0,0.0,1482.51,0.00,0.0
1111,2025-03-01,7,5,0.7142857142857143,5,1127.14,5,1,0.2,2373.64,0.00,0.0
1111,2025-04-01,4,1,0.25,1,575.90,1,0,0.0,2451.98,0.00,0.0
1111,2025-05-01,5,3,0.6,1,364.08,1,0,0.0,1997.15,0.00,0.0
1111,2025-06-01,6,4,0.6666666666666666,4,1127.43,4,2,0.5,2535.30,0.00,0.0
1111,2025-07-01,10,5,0.5,4,1291.97,4,0,0.0,3462.54,169.83,0.04904780883397737
1111,2025-08-01,7,4,0.5714285714285714,3,1108.29,3,1,0.3333333333333333,3678.19,526.90,0.14324980493122974
1111,2025-09-01,3,0,0.0,0,0.00,0,0,,2440.61,106.21,0.043517809072322076
1111,2025-10-01,2,1,0.5,0,0.00,0,0,,1552.45,232.31,0.14964089020580373
1111,2025-11-01,5,2,0.4,0,0.00,0,0,,536.37,100.92,0.18815369987135747
1111,2025-12-01,8,4,0.5,6,2159.58,6,0,0.0,2564.26,99.25,0.038705123505416765
1111,2026-01-01,11,9,0.8181818181818182,8,1507.82,8,0,0.0,3470.13,143.74,0.04142207928809584
1111,2026-02-01,11,7,0.6363636363636364,6,1575.06,6,1,0.16666666666666666,3834.27,118.48,0.030900275671770637
1111,2026-03-01,7,4,0.5714285714285714,1,366.62,1,1,1.0,2767.36,97.56,0.03525381591119334
1111,2026-04-01,5,3,0.6,3,714.82,3,0,0.0,2818.26,175.89,0.062410849247407967
1111,2026-05-01,6,4,0.6666666666666666,4,827.81,0,0,,2986.11,565.63,0.18942034955175796
1111,2026-06-01,6,5,0.8333333333333334,3,479.26,0,0,,2706.51,625.79,0.23121658519643376
1112,2025-04-01,1,0,0.0,0,0.00,0,0,,0.00,0.00,
1112,2025-06-01,1,1,1.0,1,183.56,1,0,0.0,199.39,0.00,0.0
1112,2025-07-01,3,2,0.6666666666666666,2,183.87,2,0,0.0,334.10,0.00,0.0
1112,2025-08-01,0,0,,0,0.00,0,0,,288.43,0.00,0.0
1112,2025-09-01,0,0,,0,0.00,0,0,,146.53,0.00,0.0
1112,2025-10-01,0,0,,0,0.00,0,0,,52.96,0.00,0.0
1112,2025-11-01,0,0,,0,0.00,0,0,,0.00,0.00,
1112,2025-12-01,0,0,,0,0.00,0,0,,0.00,0.00,
1112,2026-01-01,0,0,,0,0.00,0,0,,0.00,0.00,
1112,2026-02-01,0,0,,0,0.00,0,0,,0.00,0.00,
1112,2026-03-01,1,0,0.0,0,0.00,0,0,,0.00,0.00,
1112,2026-04-01,1,1,1.0,1,497.16,1,0,0.0,546.16,0.00,0.0
1112,2026-05-01,1,1,1.0,1,774.11,0,0,,1213.01,0.00,0.0
1112,2026-06-01,1,1,1.0,0,0.00,0,0,,744.75,0.00,0.0
1113,2025-01-01,1,0,0.0,0,0.00,0,0,,0.00,0.00,
1113,2025-02-01,4,3,0.75,3,1306.62,3,0,0.0,1525.10,0.00,0.0
1113,2025-03-01,0,0,,0,0.00,0,0,,1260.80,0.00,0.0
1113,2025-04-01,3,2,0.6666666666666666,2,441.86,2,1,0.5,1569.48,0.00,0.0
1113,2025-05-01,2,2,1.0,1,748.88,1,0,0.0,2005.47,0.00,0.0
1113,2025-06-01,2,2,1.0,1,58.36,1,0,0.0,1557.91,0.00,0.0
1113,2025-07-01,1,0,0.0,0,0.00,0,0,,1178.99,0.00,0.0
1113,2025-08-01,1,0,0.0,0,0.00,0,0,,761.27,0.00,0.0
1113,2025-09-01,4,3,0.75,3,1042.74,3,1,0.3333333333333333,1839.10,0.00,0.0
1113,2025-10-01,2,0,0.0,0,0.00,0,0,,1542.25,20.95,0.01358404927865132
1113,2025-11-01,2,1,0.5,1,138.74,1,0,0.0,1382.51,432.96,0.31316952499439427
1113,2025-12-01,0,0,,0,0.00,0,0,,1167.34,425.78,0.36474377644902084
1113,2026-01-01,1,1,1.0,0,0.00,0,0,,818.53,424.06,0.518075085824588
1113,2026-02-01,0,0,,0,0.00,0,0,,612.51,458.82,0.749081647646569
1113,2026-03-01,1,0,0.0,0,0.00,0,0,,498.79,463.60,0.9294492672266886
1113,2026-04-01,3,1,0.3333333333333333,1,300.26,1,1,1.0,805.16,459.45,0.5706319240896219
1113,2026-05-01,2,1,0.5,1,121.43,0,0,,932.34,455.14,0.4881695518802153
1113,2026-06-01,3,0,0.0,0,0.00,0,0,,902.61,811.24,0.8987713408891991
1114,2025-03-01,1,0,0.0,0,0.00,0,0,,0.00,0.00,
1114,2025-06-01,1,0,0.0,0,0.00,0,0,,0.00,0.00,
1114,2025-08-01,1,1,1.0,1,242.77,1,0,0.0,297.05,0.00,0.0
1114,2025-09-01,0,0,,0,0.00,0,0,,255.19,0.00,0.0
1114,2025-10-01,1,1,1.0,1,150.90,1,0,0.0,410.13,0.00,0.0
1114,2025-11-01,0,0,,0,0.00,0,0,,357.04,0.00,0.0
1114,2025-12-01,0,0,,0,0.00,0,0,,277.05,0.00,0.0
1114,2026-01-01,1,1,1.0,1,218.49,1,0,0.0,438.25,0.00,0.0
1114,2026-02-01,0,0,,0,0.00,0,0,,331.79,0.00,0.0
1114,2026-03-01,2,1,0.5,0,0.00,0,0,,277.96,0.00,0.0
1114,2026-04-01,1,1,1.0,1,846.48,1,0,0.0,1084.11,0.00,0.0
1114,2026-05-01,0,0,,1,287.27,0,0,,778.41,0.00,0.0
1114,2026-06-01,1,0,0.0,0,0.00,0,0,,341.27,0.00,0.0
1115,2025-03-01,1,0,0.0,0,0.00,0,0,,0.00,0.00,
1115,2025-04-01,1,1,1.0,1,669.60,1,1,1.0,718.58,0.00,0.0
1115,2025-05-01,1,0,0.0,0,0.00,0,0,,694.25,0.00,0.0
1115,2025-06-01,1,1,1.0,0,0.00,0,0,,515.25,0.00,0.0
1115,2025-07-01,1,1,1.0,1,558.20,1,0,0.0,789.79,0.00,0.0
1115,2025-08-01,6,3,0.5,0,0.00,0,0,,645.58,0.00,0.0
1115,2025-09-01,0,0,,1,514.75,1,0,0.0,953.00,180.11,0.18899265477439667
1115,2025-10-01,0,0,,0,0.00,0,0,,463.87,0.00,0.0
1115,2025-11-01,0,0,,0,0.00,0,0,,154.24,0.00,0.0
1115,2025-12-01,0,0,,0,0.00,0,0,,61.05,0.00,0.0
1115,2026-01-01,0,0,,0,0.00,0,0,,0.00,0.00,
1115,2026-02-01,1,1,1.0,1,496.91,1,0,0.0,562.51,0.00,0.0
1115,2026-03-01,0,0,,0,0.00,0,0,,415.50,0.00,0.0
1115,2026-04-01,0,0,,0,0.00,0,0,,281.32,0.00,0.0
1115,2026-05-01,1,1,1.0,1,190.54,0,0,,346.94,0.00,0.0
1115,2026-06-01,1,1,1.0,1,85.16,0,0,,159.48,0.00,0.0
1116,2025-01-01,1,1,1.0,1,182.12,1,0,0.0,215.61,0.00,0.0
1116,2025-02-01,2,0,0.0,0,0.00,0,0,,195.92,0.00,0.0
1116,2025-03-01,2,2,1.0,2,375.43,2,0,0.0,572.58,0.00,0.0
1116,2025-04-01,2,2,1.0,0,0.00,0,0,,431.49,0.00,0.0
1116,2025-05-01,3,2,0.6666666666666666,3,1174.93,3,0,0.0,1594.37,0.00,0.0
1116,2025-06-01,1,1,1.0,1,212.88,1,0,0.0,1156.27,0.00,0.0
1116,2025-07-01,0,0,,0,0.00,0,0,,972.00,0.00,0.0
1116,2025-08-01,5,5,1.0,3,475.12,3,0,0.0,1130.03,0.00,0.0
1116,2025-09-01,2,1,0.5,2,1359.23,2,1,0.5,2764.18,0.00,0.0
1116,2025-10-01,2,2,1.0,2,483.93,2,1,0.5,2919.04,0.00,0.0
1116,2025-11-01,3,2,0.6666666666666666,2,1058.30,2,0,0.0,3558.70,18.32,0.005147947284120606
1116,2025-12-01,3,3,1.0,3,383.91,3,1,0.3333333333333333,3257.36,0.00,0.0
1116,2026-01-01,7,4,0.5714285714285714,2,631.52,2,0,0.0,3279.73,0.00,0.0
1116,2026-02-01,3,1,0.3333333333333333,1,289.40,1,0,0.0,2815.91,0.00,0.0
1116,2026-03-01,0,0,,0,0.00,0,0,,2377.91,0.00,0.0
1116,2026-04-01,2,1,0.5,1,138.89,1,0,0.0,1784.52,0.00,0.0
1116,2026-05-01,1,1,1.0,0,0.00,0,0,,1454.03,0.00,0.0
1116,2026-06-01,3,2,0.6666666666666666,2,598.16,0,0,,1701.96,0.00,0.0
1117,2025-01-01,3,2,0.6666666666666666,0,0.00,0,0,,0.00,0.00,
1117,2025-02-01,5,2,0.4,3,846.59,3,0,0.0,920.07,0.00,0.0
1117,2025-03-01,1,1,1.0,0,0.00,0,0,,621.93,0.00,0.0
1117,2025-04-01,2,0,0.0,1,250.34,1,0,0.0,641.01,0.00,0.0
1117,2025-05-01,0,0,,0,0.00,0,0,,350.51,0.00,0.0
1117,2025-06-01,1,1,1.0,1,114.28,1,0,0.0,380.24,0.00,0.0
1117,2025-07-01,1,0,0.0,0,0.00,0,0,,252.24,0.00,0.0
1117,2025-08-01,1,0,0.0,0,0.00,0,0,,83.91,0.00,0.0
1117,2025-09-01,3,1,0.3333333333333333,0,0.00,0,0,,43.26,0.00,0.0
1117,2025-10-01,3,2,0.6666666666666666,2,485.33,2,0,0.0,487.10,0.00,0.0
1117,2025-11-01,5,4,0.8,3,2141.32,3,0,0.0,2741.23,0.00,0.0
1117,2025-12-01,5,4,0.8,2,601.36,2,0,0.0,2660.16,0.00,0.0
1117,2026-01-01,2,0,0.0,2,614.33,2,0,0.0,2485.96,0.00,0.0
1117,2026-02-01,2,1,0.5,1,910.45,1,0,0.0,2193.62,0.00,0.0
1117,2026-03-01,2,1,0.5,1,368.47,1,0,0.0,1921.66,0.00,0.0
1117,2026-04-01,6,4,0.6666666666666666,3,694.88,3,1,0.3333333333333333,1807.52,0.00,0.0
1117,2026-05-01,4,2,0.5,1,268.78,0,0,,1689.14,0.00,0.0
1117,2026-06-01,1,0,0.0,1,398.39,0,0,,1408.21,120.07,0.08526427166402738
1118,2025-01-01,9,5,0.5555555555555556,4,1624.66,4,0,0.0,1832.00,0.00,0.0
1118,2025-02-01,18,11,0.6111111111111112,8,2153.38,8,1,0.125,3683.07,0.00,0.0
1118,2025-03-01,8,2,0.25,1,327.44,1,1,1.0,2965.62,0.00,0.0
1118,2025-04-01,8,2,0.25,2,370.38,2,1,0.5,2453.98,158.39,0.06454412831400419
1118,2025-05-01,8,3,0.375,1,142.67,1,0,0.0,1862.48,336.27,0.1805495897942528
1118,2025-06-01,7,2,0.2857142857142857,1,293.43,1,0,0.0,1595.90,602.24,0.37736700294504666
1118,2025-07-01,11,7,0.6363636363636364,3,965.29,3,0,0.0,2287.71,562.51,0.245883438023176
1118,2025-08-01,11,7,0.6363636363636364,8,1951.85,8,0,0.0,4173.38,743.55,0.17816494064762853
1118,2025-09-01,11,5,0.45454545454545453,5,3091.99,5,1,0.2,6846.71,525.71,0.07678286359433947
1118,2025-10-01,12,7,0.5833333333333334,4,1158.32,4,0,0.0,6542.36,603.20,0.09219914526256581
1118,2025-11-01,9,4,0.4444444444444444,3,1509.40,3,0,0.0,6401.96,638.98,0.09981005816968554
1118,2025-12-01,12,6,0.5,5,2867.02,5,0,0.0,7772.38,632.24,0.08134445305041699
1118,2026-01-01,11,7,0.6363636363636364,6,1349.48,6,1,0.16666666666666666,6971.14,1317.29,0.18896335463066297
1118,2026-02-01,8,2,0.25,2,475.32,2,2,1.0,6011.09,1177.14,0.19582804449775332
1118,2026-03-01,13,8,0.6153846153846154,7,2047.47,7,0,0.0,6751.71,1261.29,0.18681045246315378
1118,2026-04-01,12,7,0.5833333333333334,6,1751.00,6,1,0.16666666666666666,6762.95,843.37,0.12470445589572599
1118,2026-05-01,9,4,0.4444444444444444,3,1422.56,0,0,,6907.50,1011.22,0.14639449873326096
1118,2026-06-01,10,5,0.5,4,1166.55,0,0,,6391.38,1187.37,0.18577678060137245
1119,2025-01-01,8,6,0.75,6,1863.43,6,0,0.0,2065.15,0.00,0.0
1119,2025-02-01,3,1,0.3333333333333333,1,300.99,1,0,0.0,1936.73,0.00,0.0
1119,2025-03-01,1,0,0.0,0,0.00,0,0,,1437.76,0.00,0.0
1119,2025-04-01,3,2,0.6666666666666666,1,123.70,1,1,1.0,1045.26,245.14,0.23452538124485772
1119,2025-05-01,2,1,0.5,1,588.53,1,0,0.0,1525.62,236.84,0.1552418033324157
1119,2025-06-01,2,2,1.0,1,228.97,1,0,0.0,1529.08,234.37,0.153275171998849
1119,2025-07-01,4,2,0.5,2,617.90,2,1,0.5,2041.07,234.63,0.11495441116669199
1119,2025-08-01,6,3,0.5,3,1662.46,3,0,0.0,3638.25,238.42,0.06553150553150552
1119,2025-09-01,7,6,0.8571428571428571,5,836.91,5,1,0.2,3580.55,608.76,0.17001857256566727
1119,2025-10-01,3,1,0.3333333333333333,2,283.83,2,0,0.0,2778.56,247.16,0.0889525509616492
1119,2025-11-01,6,4,0.6666666666666666,4,1349.05,4,0,0.0,3105.80,253.17,0.08151522957048103
1119,2025-12-01,6,4,0.6666666666666666,3,714.41,3,0,0.0,3007.94,250.51,0.08328291122828248
1119,2026-01-01,4,2,0.5,2,242.86,2,0,0.0,2422.36,242.88,0.10026585643752373
1119,2026-02-01,3,0,0.0,0,0.00,0,0,,1656.95,243.03,0.14667310419747126
1119,2026-03-01,7,3,0.42857142857142855,1,394.18,1,0,0.0,1684.46,402.76,0.2391033328188262
1119,2026-04-01,2,1,0.5,1,319.76,1,0,0.0,1748.56,409.03,0.2339239145353891
1119,2026-05-01,1,0,0.0,0,0.00,0,0,,1409.65,425.46,0.3018196006100805
1119,2026-06-01,3,2,0.6666666666666666,2,213.24,0,0,,1230.11,424.99,0.3454894277747519
1120,2025-01-01,5,2,0.4,1,310.56,1,0,0.0,379.76,0.00,0.0
1120,2025-02-01,4,4,1.0,2,386.58,2,0,0.0,807.07,0.00,0.0
1120,2025-03-01,2,1,0.5,2,456.66,2,0,0.0,1102.30,0.00,0.0
1120,2025-04-01,6,3,0.5,1,61.29,1,0,0.0,1074.37,0.00,0.0
1120,2025-05-01,5,4,0.8,5,1495.16,5,1,0.2,2211.15,220.19,0.09958166564909662
1120,2025-06-01,6,3,0.5,2,297.55,2,0,0.0,1853.71,217.90,0.1175480522843379
1120,2025-07-01,6,3,0.5,1,284.03,1,0,0.0,1594.36,218.14,0.13681978975890013
1120,2025-08-01,8,5,0.625,7,1607.71,7,0,0.0,2569.79,282.62,0.10997785811291974
1120,2025-09-01,4,3,0.75,2,750.81,2,1,0.5,2735.09,291.36,0.10652665908617266
1120,2025-10-01,2,1,0.5,1,1164.19,1,0,0.0,3442.33,555.77,0.16145169115105176
1120,2025-11-01,4,2,0.5,1,190.27,1,0,0.0,2806.08,653.45,0.2328693408598472
1120,2025-12-01,4,3,0.75,3,1058.98,3,0,0.0,3528.82,646.57,0.18322555415124603
1120,2026-01-01,6,3,0.5,2,595.59,2,0,0.0,3129.46,626.89,0.20031890485898524
1120,2026-02-01,4,2,0.5,3,773.11,3,1,0.3333333333333333,3030.88,627.27,0.20695969487409596
1120,2026-03-01,7,4,0.5714285714285714,3,911.14,3,1,0.3333333333333333,3351.98,937.03,0.2795452240168497
1120,2026-04-01,1,0,0.0,0,0.00,0,0,,2660.92,1206.43,0.4533883017903582
1120,2026-05-01,5,4,0.8,3,829.13,0,0,,3031.65,1371.77,0.4524829713192486
1120,2026-06-01,6,3,0.5,3,1321.93,0,0,,3819.30,1424.35,0.37293483098997193
1121,2025-01-01,1,1,1.0,1,260.15,1,0,0.0,272.10,0.00,0.0
1121,2025-02-01,1,1,1.0,1,481.66,1,0,0.0,748.61,0.00,0.0
1121,2025-03-01,2,2,1.0,2,633.57,2,1,0.5,1281.88,0.00,0.0
1121,2025-04-01,1,0,0.0,0,0.00,0,0,,1092.49,0.00,0.0
1121,2025-05-01,0,0,,0,0.00,0,0,,437.56,0.00,0.0
1121,2025-06-01,3,3,1.0,3,757.25,3,1,0.3333333333333333,1086.86,0.00,0.0
1121,2025-07-01,2,0,0.0,0,0.00,0,0,,920.45,0.00,0.0
1121,2025-08-01,2,1,0.5,0,0.00,0,0,,391.30,0.00,0.0
1121,2025-09-01,2,1,0.5,2,684.71,2,0,0.0,876.51,0.00,0.0
1121,2025-10-01,0,0,,0,0.00,0,0,,642.96,0.00,0.0
1121,2025-11-01,3,0,0.0,0,0.00,0,0,,318.41,0.00,0.0
1121,2025-12-01,2,1,0.5,1,41.23,1,0,0.0,169.50,0.00,0.0
1121,2026-01-01,1,1,1.0,0,0.00,0,0,,28.26,0.00,0.0
1121,2026-02-01,1,0,0.0,0,0.00,0,0,,13.80,0.00,0.0
1121,2026-03-01,0,0,,0,0.00,0,0,,0.00,0.00,
1121,2026-04-01,0,0,,0,0.00,0,0,,0.00,0.00,
1121,2026-05-01,1,0,0.0,0,0.00,0,0,,0.00,0.00,
1121,2026-06-01,0,0,,0,0.00,0,0,,0.00,0.00,
1122,2024-12-01,1,1,1.0,0,0.00,0,0,,0.00,0.00,
1122,2025-01-01,2,2,1.0,2,521.87,2,1,0.5,574.03,0.00,0.0
1122,2025-02-01,2,1,0.5,2,465.14,2,2,1.0,1033.51,0.00,0.0
1122,2025-03-01,0,0,,0,0.00,0,0,,917.57,183.17,0.1996250967228658
1122,2025-04-01,2,0,0.0,0,0.00,0,0,,764.27,436.20,0.570740706818271
1122,2025-05-01,0,0,,0,0.00,0,0,,623.78,421.43,0.6756067844432332
1122,2025-06-01,3,3,1.0,1,98.82,1,0,0.0,708.54,417.04,0.5885906229711803
1122,2025-07-01,0,0,,2,453.84,2,0,0.0,1124.16,417.51,0.37139730999146026
1122,2025-08-01,8,2,0.25,1,227.99,1,0,0.0,1157.34,424.25,0.3665733492318593
1122,2025-09-01,3,0,0.0,0,0.00,0,0,,1062.49,437.37,0.4116462272586095
1122,2025-10-01,1,1,1.0,1,206.11,1,1,1.0,914.95,439.81,0.4806929340401115
1122,2025-11-01,3,1,0.3333333333333333,0,0.00,0,0,,892.73,450.51,0.5046430611719108
1122,2025-12-01,1,0,0.0,0,0.00,0,0,,592.27,445.76,0.7526297127999054
1122,2026-01-01,3,1,0.3333333333333333,0,0.00,0,0,,455.23,432.19,0.949388221338664
1122,2026-02-01,1,1,1.0,1,275.83,1,0,0.0,758.18,432.45,0.5703790656572318
1122,2026-03-01,3,0,0.0,0,0.00,0,0,,525.28,425.92,0.8108437404812672
1122,2026-04-01,3,1,0.3333333333333333,0,0.00,0,0,,533.47,432.55,0.8108234764841509
1122,2026-05-01,2,1,0.5,1,241.91,0,0,,708.18,449.92,0.6353187042842215
1122,2026-06-01,1,0,0.0,0,0.00,0,0,,655.82,449.43,0.6852947455094385
1123,2025-01-01,1,1,1.0,0,0.00,0,0,,0.00,0.00,
1123,2025-02-01,1,1,1.0,2,437.36,2,0,0.0,522.75,0.00,0.0
1123,2025-03-01,1,0,0.0,0,0.00,0,0,,426.11,0.00,0.0
1123,2025-04-01,2,1,0.5,1,641.97,1,0,0.0,1059.70,0.00,0.0
1123,2025-05-01,1,0,0.0,0,0.00,0,0,,646.18,0.00,0.0
1123,2025-06-01,2,2,1.0,1,156.45,1,0,0.0,574.65,0.00,0.0
1123,2025-07-01,1,1,1.0,1,391.03,1,1,1.0,668.94,43.90,0.06562621460818607
1123,2025-08-01,0,0,,0,0.00,0,0,,551.68,44.61,0.08086209396751741
1123,2025-09-01,0,0,,0,0.00,0,0,,431.59,45.99,0.10655946616001298
1123,2025-10-01,6,3,0.5,2,97.01,2,0,0.0,439.27,46.25,0.10528831925694904
1123,2025-11-01,1,0,0.0,1,231.59,1,0,0.0,611.07,47.37,0.07751976042024644
1123,2025-12-01,0,0,,0,0.00,0,0,,488.66,282.65,0.5784185323128554
1123,2026-01-01,2,1,0.5,1,454.12,1,0,0.0,676.33,45.45,0.06720092262652846
1123,2026-02-01,2,1,0.5,1,228.76,1,0,0.0,753.40,45.47,0.060353066100345104
1123,2026-03-01,1,1,1.0,1,664.79,1,1,1.0,1235.98,44.79,0.03623845046036343
1123,2026-04-01,4,3,0.75,3,836.31,3,0,0.0,2194.55,45.48,0.020724066437310607
1123,2026-05-01,0,0,,0,0.00,0,0,,1905.41,798.70,0.4191748757485266
1123,2026-06-01,0,0,,0,0.00,0,0,,1594.75,797.83,0.5002853111773006
1124,2025-01-01,1,1,1.0,0,0.00,0,0,,0.00,0.00,
1124,2025-06-01,1,1,1.0,0,0.00,0,0,,0.00,0.00,
1124,2025-07-01,1,0,0.0,1,92.25,1,0,0.0,68.71,0.00,0.0
1124,2025-08-01,0,0,,0,0.00,0,0,,69.82,0.00,0.0
1124,2025-09-01,2,1,0.5,1,130.33,1,0,0.0,188.45,0.00,0.0
1124,2025-10-01,0,0,,0,0.00,0,0,,127.75,0.00,0.0
1124,2025-11-01,2,1,0.5,0,0.00,0,0,,104.69,0.00,0.0
1124,2025-12-01,2,1,0.5,1,122.11,1,1,1.0,206.01,0.00,0.0
1124,2026-01-01,0,0,,0,0.00,0,0,,174.63,0.00,0.0
1124,2026-02-01,0,0,,0,0.00,0,0,,66.62,0.00,0.0
1124,2026-03-01,0,0,,0,0.00,0,0,,0.00,0.00,
1124,2026-04-01,0,0,,0,0.00,0,0,,0.00,0.00,
1124,2026-05-01,0,0,,0,0.00,0,0,,0.00,0.00,
1124,2026-06-01,1,0,0.0,0,0.00,0,0,,0.00,0.00,
1125,2025-01-01,33,13,0.3939393939393939,11,2835.37,11,0,0.0,2761.61,0.00,0.0
1125,2025-02-01,26,16,0.6153846153846154,12,3300.75,12,1,0.08333333333333333,5950.12,0.00,0.0
1125,2025-03-01,28,21,0.75,18,3946.29,18,1,0.05555555555555555,8283.58,0.00,0.0
1125,2025-04-01,25,14,0.56,11,1706.24,11,1,0.09090909090909091,8175.38,0.00,0.0
1125,2025-05-01,38,19,0.5,18,6266.07,18,1,0.05555555555555555,12569.38,393.49,0.03130544227320679
1125,2025-06-01,27,14,0.5185185185185185,12,3541.32,12,0,0.0,12877.84,560.16,0.04349797792176328
1125,2025-07-01,34,23,0.6764705882352942,22,5296.92,22,3,0.13636363636363635,15524.11,460.04,0.029633904938833854
1125,2025-08-01,31,16,0.5161290322580645,14,3281.25,14,1,0.07142857142857142,15222.35,830.61,0.05456516240922065
1125,2025-09-01,29,18,0.6206896551724138,16,5613.69,16,3,0.1875,16918.18,1042.17,0.06160059770022544
1125,2025-10-01,14,5,0.35714285714285715,6,1378.75,6,0,0.0,13538.80,814.16,0.06013531479894821
1125,2025-11-01,23,16,0.6956521739130435,11,2394.70,11,1,0.09090909090909091,11604.57,1095.61,0.09441194288112355
1125,2025-12-01,35,22,0.6285714285714286,22,8060.17,22,3,0.13636363636363635,17216.07,1583.28,0.09196523945360352
1125,2026-01-01,21,13,0.6190476190476191,10,3753.55,10,1,0.1,16205.17,1917.15,0.11830483728341018
1125,2026-02-01,23,14,0.6086956521739131,12,3253.11,12,1,0.08333333333333333,15871.14,2483.33,0.1564682814214984
1125,2026-03-01,22,11,0.5,11,2836.46,11,1,0.09090909090909091,13386.10,2398.52,0.1791798955633082
1125,2026-04-01,25,10,0.4,6,2169.58,6,0,0.0,11528.00,2539.71,0.22030794587092298
1125,2026-05-01,30,18,0.6,15,5794.60,0,0,,15116.22,2568.24,0.16989961776158324
1125,2026-06-01,21,13,0.6190476190476191,13,5105.15,0,0,,16997.99,2688.75,0.15818046721994775
1126,2025-06-01,1,0,0.0,0,0.00,0,0,,0.00,0.00,
1126,2025-10-01,2,1,0.5,1,558.91,1,0,0.0,606.66,0.00,0.0
1126,2025-11-01,0,0,,0,0.00,0,0,,404.85,0.00,0.0
1126,2025-12-01,1,1,1.0,0,0.00,0,0,,199.07,0.00,0.0
1126,2026-01-01,0,0,,1,545.08,1,1,1.0,609.02,0.00,0.0
1126,2026-02-01,0,0,,0,0.00,0,0,,594.88,0.00,0.0
1126,2026-03-01,0,0,,0,0.00,0,0,,601.08,601.08,1.0
1126,2026-04-01,0,0,,0,0.00,0,0,,595.70,595.70,1.0
1126,2026-05-01,1,1,1.0,0,0.00,0,0,,590.11,590.11,1.0
1126,2026-06-01,0,0,,1,296.57,0,0,,708.60,600.20,0.8470222974880045
1127,2025-01-01,3,3,1.0,1,229.28,1,0,0.0,247.06,0.00,0.0
1127,2025-02-01,2,1,0.5,1,188.58,1,0,0.0,349.32,0.00,0.0
1127,2025-03-01,0,0,,0,0.00,0,0,,304.70,0.00,0.0
1127,2025-04-01,0,0,,0,0.00,0,0,,212.32,0.00,0.0
1127,2025-05-01,0,0,,0,0.00,0,0,,109.51,0.00,0.0
1127,2025-06-01,2,1,0.5,1,339.44,1,0,0.0,490.55,0.00,0.0
1127,2025-07-01,1,1,1.0,0,0.00,0,0,,406.79,0.00,0.0
1127,2025-08-01,0,0,,0,0.00,0,0,,342.37,0.00,0.0
1127,2025-09-01,0,0,,0,0.00,0,0,,317.66,0.00,0.0
1127,2025-10-01,1,1,1.0,1,222.34,1,0,0.0,541.29,0.00,0.0
1127,2025-11-01,0,0,,0,0.00,0,0,,474.15,0.00,0.0
1127,2025-12-01,0,0,,0,0.00,0,0,,433.18,0.00,0.0
1127,2026-01-01,0,0,,0,0.00,0,0,,342.97,0.00,0.0
1127,2026-02-01,1,0,0.0,0,0.00,0,0,,266.10,0.00,0.0
1127,2026-03-01,0,0,,0,0.00,0,0,,144.63,0.00,0.0
1127,2026-04-01,0,0,,0,0.00,0,0,,69.79,0.00,0.0
1127,2026-05-01,0,0,,0,0.00,0,0,,36.29,0.00,0.0
1127,2026-06-01,0,0,,0,0.00,0,0,,0.00,0.00,
1128,2025-02-01,3,3,1.0,2,342.37,2,0,0.0,375.81,0.00,0.0
1128,2025-03-01,1,0,0.0,0,0.00,0,0,,286.06,0.00,0.0
1128,2025-04-01,1,1,1.0,1,717.48,1,0,0.0,952.60,0.00,0.0
1128,2025-05-01,2,1,0.5,1,108.22,1,0,0.0,636.67,0.00,0.0
1128,2025-06-01,0,0,,0,0.00,0,0,,504.72,95.11,0.18844111586622284
1128,2025-07-01,1,0,0.0,0,0.00,0,0,,243.96,100.30,0.41113297261846204
1128,2025-08-01,3,3,1.0,1,467.50,1,0,0.0,736.27,100.76,0.13685197006532931
1128,2025-09-01,2,0,0.0,0,0.00,0,0,,589.58,99.77,0.16922215814647715
1128,2025-10-01,2,0,0.0,0,0.00,0,0,,427.32,94.72,0.22166058223345503
1128,2025-11-01,1,1,1.0,1,53.29,1,0,0.0,352.18,94.81,0.2692089272531092
1128,2025-12-01,0,0,,0,0.00,0,0,,184.00,93.24,0.5067391304347826
1128,2026-01-01,1,1,1.0,1,294.31,1,0,0.0,484.03,92.86,0.19184761275127576
1128,2026-02-01,2,2,1.0,1,77.65,1,0,0.0,433.99,90.71,0.20901403258139586
1128,2026-03-01,5,2,0.4,2,1058.80,2,0,0.0,1558.92,91.65,0.058790701254714806
1128,2026-04-01,0,0,,0,0.00,0,0,,1094.22,325.12,0.29712489261757236
1128,2026-05-01,2,1,0.5,1,205.26,0,0,,1092.49,322.07,0.29480361376305503
1128,2026-06-01,3,3,1.0,2,536.93,0,0,,1020.23,327.58,0.3210844613469512
1129,2025-02-01,2,0,0.0,0,0.00,0,0,,0.00,0.00,
1129,2025-03-01,2,0,0.0,0,0.00,0,0,,0.00,0.00,
1129,2025-05-01,1,1,1.0,1,481.25,1,0,0.0,518.99,0.00,0.0
1129,2025-06-01,0,0,,0,0.00,0,0,,183.06,0.00,0.0
1129,2025-07-01,1,1,1.0,1,293.02,1,0,0.0,514.39,0.00,0.0
1129,2025-08-01,2,1,0.5,1,389.34,1,0,0.0,626.43,0.00,0.0
1129,2025-09-01,2,2,1.0,2,388.32,2,0,0.0,677.47,0.00,0.0
1129,2025-10-01,2,0,0.0,0,0.00,0,0,,458.60,0.00,0.0
1129,2025-11-01,3,2,0.6666666666666666,2,198.23,2,0,0.0,506.52,0.00,0.0
1129,2025-12-01,2,1,0.5,1,325.19,1,0,0.0,748.62,0.00,0.0
1129,2026-01-01,4,2,0.5,1,360.29,1,0,0.0,930.61,0.00,0.0
1129,2026-02-01,1,0,0.0,0,0.00,0,0,,666.93,0.00,0.0
1129,2026-03-01,2,1,0.5,1,58.35,1,0,0.0,470.29,0.00,0.0
1129,2026-04-01,2,2,1.0,2,804.63,2,0,0.0,841.72,48.91,0.05810720904813952
1129,2026-05-01,1,1,1.0,1,174.95,0,0,,768.30,0.00,0.0
1129,2026-06-01,2,0,0.0,0,0.00,0,0,,567.79,0.00,0.0
1130,2025-01-01,28,16,0.5714285714285714,13,4304.38,13,3,0.23076923076923078,4856.33,0.00,0.0
1130,2025-02-01,23,13,0.5652173913043478,12,4498.79,12,1,0.08333333333333333,9207.00,0.00,0.0
1130,2025-03-01,31,13,0.41935483870967744,11,4698.05,11,0,0.0,11748.27,959.15,0.08164180768742972
1130,2025-04-01,25,17,0.68,14,2706.46,14,3,0.21428571428571427,11772.97,545.64,0.04634684365967127
1130,2025-05-01,26,14,0.5384615384615384,12,3051.64,12,1,0.08333333333333333,10764.12,527.16,0.04897381300096988
1130,2025-06-01,20,14,0.7,10,2594.28,10,1,0.1,9404.47,1202.26,0.12783920837644228
1130,2025-07-01,27,17,0.6296296296296297,13,2876.28,13,0,0.0,9340.27,1567.11,0.16777994640411892
1130,2025-08-01,31,21,0.6774193548387096,14,4187.67,14,1,0.07142857142857142,11618.13,1602.77,0.13795421466277277
1130,2025-09-01,33,20,0.6060606060606061,19,6043.68,19,1,0.05263157894736842,14802.32,1564.31,0.10568005555885834
1130,2025-10-01,26,17,0.6538461538461539,17,7482.65,17,2,0.11764705882352941,19522.68,2380.33,0.12192639535145788
1130,2025-11-01,31,16,0.5161290322580645,16,5898.72,16,1,0.0625,20084.67,2432.19,0.12109683654249735
1130,2025-12-01,29,10,0.3448275862068966,7,1731.16,7,2,0.2857142857142857,16233.33,2462.87,0.15171686893570202
1130,2026-01-01,29,12,0.41379310344827586,13,3129.29,13,0,0.0,13025.24,2206.04,0.16936655293875583
1130,2026-02-01,27,13,0.48148148148148145,10,3759.04,10,1,0.1,12896.95,2398.14,0.18594628962661713
1130,2026-03-01,21,10,0.47619047619047616,10,3211.40,10,0,0.0,12325.33,2195.07,0.1780942173556408
1130,2026-04-01,26,15,0.5769230769230769,9,2843.34,9,0,0.0,11990.76,2430.05,0.2026602150322415
1130,2026-05-01,20,10,0.5,11,3519.96,0,0,,13126.97,2711.65,0.20657089945356774
1130,2026-06-01,19,12,0.631578947368421,9,3193.54,0,0,,13667.48,2708.69,0.19818503484182892
1131,2025-02-01,4,1,0.25,1,100.09,1,1,1.0,110.12,0.00,0.0
1131,2025-03-01,1,1,1.0,1,79.56,1,0,0.0,194.09,0.00,0.0
1131,2025-04-01,0,0,,0,0.00,0,0,,121.20,0.00,0.0
1131,2025-05-01,1,0,0.0,0,0.00,0,0,,95.79,0.00,0.0
1131,2025-06-01,3,2,0.6666666666666666,1,675.60,1,0,0.0,845.28,0.00,0.0
1131,2025-07-01,1,0,0.0,0,0.00,0,0,,809.32,10.53,0.01301092274996293
1131,2025-08-01,0,0,,0,0.00,0,0,,676.40,0.00,0.0
1131,2025-09-01,2,1,0.5,1,648.56,1,0,0.0,1398.55,0.00,0.0
1131,2025-10-01,1,1,1.0,1,821.86,1,0,0.0,2005.94,0.00,0.0
1131,2025-11-01,1,0,0.0,0,0.00,0,0,,1495.71,0.00,0.0
1131,2025-12-01,2,0,0.0,0,0.00,0,0,,1408.55,284.23,0.20178907387029216
1131,2026-01-01,2,2,1.0,2,754.97,2,0,0.0,1579.85,0.00,0.0
1131,2026-02-01,2,1,0.5,1,1047.60,1,0,0.0,1874.86,0.00,0.0
1131,2026-03-01,2,1,0.5,1,254.47,1,0,0.0,1780.74,0.00,0.0
1131,2026-04-01,2,1,0.5,0,0.00,0,0,,1098.70,0.00,0.0
1131,2026-05-01,1,0,0.0,0,0.00,0,0,,679.51,0.00,0.0
1131,2026-06-01,1,0,0.0,0,0.00,0,0,,216.01,0.00,0.0
1132,2025-01-01,1,0,0.0,0,0.00,0,0,,0.00,0.00,
1132,2025-02-01,3,2,0.6666666666666666,2,1022.56,2,1,0.5,1110.66,0.00,0.0
1132,2025-03-01,1,1,1.0,0,0.00,0,0,,997.04,0.00,0.0
1132,2025-04-01,5,4,0.8,3,855.08,3,0,0.0,1875.23,744.77,0.3971619481343622
1132,2025-05-01,0,0,,0,0.00,0,0,,1142.45,0.00,0.0
1132,2025-06-01,2,0,0.0,0,0.00,0,0,,468.24,0.00,0.0
1132,2025-07-01,2,1,0.5,0,0.00,0,0,,278.29,0.00,0.0
1132,2025-08-01,2,0,0.0,0,0.00,0,0,,30.68,0.00,0.0
1132,2025-09-01,0,0,,0,0.00,0,0,,15.84,0.00,0.0
1132,2025-10-01,0,0,,0,0.00,0,0,,0.00,0.00,
1132,2025-11-01,0,0,,0,0.00,0,0,,0.00,0.00,
1132,2025-12-01,3,2,0.6666666666666666,2,294.80,2,0,0.0,317.91,0.00,0.0
1132,2026-01-01,1,0,0.0,0,0.00,0,0,,221.17,0.00,0.0
1132,2026-02-01,0,0,,0,0.00,0,0,,134.19,0.00,0.0
1132,2026-03-01,1,1,1.0,1,717.37,1,0,0.0,788.03,0.00,0.0
1132,2026-04-01,1,0,0.0,0,0.00,0,0,,502.14,0.00,0.0
1132,2026-05-01,0,0,,0,0.00,0,0,,261.16,0.00,0.0
1132,2026-06-01,0,0,,0,0.00,0,0,,0.00,0.00,
1133,2025-01-01,1,1,1.0,1,149.27,1,0,0.0,157.76,0.00,0.0
1133,2025-02-01,1,0,0.0,0,0.00,0,0,,117.28,0.00,0.0
1133,2025-03-01,1,0,0.0,0,0.00,0,0,,76.47,0.00,0.0
1133,2025-04-01,0,0,,0,0.00,0,0,,39.05,0.00,0.0
1133,2025-05-01,2,2,1.0,2,465.30,2,0,0.0,550.73,0.00,0.0
1133,2025-06-01,1,0,0.0,0,0.00,0,0,,454.17,0.00,0.0
1133,2025-07-01,2,2,1.0,1,282.57,1,0,0.0,611.07,0.00,0.0
1133,2025-08-01,0,0,,0,0.00,0,0,,588.86,0.00,0.0
1133,2025-09-01,1,0,0.0,0,0.00,0,0,,297.64,0.00,0.0
1133,2025-10-01,0,0,,0,0.00,0,0,,158.38,0.00,0.0
1133,2025-11-01,1,0,0.0,0,0.00,0,0,,0.00,0.00,
1133,2025-12-01,1,1,1.0,1,189.32,1,0,0.0,203.23,0.00,0.0
1133,2026-01-01,0,0,,0,0.00,0,0,,131.37,0.00,0.0
1133,2026-02-01,0,0,,0,0.00,0,0,,65.74,0.00,0.0
1133,2026-03-01,0,0,,0,0.00,0,0,,0.00,0.00,
1133,2026-04-01,2,1,0.5,1,370.01,1,0,0.0,425.72,0.00,0.0
1133,2026-05-01,0,0,,0,0.00,0,0,,332.12,0.00,0.0
1133,2026-06-01,1,0,0.0,0,0.00,0,0,,265.41,0.00,0.0
1134,2025-01-01,2,2,1.0,2,237.50,2,0,0.0,261.14,0.00,0.0
1134,2025-02-01,0,0,,0,0.00,0,0,,194.14,0.00,0.0
1134,2025-03-01,1,1,1.0,1,124.15,1,0,0.0,267.83,0.00,0.0
1134,2025-04-01,1,0,0.0,0,0.00,0,0,,184.90,0.00,0.0
1134,2025-05-01,4,1,0.25,1,513.49,1,1,1.0,685.20,0.00,0.0
1134,2025-06-01,1,1,1.0,1,104.13,1,0,0.0,790.47,0.00,0.0
1134,2025-07-01,3,1,0.3333333333333333,1,107.05,1,0,0.0,847.43,586.75,0.6923875718348419
1134,2025-08-01,2,1,0.5,1,372.50,1,0,0.0,959.27,0.00,0.0
1134,2025-09-01,1,1,1.0,0,0.00,0,0,,721.94,0.00,0.0
1134,2025-10-01,1,1,1.0,1,254.38,1,1,1.0,821.16,0.00,0.0
1134,2025-11-01,0,0,,0,0.00,0,0,,595.77,0.00,0.0
1134,2025-12-01,0,0,,0,0.00,0,0,,537.28,276.33,0.5143128350208458
1134,2026-01-01,2,1,0.5,0,0.00,0,0,,151.76,0.00,0.0
1134,2026-02-01,0,0,,0,0.00,0,0,,151.85,0.00,0.0
1134,2026-03-01,3,1,0.3333333333333333,1,115.83,1,0,0.0,278.74,0.00,0.0
1134,2026-04-01,1,0,0.0,0,0.00,0,0,,250.29,151.88,0.6068160933317351
1134,2026-05-01,3,2,0.6666666666666666,1,1854.23,0,0,,2175.18,105.28,0.04840059213490378
1134,2026-06-01,0,0,,0,0.00,0,0,,1389.79,0.00,0.0
1135,2025-01-01,1,0,0.0,0,0.00,0,0,,0.00,0.00,
1135,2025-03-01,1,0,0.0,0,0.00,0,0,,0.00,0.00,
1135,2025-05-01,2,0,0.0,0,0.00,0,0,,0.00,0.00,
1135,2025-09-01,1,1,1.0,1,440.01,1,0,0.0,467.22,0.00,0.0
1135,2025-10-01,0,0,,0,0.00,0,0,,295.70,0.00,0.0
1135,2025-11-01,0,0,,0,0.00,0,0,,148.00,0.00,0.0
1135,2025-12-01,0,0,,0,0.00,0,0,,0.00,0.00,
1135,2026-01-01,1,0,0.0,0,0.00,0,0,,0.00,0.00,
1135,2026-02-01,0,0,,0,0.00,0,0,,0.00,0.00,
1135,2026-03-01,0,0,,0,0.00,0,0,,0.00,0.00,
1135,2026-04-01,0,0,,0,0.00,0,0,,0.00,0.00,
1135,2026-05-01,0,0,,0,0.00,0,0,,0.00,0.00,
1135,2026-06-01,0,0,,0,0.00,0,0,,0.00,0.00,
1136,2025-01-01,6,2,0.3333333333333333,1,297.65,1,0,0.0,339.60,0.00,0.0
1136,2025-02-01,2,1,0.5,2,573.82,2,0,0.0,828.18,0.00,0.0
1136,2025-03-01,10,8,0.8,5,1425.57,5,0,0.0,2520.52,0.00,0.0
1136,2025-04-01,8,4,0.5,5,1338.01,5,1,0.2,3672.14,0.00,0.0
1136,2025-05-01,4,2,0.5,3,797.81,3,0,0.0,3407.32,0.00,0.0
1136,2025-06-01,5,2,0.4,2,606.32,2,0,0.0,3401.36,315.53,0.09276583484253356
1136,2025-07-01,3,2,0.6666666666666666,2,362.74,2,1,0.5,2635.46,315.89,0.11986142836544664
1136,2025-08-01,5,3,0.6,1,66.95,1,0,0.0,2198.36,320.99,0.14601339180116085
1136,2025-09-01,2,2,1.0,3,671.77,3,1,0.3333333333333333,2506.38,486.72,0.19419242094175665
1136,2025-10-01,7,3,0.42857142857142855,3,587.75,3,0,0.0,2716.78,489.44,0.1801544475445196
1136,2025-11-01,7,3,0.42857142857142855,4,857.68,4,1,0.25,3256.46,947.51,0.2909631931606714
1136,2025-12-01,4,4,1.0,3,701.96,3,1,0.3333333333333333,3483.05,1074.36,0.308453797677323
1136,2026-01-01,6,2,0.3333333333333333,2,345.59,2,1,0.5,3121.79,1041.67,0.333677153171738
1136,2026-02-01,6,4,0.6666666666666666,3,639.17,3,0,0.0,3122.19,1137.08,0.36419308241971177
1136,2026-03-01,6,4,0.6666666666666666,4,1214.35,4,2,0.5,3626.84,1073.20,0.29590497512986513
1136,2026-04-01,5,1,0.2,0,0.00,0,0,,2950.37,1152.44,0.39060863552706954
1136,2026-05-01,9,6,0.6666666666666666,4,711.36,0,0,,2941.77,1476.23,0.5018169333428514
1136,2026-06-01,5,1,0.2,2,564.29,0,0,,2796.84,1197.42,0.4281331788732999
1137,2025-02-01,1,1,1.0,1,288.51,1,0,0.0,309.49,0.00,0.0
1137,2025-03-01,3,1,0.3333333333333333,1,149.35,1,0,0.0,394.56,0.00,0.0
1137,2025-04-01,0,0,,0,0.00,0,0,,262.18,0.00,0.0
1137,2025-05-01,2,0,0.0,0,0.00,0,0,,90.87,0.00,0.0
1137,2025-06-01,1,0,0.0,0,0.00,0,0,,96.15,0.00,0.0
1137,2025-07-01,2,1,0.5,0,0.00,0,0,,101.40,0.00,0.0
1137,2025-08-01,0,0,,0,0.00,0,0,,33.96,0.00,0.0
1137,2025-09-01,1,1,1.0,1,177.30,1,0,0.0,193.52,0.00,0.0
1137,2025-10-01,2,1,0.5,1,353.61,1,0,0.0,536.80,0.00,0.0
1137,2025-11-01,0,0,,0,0.00,0,0,,406.91,0.00,0.0
1137,2025-12-01,1,0,0.0,0,0.00,0,0,,271.91,0.00,0.0
1137,2026-01-01,0,0,,0,0.00,0,0,,203.10,0.00,0.0
1137,2026-02-01,0,0,,0,0.00,0,0,,132.26,0.00,0.0
1137,2026-03-01,1,1,1.0,1,197.32,1,0,0.0,298.65,0.00,0.0
1137,2026-04-01,0,0,,0,0.00,0,0,,153.17,0.00,0.0
1137,2026-05-01,2,1,0.5,0,0.00,0,0,,151.73,0.00,0.0
1137,2026-06-01,2,1,0.5,2,1651.60,0,0,,1982.71,0.00,0.0
1138,2025-01-01,1,1,1.0,1,212.48,1,0,0.0,246.26,0.00,0.0
1138,2025-02-01,0,0,,0,0.00,0,0,,200.00,0.00,0.0
1138,2025-03-01,1,1,1.0,1,192.65,1,0,0.0,384.13,0.00,0.0
1138,2025-04-01,2,1,0.5,1,173.52,1,0,0.0,497.13,0.00,0.0
1138,2025-05-01,2,1,0.5,0,0.00,0,0,,345.50,0.00,0.0
1138,2025-06-01,3,2,0.6666666666666666,2,786.23,2,0,0.0,1118.57,0.00,0.0
1138,2025-07-01,1,1,1.0,1,164.80,1,0,0.0,1135.18,0.00,0.0
1138,2025-08-01,0,0,,0,0.00,0,0,,928.25,0.00,0.0
1138,2025-09-01,0,0,,0,0.00,0,0,,696.12,0.00,0.0
1138,2025-10-01,2,1,0.5,1,277.21,1,0,0.0,848.11,0.00,0.0
1138,2025-11-01,2,2,1.0,2,444.45,2,0,0.0,1291.99,326.37,0.25261031432131825
1138,2025-12-01,2,1,0.5,1,135.66,1,0,0.0,919.25,0.00,0.0
1138,2026-01-01,2,2,1.0,1,286.13,1,0,0.0,972.36,0.00,0.0
1138,2026-02-01,1,1,1.0,2,331.24,2,0,0.0,1163.05,0.00,0.0
1138,2026-03-01,3,2,0.6666666666666666,2,1156.63,2,1,0.5,2189.34,0.00,0.0
1138,2026-04-01,2,2,1.0,1,211.53,1,0,0.0,2029.70,0.00,0.0
1138,2026-05-01,3,1,0.3333333333333333,0,0.00,0,0,,1459.06,0.00,0.0
1138,2026-06-01,1,1,1.0,1,682.85,0,0,,1777.18,331.06,0.18628388795732564
1139,2025-01-01,6,1,0.16666666666666666,1,135.92,1,0,0.0,167.01,0.00,0.0
1139,2025-02-01,3,1,0.3333333333333333,1,206.79,1,0,0.0,345.37,0.00,0.0
1139,2025-03-01,3,1,0.3333333333333333,1,281.71,1,0,0.0,594.57,0.00,0.0
1139,2025-04-01,6,2,0.3333333333333333,1,149.34,1,0,0.0,587.29,0.00,0.0
1139,2025-05-01,10,5,0.5,5,1231.85,5,0,0.0,1741.49,0.00,0.0
1139,2025-06-01,4,2,0.5,2,453.09,2,0,0.0,1936.86,0.00,0.0
1139,2025-07-01,5,2,0.4,2,911.02,2,0,0.0,2518.77,0.00,0.0
1139,2025-08-01,6,3,0.5,1,322.50,1,0,0.0,1939.26,158.49,0.08172705052442684
1139,2025-09-01,2,1,0.5,1,212.63,1,0,0.0,1635.07,104.62,0.06398502816393183
1139,2025-10-01,3,3,1.0,1,528.30,1,1,1.0,1761.27,99.32,0.05639112685732454
1139,2025-11-01,4,3,0.75,2,193.91,2,0,0.0,1646.82,99.42,0.060370896637155246
1139,2025-12-01,4,3,0.75,3,1834.08,3,0,0.0,3188.99,660.70,0.20718158413792456
1139,2026-01-01,4,3,0.75,4,874.24,4,0,0.0,3571.67,517.86,0.14499099860849407
1139,2026-02-01,6,5,0.8333333333333334,2,637.21,2,0,0.0,3191.37,95.12,0.02980538138793058
1139,2026-03-01,6,3,0.5,3,1305.81,3,0,0.0,3850.25,96.11,0.02496201545354198
1139,2026-04-01,3,0,0.0,1,134.48,1,1,1.0,2845.01,800.21,0.2812679041549942
1139,2026-05-01,4,2,0.5,1,577.92,0,0,,2260.97,94.35,0.04172987699969482
1139,2026-06-01,1,1,1.0,1,205.18,0,0,,1715.86,588.86,0.3431865070576854
1140,2025-01-01,2,1,0.5,1,355.41,1,0,0.0,371.19,0.00,0.0
1140,2025-02-01,1,0,0.0,0,0.00,0,0,,245.30,0.00,0.0
1140,2025-03-01,1,0,0.0,0,0.00,0,0,,119.97,0.00,0.0
1140,2025-04-01,2,2,1.0,2,1357.29,2,0,0.0,1513.18,0.00,0.0
1140,2025-05-01,6,5,0.8333333333333334,4,1111.32,4,1,0.25,2067.95,0.00,0.0
1140,2025-06-01,2,2,1.0,2,920.07,2,0,0.0,2750.86,0.00,0.0
1140,2025-07-01,3,1,0.3333333333333333,1,234.62,1,0,0.0,2200.86,102.70,0.04666357696536808
1140,2025-08-01,3,1,0.3333333333333333,0,0.00,0,0,,1098.73,0.00,0.0
1140,2025-09-01,5,4,0.8,1,1356.01,1,1,1.0,2127.62,0.00,0.0
1140,2025-10-01,4,3,0.75,3,2139.46,3,0,0.0,4369.28,0.00,0.0
1140,2025-11-01,3,3,1.0,2,367.27,2,0,0.0,4277.80,1944.91,0.4546519238861097
1140,2025-12-01,1,1,1.0,1,418.68,1,0,0.0,3779.64,1715.52,0.45388449693621613
1140,2026-01-01,1,1,1.0,1,198.96,1,0,0.0,3239.34,1663.31,0.5134718800743361
1140,2026-02-01,1,0,0.0,0,0.00,0,0,,2374.23,1664.31,0.7009893733968486
1140,2026-03-01,5,3,0.6,3,520.88,3,0,0.0,2801.05,1639.15,0.5851912675603791
1140,2026-04-01,1,0,0.0,0,0.00,0,0,,2583.80,1664.68,0.6442758727455685
1140,2026-05-01,1,0,0.0,0,0.00,0,0,,2365.68,1731.54,0.7319417672719895
1140,2026-06-01,3,2,0.6666666666666666,1,82.77,0,0,,2162.06,1729.65,0.8000009250437083
1141,2025-01-01,5,2,0.4,1,94.67,1,0,0.0,102.34,0.00,0.0
1141,2025-02-01,2,1,0.5,1,339.26,1,0,0.0,447.44,0.00,0.0
1141,2025-03-01,5,3,0.6,3,512.48,3,0,0.0,905.27,0.00,0.0
1141,2025-04-01,3,3,1.0,2,715.08,2,0,0.0,1309.69,0.00,0.0
1141,2025-05-01,3,3,1.0,3,1196.04,3,0,0.0,2206.48,0.00,0.0
1141,2025-06-01,4,2,0.5,2,493.67,2,1,0.5,1951.61,0.00,0.0
1141,2025-07-01,3,0,0.0,0,0.00,0,0,,960.65,0.00,0.0
1141,2025-08-01,3,2,0.6666666666666666,2,976.69,2,0,0.0,1559.20,0.00,0.0
1141,2025-09-01,6,4,0.6666666666666666,3,1739.98,3,2,0.6666666666666666,3022.49,216.51,0.07163299134157598
1141,2025-10-01,6,3,0.5,4,729.90,4,1,0.25,3074.73,205.54,0.06684814601607296
1141,2025-11-01,3,3,1.0,2,276.62,2,0,0.0,2637.64,781.42,0.29625726027812743
1141,2025-12-01,5,2,0.4,2,873.77,2,0,0.0,2228.16,202.33,0.09080586672411319
1141,2026-01-01,3,2,0.6666666666666666,1,269.65,1,0,0.0,2040.12,322.69,0.1581720683097073
1141,2026-02-01,4,3,0.75,2,430.29,2,0,0.0,1686.49,196.84,0.11671578248314547
1141,2026-03-01,4,2,0.5,2,215.97,2,0,0.0,1515.39,198.89,0.1312467417628465
1141,2026-04-01,7,6,0.8571428571428571,5,1046.49,5,2,0.4,2223.72,197.11,0.08863975680391417
1141,2026-05-01,1,1,1.0,1,183.26,0,0,,1708.46,195.26,0.1142900623953736
1141,2026-06-01,2,2,1.0,2,949.02,0,0,,2285.41,467.53,0.20457160859539425
1142,2025-01-01,11,5,0.45454545454545453,5,1112.51,5,0,0.0,1196.69,0.00,0.0
1142,2025-02-01,11,6,0.5454545454545454,6,1738.11,6,0,0.0,2697.99,0.00,0.0
1142,2025-03-01,7,0,0.0,0,0.00,0,0,,2180.10,0.00,0.0
1142,2025-04-01,13,7,0.5384615384615384,6,1950.67,6,0,0.0,3257.86,0.00,0.0
1142,2025-05-01,10,5,0.5,5,1351.40,5,0,0.0,3528.33,0.00,0.0
1142,2025-06-01,8,6,0.75,6,1493.67,6,0,0.0,3569.74,204.59,0.05731229725414176
1142,2025-07-01,9,4,0.4444444444444444,5,1464.83,5,1,0.2,3786.55,0.00,0.0
1142,2025-08-01,13,7,0.5384615384615384,7,1543.56,7,1,0.14285714285714285,4313.21,0.00,0.0
1142,2025-09-01,10,7,0.7,7,1336.62,7,2,0.2857142857142857,4358.64,573.27,0.1315249710919002
1142,2025-10-01,9,5,0.5555555555555556,4,1249.56,4,0,0.0,4372.22,239.40,0.05475479275974219
1142,2025-11-01,17,11,0.6470588235294118,9,4522.53,9,1,0.1111111111111111,8384.86,591.88,0.07058913327115778
1142,2025-12-01,9,4,0.4444444444444444,3,1171.13,3,1,0.3333333333333333,7237.46,814.44,0.11253119188223494
1142,2026-01-01,14,8,0.5714285714285714,6,2492.16,6,0,0.0,8559.65,747.25,0.08729913022144598
1142,2026-02-01,8,5,0.625,4,1534.02,4,0,0.0,7450.98,751.22,0.10082163688534931
1142,2026-03-01,13,6,0.46153846153846156,4,1099.77,4,0,0.0,7104.12,939.77,0.1322852091462419
1142,2026-04-01,12,7,0.5833333333333334,7,2139.41,7,1,0.14285714285714285,7673.11,932.41,0.12151656890100625
1142,2026-05-01,9,4,0.4444444444444444,3,429.65,0,0,,5774.91,800.86,0.1386792175116149
1142,2026-06-01,16,7,0.4375,7,1693.82,0,0,,5836.45,814.56,0.13956428993651962
1143,2025-01-01,1,1,1.0,1,79.94,1,1,1.0,83.55,0.00,0.0
1143,2025-02-01,1,0,0.0,0,0.00,0,0,,82.82,0.00,0.0
1143,2025-03-01,2,2,1.0,1,325.12,1,1,1.0,452.06,81.01,0.1792018758571871
1143,2025-04-01,0,0,,0,0.00,0,0,,461.82,82.76,0.17920401888181545
1143,2025-05-01,0,0,,0,0.00,0,0,,446.18,446.18,1.0
1143,2025-06-01,0,0,,0,0.00,0,0,,441.53,441.53,1.0
1143,2025-07-01,1,0,0.0,0,0.00,0,0,,442.03,442.03,1.0
1143,2025-08-01,0,0,,0,0.00,0,0,,449.17,449.17,1.0
1143,2025-09-01,0,0,,0,0.00,0,0,,463.06,463.06,1.0
1143,2025-10-01,1,0,0.0,0,0.00,0,0,,465.64,465.64,1.0
1143,2025-11-01,1,0,0.0,0,0.00,0,0,,476.96,476.96,1.0
1143,2025-12-01,0,0,,0,0.00,0,0,,471.94,471.94,1.0
1143,2026-01-01,1,1,1.0,1,368.81,1,0,0.0,864.46,457.57,0.5293130971936237
1143,2026-02-01,0,0,,0,0.00,0,0,,763.20,457.85,0.5999082809224319
1143,2026-03-01,0,0,,0,0.00,0,0,,651.43,450.93,0.6922155872465192
1143,2026-04-01,1,1,1.0,1,190.29,1,0,0.0,882.51,457.95,0.5189176326613862
1143,2026-05-01,1,0,0.0,0,0.00,0,0,,860.49,688.14,0.7997071436042255
1143,2026-06-01,0,0,,0,0.00,0,0,,802.15,687.39,0.8569344885619896
1144,2025-01-01,7,3,0.42857142857142855,3,467.90,3,0,0.0,515.51,0.00,0.0
1144,2025-02-01,10,6,0.6,4,2192.55,4,0,0.0,2786.32,0.00,0.0
1144,2025-03-01,10,8,0.8,7,3761.77,7,0,0.0,5849.21,0.00,0.0
1144,2025-04-01,10,6,0.6,6,2067.92,6,0,0.0,6580.75,0.00,0.0
1144,2025-05-01,9,3,0.3333333333333333,2,338.10,2,1,0.5,5261.17,0.00,0.0
1144,2025-06-01,17,11,0.6470588235294118,10,2601.19,10,2,0.2,6205.26,640.58,0.10323177433338813
1144,2025-07-01,8,4,0.5,4,1197.19,4,0,0.0,5444.30,320.66,0.05889829730176515
1144,2025-08-01,18,9,0.5,5,2347.08,5,0,0.0,6512.23,649.25,0.09969703158518665
1144,2025-09-01,12,5,0.4166666666666667,4,1024.77,4,1,0.25,5787.46,315.94,0.05459044209376825
1144,2025-10-01,12,8,0.6666666666666666,7,2326.18,7,0,0.0,7185.57,387.54,0.053933090903018135
1144,2025-11-01,11,2,0.18181818181818182,3,539.96,3,2,0.6666666666666666,6337.46,1723.33,0.2719275545723365
1144,2025-12-01,7,4,0.5714285714285714,1,259.15,1,0,0.0,4718.74,1140.44,0.24168316118285815
1144,2026-01-01,9,6,0.6666666666666666,7,2120.13,7,0,0.0,5535.51,1225.12,0.22132016742811408
1144,2026-02-01,9,5,0.5555555555555556,5,1357.08,5,1,0.2,5804.84,1158.57,0.19958689645192632
1144,2026-03-01,13,8,0.6153846153846154,7,2068.02,7,1,0.14285714285714285,6431.71,1141.05,0.17741005113725586
1144,2026-04-01,10,4,0.4,4,794.35,4,0,0.0,6139.15,1158.83,0.18876065904889114
1144,2026-05-01,13,9,0.6923076923076923,7,2026.38,0,0,,6655.69,1205.37,0.1811036872210094
1144,2026-06-01,11,6,0.5454545454545454,6,1000.36,0,0,,6071.67,1204.06,0.1983078790513977
1145,2025-01-01,1,1,1.0,0,0.00,0,0,,0.00,0.00,
1145,2025-02-01,2,1,0.5,2,439.95,2,0,0.0,492.55,0.00,0.0
1145,2025-03-01,1,0,0.0,0,0.00,0,0,,393.47,0.00,0.0
1145,2025-04-01,0,0,,0,0.00,0,0,,290.58,0.00,0.0
1145,2025-05-01,0,0,,0,0.00,0,0,,177.29,0.00,0.0
1145,2025-06-01,1,0,0.0,0,0.00,0,0,,38.55,0.00,0.0
1145,2025-07-01,1,0,0.0,0,0.00,0,0,,40.65,0.00,0.0
1145,2025-08-01,0,0,,0,0.00,0,0,,0.00,0.00,
1145,2025-09-01,0,0,,0,0.00,0,0,,0.00,0.00,
1145,2025-10-01,0,0,,0,0.00,0,0,,0.00,0.00,
1145,2025-11-01,2,1,0.5,1,46.49,1,0,0.0,49.24,0.00,0.0
1145,2025-12-01,1,0,0.0,0,0.00,0,0,,32.29,0.00,0.0
1145,2026-01-01,1,0,0.0,0,0.00,0,0,,16.08,0.00,0.0
1145,2026-02-01,0,0,,0,0.00,0,0,,6.28,0.00,0.0
1145,2026-03-01,0,0,,0,0.00,0,0,,0.00,0.00,
1145,2026-04-01,1,0,0.0,0,0.00,0,0,,0.00,0.00,
1145,2026-05-01,0,0,,0,0.00,0,0,,0.00,0.00,
1145,2026-06-01,0,0,,0,0.00,0,0,,0.00,0.00,
1146,2025-01-01,1,0,0.0,0,0.00,0,0,,0.00,0.00,
1146,2025-04-01,1,0,0.0,0,0.00,0,0,,0.00,0.00,
1146,2025-06-01,1,0,0.0,0,0.00,0,0,,0.00,0.00,
1146,2025-11-01,1,1,1.0,1,536.83,1,0,0.0,589.28,0.00,0.0
1146,2025-12-01,1,0,0.0,0,0.00,0,0,,388.71,0.00,0.0
1146,2026-01-01,1,0,0.0,0,0.00,0,0,,376.88,0.00,0.0
1146,2026-02-01,0,0,,0,0.00,0,0,,377.10,377.10,1.0
1146,2026-03-01,0,0,,0,0.00,0,0,,0.00,0.00,
1146,2026-04-01,0,0,,0,0.00,0,0,,0.00,0.00,
1146,2026-05-01,0,0,,0,0.00,0,0,,0.00,0.00,
1146,2026-06-01,0,0,,0,0.00,0,0,,0.00,0.00,
1147,2025-01-01,7,4,0.5714285714285714,3,577.72,3,0,0.0,628.79,0.00,0.0
1147,2025-02-01,4,2,0.5,2,298.39,2,0,0.0,744.10,0.00,0.0
1147,2025-03-01,3,2,0.6666666666666666,2,732.56,2,0,0.0,1319.87,0.00,0.0
1147,2025-04-01,2,1,0.5,1,155.38,1,1,1.0,1114.12,0.00,0.0
1147,2025-05-01,3,3,1.0,2,382.04,2,1,0.5,1125.62,0.00,0.0
1147,2025-06-01,3,2,0.6666666666666666,1,61.00,1,0,0.0,770.60,0.00,0.0
1147,2025-07-01,4,2,0.5,1,262.31,1,1,1.0,760.57,283.00,0.37208935403710375
1147,2025-08-01,3,2,0.6666666666666666,2,710.55,2,0,0.0,1475.81,329.96,0.22357891598512003
1147,2025-09-01,5,5,1.0,4,1116.66,4,0,0.0,2349.28,313.59,0.13348345024858677
1147,2025-10-01,6,2,0.3333333333333333,2,213.97,2,1,0.5,1860.59,303.16,0.16293756281609598
1147,2025-11-01,2,2,1.0,2,1148.14,2,1,0.5,2542.04,303.46,0.11937656370474106
1147,2025-12-01,5,1,0.2,2,683.62,2,0,0.0,2574.35,298.43,0.1159244081030163
1147,2026-01-01,3,1,0.3333333333333333,1,252.59,1,0,0.0,2399.74,297.22,0.12385508430079928
1147,2026-02-01,4,1,0.25,1,132.28,1,0,0.0,1716.74,290.33,0.16911704742710018
1147,2026-03-01,6,5,0.8333333333333334,4,1299.62,4,0,0.0,2868.14,293.35,0.10227882878799502
1147,2026-04-01,5,0,0.0,0,0.00,0,0,,2063.96,310.61,0.15049225760189153
1147,2026-05-01,6,3,0.5,3,638.63,0,0,,2253.17,288.00,0.1278199159406525
1147,2026-06-01,4,2,0.5,1,92.62,0,0,,2034.63,292.92,0.14396720779699504
1148,2025-01-01,3,1,0.3333333333333333,1,44.70,1,0,0.0,49.45,0.00,0.0
1148,2025-02-01,0,0,,0,0.00,0,0,,16.32,0.00,0.0
1148,2025-03-01,1,0,0.0,0,0.00,0,0,,15.97,0.00,0.0
1148,2025-04-01,1,1,1.0,1,66.63,1,0,0.0,71.02,0.00,0.0
1148,2025-05-01,0,0,,0,0.00,0,0,,45.74,0.00,0.0
1148,2025-06-01,1,0,0.0,0,0.00,0,0,,22.63,0.00,0.0
1148,2025-07-01,1,1,1.0,1,221.16,1,0,0.0,251.43,0.00,0.0
1148,2025-08-01,1,0,0.0,0,0.00,0,0,,191.62,0.00,0.0
1148,2025-09-01,0,0,,0,0.00,0,0,,131.70,0.00,0.0
1148,2025-10-01,1,1,1.0,1,225.32,1,0,0.0,317.28,0.00,0.0
1148,2025-11-01,2,1,0.5,1,388.20,1,0,0.0,620.60,0.00,0.0
1148,2025-12-01,1,1,1.0,1,402.14,1,0,0.0,853.12,0.00,0.0
1148,2026-01-01,0,0,,0,0.00,0,0,,496.59,0.00,0.0
1148,2026-02-01,0,0,,0,0.00,0,0,,248.42,0.00,0.0
1148,2026-03-01,0,0,,0,0.00,0,0,,0.00,0.00,
1148,2026-04-01,2,1,0.5,1,206.77,1,1,1.0,221.61,0.00,0.0
1148,2026-05-01,1,1,1.0,1,335.89,0,0,,618.62,0.00,0.0
1148,2026-06-01,0,0,,0,0.00,0,0,,553.32,230.26,0.41614255765199154
1149,2025-01-01,3,2,0.6666666666666666,2,522.21,2,0,0.0,593.60,0.00,0.0
1149,2025-02-01,2,0,0.0,0,0.00,0,0,,479.50,0.00,0.0
1149,2025-03-01,2,1,0.5,1,1481.02,1,0,0.0,1916.74,0.00,0.0
1149,2025-04-01,1,1,1.0,1,1052.74,1,0,0.0,3053.66,0.00,0.0
1149,2025-05-01,4,4,1.0,2,428.95,2,0,0.0,2495.95,0.00,0.0
1149,2025-06-01,2,0,0.0,1,300.31,1,1,1.0,2299.16,1012.02,0.44016945319160045
1149,2025-07-01,2,0,0.0,0,0.00,0,0,,1806.73,1013.16,0.5607700099074018
1149,2025-08-01,2,2,1.0,1,140.93,1,0,0.0,1577.33,1358.90,0.8615191494487521
1149,2025-09-01,1,0,0.0,1,138.58,1,0,0.0,1653.00,1400.93,0.8475075620084694
1149,2025-10-01,6,5,0.8333333333333334,4,830.61,4,0,0.0,2550.46,1408.74,0.5523474196811555
1149,2025-11-01,5,3,0.6,4,1093.73,4,0,0.0,3540.45,1593.63,0.4501207473626235
1149,2025-12-01,2,1,0.5,1,201.31,1,0,0.0,3137.69,1576.84,0.502548052866918
1149,2026-01-01,3,1,0.3333333333333333,0,0.00,0,0,,2520.24,1528.85,0.6066287337713868
1149,2026-02-01,1,0,0.0,0,0.00,0,0,,2295.72,1574.85,0.685993936542784
1149,2026-03-01,2,2,1.0,2,420.64,2,0,0.0,2407.49,1506.64,0.6258136067024163
1149,2026-04-01,1,1,1.0,1,230.35,1,0,0.0,2385.04,1530.11,0.6415447958944085
1149,2026-05-01,0,0,,0,0.00,0,0,,2372.81,1591.57,0.6707532419367753
1149,2026-06-01,0,0,,0,0.00,0,0,,2192.92,1589.83,0.7249831275194717
1150,2025-01-01,6,3,0.5,3,826.57,3,0,0.0,901.87,0.00,0.0
1150,2025-02-01,5,5,1.0,4,1302.36,4,0,0.0,2056.40,0.00,0.0
1150,2025-03-01,3,1,0.3333333333333333,1,446.00,1,0,0.0,1941.38,0.00,0.0
1150,2025-04-01,7,3,0.42857142857142855,3,716.32,3,0,0.0,2089.73,0.00,0.0
1150,2025-05-01,2,1,0.5,0,0.00,0,0,,1130.68,0.00,0.0
1150,2025-06-01,6,3,0.5,3,1198.14,3,1,0.3333333333333333,2099.99,63.75,0.030357287415654362
1150,2025-07-01,3,3,1.0,2,212.78,2,0,0.0,2143.89,301.44,0.14060422876173684
1150,2025-08-01,6,3,0.5,2,459.81,2,0,0.0,1823.16,416.80,0.2286140547181816
1150,2025-09-01,4,1,0.25,1,225.20,1,0,0.0,1657.84,742.41,0.44781764223326737
1150,2025-10-01,6,4,0.6666666666666666,3,924.62,3,1,0.3333333333333333,2159.73,746.55,0.3456682085260657
1150,2025-11-01,3,0,0.0,0,0.00,0,0,,2048.03,764.70,0.3733832023944962
1150,2025-12-01,3,2,0.6666666666666666,2,398.89,2,0,0.0,2238.22,1364.87,0.609801538722735
1150,2026-01-01,6,4,0.6666666666666666,3,1038.52,3,0,0.0,2921.92,1251.27,0.4282355437520534
1150,2026-02-01,3,2,0.6666666666666666,1,1376.98,1,0,0.0,4013.08,1252.03,0.3119873015240165
1150,2026-03-01,5,2,0.4,1,277.52,1,0,0.0,3459.02,1233.10,0.356488253898503
1150,2026-04-01,2,1,0.5,1,133.69,1,0,0.0,2976.70,1252.31,0.42070413545201063
1150,2026-05-01,5,1,0.2,1,91.91,0,0,,2694.51,1302.60,0.48342741351859886
1150,2026-06-01,4,3,0.75,1,256.30,0,0,,2637.19,1301.18,0.49339638023805643
1151,2025-01-01,2,2,1.0,1,206.28,1,0,0.0,217.71,0.00,0.0
1151,2025-02-01,0,0,,0,0.00,0,0,,141.45,0.00,0.0
1151,2025-03-01,1,1,1.0,1,168.68,1,0,0.0,321.63,0.00,0.0
1151,2025-04-01,0,0,,0,0.00,0,0,,90.13,0.00,0.0
1151,2025-05-01,1,0,0.0,0,0.00,0,0,,87.39,0.00,0.0
1151,2025-06-01,0,0,,0,0.00,0,0,,92.47,0.00,0.0
1151,2025-07-01,0,0,,0,0.00,0,0,,48.76,0.00,0.0
1151,2025-08-01,1,0,0.0,0,0.00,0,0,,0.00,0.00,
1151,2025-09-01,2,0,0.0,0,0.00,0,0,,0.00,0.00,
1151,2025-10-01,0,0,,0,0.00,0,0,,0.00,0.00,
1151,2025-11-01,0,0,,0,0.00,0,0,,0.00,0.00,
1151,2025-12-01,0,0,,0,0.00,0,0,,0.00,0.00,
1151,2026-01-01,2,1,0.5,0,0.00,0,0,,0.00,0.00,
1151,2026-02-01,0,0,,1,282.21,1,0,0.0,149.50,0.00,0.0
1151,2026-03-01,1,1,1.0,0,0.00,0,0,,151.06,0.00,0.0
1151,2026-04-01,0,0,,0,0.00,0,0,,74.86,0.00,0.0
1151,2026-05-01,2,1,0.5,1,369.95,0,0,,411.52,0.00,0.0
1151,2026-06-01,2,2,1.0,1,117.53,0,0,,407.34,0.00,0.0
1152,2025-01-01,2,1,0.5,1,596.95,1,0,0.0,680.51,0.00,0.0
1152,2025-02-01,2,1,0.5,1,120.23,1,0,0.0,637.80,0.00,0.0
1152,2025-03-01,1,1,1.0,1,259.59,1,0,0.0,717.50,0.00,0.0
1152,2025-04-01,2,1,0.5,1,262.28,1,0,0.0,783.34,0.00,0.0
1152,2025-05-01,1,1,1.0,1,717.41,1,0,0.0,1132.46,0.00,0.0
1152,2025-06-01,0,0,,0,0.00,0,0,,1013.07,0.00,0.0
1152,2025-07-01,3,2,0.6666666666666666,2,496.42,2,1,0.5,902.14,0.00,0.0
1152,2025-08-01,2,0,0.0,0,0.00,0,0,,636.94,0.00,0.0
1152,2025-09-01,1,1,1.0,0,0.00,0,0,,518.90,0.00,0.0
1152,2025-10-01,1,1,1.0,1,113.20,1,0,0.0,591.39,0.00,0.0
1152,2025-11-01,1,0,0.0,0,0.00,0,0,,559.60,0.00,0.0
1152,2025-12-01,0,0,,0,0.00,0,0,,493.21,342.43,0.6942884369741085
1152,2026-01-01,4,1,0.25,1,122.92,1,0,0.0,580.10,332.01,0.5723323564902603
1152,2026-02-01,1,0,0.0,0,0.00,0,0,,517.55,332.21,0.6418896724954111
1152,2026-03-01,2,1,0.5,1,315.20,1,0,0.0,772.33,327.19,0.42364015382025816
1152,2026-04-01,1,0,0.0,0,0.00,0,0,,641.89,332.29,0.5176743678823474
1152,2026-05-01,2,2,1.0,1,276.32,0,0,,791.52,345.63,0.4366661613098848
1152,2026-06-01,2,1,0.5,0,0.00,0,0,,775.71,345.25,0.44507612380915546
1153,2025-01-01,2,2,1.0,2,661.13,2,0,0.0,742.25,0.00,0.0
1153,2025-02-01,0,0,,0,0.00,0,0,,535.55,0.00,0.0
1153,2025-03-01,0,0,,0,0.00,0,0,,479.77,0.00,0.0
1153,2025-04-01,0,0,,0,0.00,0,0,,445.11,310.06,0.6965918536990856
1153,2025-05-01,1,0,0.0,0,0.00,0,0,,386.54,299.56,0.774978010037771
1153,2025-06-01,0,0,,0,0.00,0,0,,296.44,296.44,1.0
1153,2025-07-01,0,0,,0,0.00,0,0,,296.77,296.77,1.0
1153,2025-08-01,2,0,0.0,0,0.00,0,0,,301.57,301.57,1.0
1153,2025-09-01,0,0,,0,0.00,0,0,,310.89,310.89,1.0
1153,2025-10-01,1,1,1.0,1,249.22,1,0,0.0,588.67,312.62,0.5310615455178623
1153,2025-11-01,2,1,0.5,0,0.00,0,0,,508.72,320.23,0.6294818367667873
1153,2025-12-01,0,0,,1,317.66,1,0,0.0,724.86,316.85,0.43711889192395775
1153,2026-01-01,0,0,,0,0.00,0,0,,702.80,488.04,0.6944223107569721
1153,2026-02-01,1,1,1.0,1,1110.33,1,0,0.0,1671.00,488.34,0.2922441651705565
1153,2026-03-01,0,0,,0,0.00,0,0,,1257.47,480.95,0.382474333383699
1153,2026-04-01,0,0,,0,0.00,0,0,,882.74,488.45,0.5533339375127444
1153,2026-05-01,2,1,0.5,0,0.00,0,0,,508.06,508.06,1.0
1153,2026-06-01,0,0,,1,270.81,0,0,,706.67,507.51,0.7181711407021665
1154,2025-02-01,1,1,1.0,1,555.47,1,0,0.0,596.07,0.00,0.0
1154,2025-03-01,0,0,,0,0.00,0,0,,388.69,0.00,0.0
1154,2025-04-01,1,1,1.0,0,0.00,0,0,,198.54,0.00,0.0
1154,2025-05-01,0,0,,1,382.92,1,1,1.0,401.51,0.00,0.0
1154,2025-06-01,0,0,,0,0.00,0,0,,397.32,0.00,0.0
1154,2025-07-01,1,1,1.0,0,0.00,0,0,,198.87,0.00,0.0
1154,2025-08-01,0,0,,1,404.22,1,0,0.0,637.30,0.00,0.0
1154,2025-09-01,1,0,0.0,0,0.00,0,0,,610.95,0.00,0.0
1154,2025-10-01,0,0,,0,0.00,0,0,,568.04,104.74,0.1843884233504683
1154,2025-11-01,0,0,,0,0.00,0,0,,534.40,107.28,0.20074850299401198
1154,2025-12-01,0,0,,0,0.00,0,0,,434.88,106.15,0.2440903237674761
1154,2026-01-01,0,0,,0,0.00,0,0,,421.65,102.92,0.2440886991580695
1154,2026-02-01,0,0,,0,0.00,0,0,,376.36,102.98,0.27362100116909344
1154,2026-03-01,0,0,,0,0.00,0,0,,325.82,101.43,0.3113068565465595
1154,2026-04-01,0,0,,0,0.00,0,0,,285.34,103.01,0.3610079203756922
1154,2026-05-01,0,0,,0,0.00,0,0,,249.41,107.14,0.42957379415420394
1154,2026-06-01,0,0,,0,0.00,0,0,,201.81,107.03,0.5303503295178633
1155,2025-01-01,3,1,0.3333333333333333,1,128.26,1,0,0.0,172.59,0.00,0.0
1155,2025-02-01,1,1,1.0,1,95.14,1,0,0.0,262.16,0.00,0.0
1155,2025-03-01,1,1,1.0,1,412.46,1,0,0.0,644.30,0.00,0.0
1155,2025-04-01,2,2,1.0,2,303.77,2,0,0.0,948.91,0.00,0.0
1155,2025-05-01,1,1,1.0,0,0.00,0,0,,569.78,0.00,0.0
1155,2025-06-01,2,1,0.5,1,485.56,1,0,0.0,862.93,0.00,0.0
1155,2025-07-01,0,0,,0,0.00,0,0,,501.12,0.00,0.0
1155,2025-08-01,0,0,,0,0.00,0,0,,269.65,96.97,0.3596143148525867
1155,2025-09-01,5,2,0.4,2,581.41,2,0,0.0,725.84,0.00,0.0
1155,2025-10-01,0,0,,0,0.00,0,0,,535.31,0.00,0.0
1155,2025-11-01,2,1,0.5,0,0.00,0,0,,349.01,0.00,0.0
1155,2025-12-01,2,1,0.5,2,260.30,2,0,0.0,433.90,0.00,0.0
1155,2026-01-01,2,1,0.5,1,442.82,1,1,1.0,697.69,0.00,0.0
1155,2026-02-01,1,0,0.0,0,0.00,0,0,,621.86,0.00,0.0
1155,2026-03-01,2,1,0.5,1,384.23,1,0,0.0,777.27,0.00,0.0
1155,2026-04-01,2,1,0.5,1,375.13,1,0,0.0,740.24,0.00,0.0
1155,2026-05-01,0,0,,0,0.00,0,0,,421.90,0.00,0.0
1155,2026-06-01,3,3,1.0,3,1231.56,0,0,,1531.61,0.00,0.0
1156,2025-01-01,3,2,0.6666666666666666,2,556.15,2,0,0.0,697.60,0.00,0.0
1156,2025-02-01,4,2,0.5,2,467.21,2,1,0.5,1144.92,0.00,0.0
1156,2025-03-01,0,0,,0,0.00,0,0,,976.44,0.00,0.0
1156,2025-04-01,4,3,0.75,3,820.46,3,0,0.0,1749.48,0.00,0.0
1156,2025-05-01,5,4,0.8,2,396.35,2,1,0.5,1808.61,0.00,0.0
1156,2025-06-01,3,0,0.0,1,438.75,1,0,0.0,1978.16,0.00,0.0
1156,2025-07-01,4,1,0.25,1,291.31,1,1,1.0,1687.13,245.44,0.1454778232856982
1156,2025-08-01,2,1,0.5,1,458.66,1,0,0.0,1706.01,0.00,0.0
1156,2025-09-01,3,2,0.6666666666666666,2,399.08,2,0,0.0,1675.61,0.00,0.0
1156,2025-10-01,1,1,1.0,1,212.92,1,0,0.0,1343.35,0.00,0.0
1156,2025-11-01,2,1,0.5,0,0.00,0,0,,735.20,0.00,0.0
1156,2025-12-01,2,1,0.5,1,425.67,1,0,0.0,776.62,0.00,0.0
1156,2026-01-01,0,0,,1,206.77,1,0,0.0,668.28,0.00,0.0
1156,2026-02-01,6,4,0.6666666666666666,4,2545.24,4,0,0.0,3123.03,0.00,0.0
1156,2026-03-01,5,1,0.2,1,155.47,1,0,0.0,2358.52,117.84,0.049963536455065044
1156,2026-04-01,3,2,0.6666666666666666,1,155.43,1,0,0.0,1012.58,0.00,0.0
1156,2026-05-01,3,1,0.3333333333333333,0,0.00,0,0,,336.64,0.00,0.0
1156,2026-06-01,1,1,1.0,1,72.63,0,0,,170.68,0.00,0.0
1157,2025-01-01,4,3,0.75,1,179.47,1,0,0.0,194.01,0.00,0.0
1157,2025-02-01,8,6,0.75,6,2093.56,6,0,0.0,2678.66,0.00,0.0
1157,2025-03-01,5,1,0.2,1,440.69,1,0,0.0,2491.95,0.00,0.0
1157,2025-04-01,12,7,0.5833333333333334,4,4221.78,4,0,0.0,7359.71,0.00,0.0
1157,2025-05-01,6,2,0.3333333333333333,5,1636.96,5,0,0.0,7372.35,0.00,0.0
1157,2025-06-01,4,3,0.75,3,1156.50,3,0,0.0,7089.15,0.00,0.0
1157,2025-07-01,8,2,0.25,1,299.60,1,0,0.0,5885.70,0.00,0.0
1157,2025-08-01,3,1,0.3333333333333333,2,883.68,2,1,0.5,5891.49,0.00,0.0
1157,2025-09-01,7,3,0.42857142857142855,3,1466.33,3,0,0.0,6432.65,0.00,0.0
1157,2025-10-01,6,4,0.6666666666666666,4,1705.42,4,1,0.25,7225.58,838.15,0.11599760849648055
1157,2025-11-01,9,5,0.5555555555555556,5,1752.12,5,0,0.0,8028.15,858.53,0.10693995503322684
1157,2025-12-01,9,5,0.5555555555555556,5,1975.93,5,1,0.2,8316.84,849.48,0.10213975500310214
1157,2026-01-01,7,7,1.0,7,3160.20,7,2,0.2857142857142857,9304.13,823.63,0.08852305374065067
1157,2026-02-01,7,4,0.5714285714285714,3,833.13,3,0,0.0,7732.72,1215.76,0.157222814223197
1157,2026-03-01,4,2,0.5,3,1054.27,3,0,0.0,7051.62,1999.02,0.28348379521301487
1157,2026-04-01,2,1,0.5,0,0.00,0,0,,4847.50,2041.99,0.42124600309437854
1157,2026-05-01,6,3,0.5,3,1144.31,0,0,,4502.03,1582.94,0.3516058311472825
1157,2026-06-01,5,4,0.8,2,453.66,0,0,,3895.68,1581.21,0.4058880606209956
1158,2025-01-01,2,0,0.0,0,0.00,0,0,,0.00,0.00,
1158,2025-03-01,1,0,0.0,0,0.00,0,0,,0.00,0.00,
1158,2025-06-01,3,1,0.3333333333333333,1,70.29,1,0,0.0,75.60,0.00,0.0
1158,2025-07-01,0,0,,0,0.00,0,0,,59.79,0.00,0.0
1158,2025-08-01,0,0,,0,0.00,0,0,,40.05,0.00,0.0
1158,2025-09-01,3,1,0.3333333333333333,0,0.00,0,0,,19.83,0.00,0.0
1158,2025-10-01,0,0,,1,998.01,1,0,0.0,856.52,0.00,0.0
1158,2025-11-01,2,2,1.0,1,426.16,1,0,0.0,959.44,0.00,0.0
1158,2025-12-01,0,0,,0,0.00,0,0,,583.66,0.00,0.0
1158,2026-01-01,1,0,0.0,0,0.00,0,0,,334.31,0.00,0.0
1158,2026-02-01,0,0,,0,0.00,0,0,,326.55,326.55,1.0
1158,2026-03-01,1,1,1.0,0,0.00,0,0,,0.00,0.00,
1158,2026-04-01,0,0,,0,0.00,0,0,,0.00,0.00,
1158,2026-05-01,2,0,0.0,0,0.00,0,0,,0.00,0.00,
1158,2026-06-01,1,1,1.0,1,343.79,0,0,,392.30,0.00,0.0
1159,2024-12-01,1,0,0.0,0,0.00,0,0,,0.00,0.00,
1159,2025-01-01,20,12,0.6,8,3313.87,8,0,0.0,3639.49,0.00,0.0
1159,2025-02-01,17,9,0.5294117647058824,8,2218.33,8,1,0.125,5011.39,0.00,0.0
1159,2025-03-01,18,6,0.3333333333333333,8,2449.09,8,0,0.0,5919.05,0.00,0.0
1159,2025-04-01,14,10,0.7142857142857143,8,2453.73,8,1,0.125,6359.78,0.00,0.0
1159,2025-05-01,20,8,0.4,6,2957.06,6,0,0.0,7411.55,0.00,0.0
1159,2025-06-01,22,13,0.5909090909090909,12,3450.93,12,2,0.16666666666666666,8502.05,0.00,0.0
1159,2025-07-01,20,10,0.5,10,2633.24,10,0,0.0,8295.58,181.08,0.021828491799247313
1159,2025-08-01,15,9,0.6,7,1508.65,7,0,0.0,7897.52,369.93,0.04684128688499681
1159,2025-09-01,11,4,0.36363636363636365,4,646.36,4,0,0.0,6697.93,639.36,0.09545635741191681
1159,2025-10-01,17,9,0.5294117647058824,8,2313.19,8,1,0.125,7496.23,416.75,0.05559461222507848
1159,2025-11-01,23,11,0.4782608695652174,11,3649.56,11,2,0.18181818181818182,10041.57,293.82,0.029260364664091373
1159,2025-12-01,24,14,0.5833333333333334,11,3714.08,11,0,0.0,12375.29,290.72,0.023491974733521395
1159,2026-01-01,16,12,0.75,10,3335.58,10,1,0.1,12425.61,281.87,0.02268460059506133
1159,2026-02-01,13,10,0.7692307692307693,7,1566.53,7,0,0.0,11825.51,1278.42,0.10810696536555295
1159,2026-03-01,22,15,0.6818181818181818,10,2596.52,10,0,0.0,11770.63,1497.40,0.1272149409165015
1159,2026-04-01,18,13,0.7222222222222222,12,3396.40,12,0,0.0,13337.48,1612.72,0.12091639500115464
1159,2026-05-01,15,8,0.5333333333333333,9,4020.07,0,0,,15242.78,2388.09,0.1566702399431075
1159,2026-06-01,18,10,0.5555555555555556,7,1922.14,0,0,,14056.15,2290.41,0.16294717970425757
1160,2025-01-01,1,0,0.0,0,0.00,0,0,,0.00,0.00,
1160,2025-02-01,1,0,0.0,0,0.00,0,0,,0.00,0.00,
1160,2025-03-01,1,1,1.0,1,786.38,1,0,0.0,921.51,0.00,0.0
1160,2025-04-01,0,0,,0,0.00,0,0,,784.52,0.00,0.0
1160,2025-05-01,1,1,1.0,1,281.31,1,0,0.0,902.94,0.00,0.0
1160,2025-06-01,0,0,,0,0.00,0,0,,645.69,0.00,0.0
1160,2025-07-01,1,0,0.0,0,0.00,0,0,,300.38,0.00,0.0
1160,2025-08-01,2,1,0.5,1,205.85,1,0,0.0,380.30,0.00,0.0
1160,2025-09-01,1,0,0.0,0,0.00,0,0,,156.47,0.00,0.0
1160,2025-10-01,0,0,,0,0.00,0,0,,78.67,0.00,0.0
1160,2025-11-01,0,0,,0,0.00,0,0,,0.00,0.00,
1160,2025-12-01,0,0,,0,0.00,0,0,,0.00,0.00,
1160,2026-01-01,0,0,,0,0.00,0,0,,0.00,0.00,
1160,2026-02-01,0,0,,0,0.00,0,0,,0.00,0.00,
1160,2026-03-01,0,0,,0,0.00,0,0,,0.00,0.00,
1160,2026-04-01,1,0,0.0,0,0.00,0,0,,0.00,0.00,
1160,2026-05-01,1,0,0.0,0,0.00,0,0,,0.00,0.00,
1160,2026-06-01,0,0,,0,0.00,0,0,,0.00,0.00,
1161,2025-01-01,1,1,1.0,1,154.33,1,0,0.0,170.68,0.00,0.0
1161,2025-02-01,1,0,0.0,0,0.00,0,0,,166.34,0.00,0.0
1161,2025-03-01,0,0,,0,0.00,0,0,,140.68,0.00,0.0
1161,2025-04-01,0,0,,0,0.00,0,0,,85.44,0.00,0.0
1161,2025-05-01,0,0,,0,0.00,0,0,,82.84,0.00,0.0
1161,2025-06-01,0,0,,0,0.00,0,0,,58.44,0.00,0.0
1161,2025-07-01,0,0,,0,0.00,0,0,,0.00,0.00,
1161,2025-08-01,0,0,,0,0.00,0,0,,0.00,0.00,
1161,2025-09-01,1,0,0.0,0,0.00,0,0,,0.00,0.00,
1161,2025-10-01,0,0,,0,0.00,0,0,,0.00,0.00,
1161,2025-11-01,0,0,,0,0.00,0,0,,0.00,0.00,
1161,2025-12-01,0,0,,0,0.00,0,0,,0.00,0.00,
1161,2026-01-01,0,0,,0,0.00,0,0,,0.00,0.00,
1161,2026-02-01,0,0,,0,0.00,0,0,,0.00,0.00,
1161,2026-03-01,2,1,0.5,1,213.49,1,0,0.0,237.42,0.00,0.0
1161,2026-04-01,1,1,1.0,1,358.83,1,0,0.0,579.47,0.00,0.0
1161,2026-05-01,0,0,,0,0.00,0,0,,479.08,0.00,0.0
1161,2026-06-01,0,0,,0,0.00,0,0,,294.13,197.56,0.6716757896168362
1162,2025-01-01,1,0,0.0,0,0.00,0,0,,0.00,0.00,
1162,2025-02-01,1,1,1.0,1,229.19,1,0,0.0,251.94,0.00,0.0
1162,2025-03-01,0,0,,0,0.00,0,0,,191.77,0.00,0.0
1162,2025-04-01,1,1,1.0,1,545.82,1,0,0.0,813.11,0.00,0.0
1162,2025-05-01,2,1,0.5,1,382.75,1,0,0.0,1083.47,0.00,0.0
1162,2025-06-01,0,0,,0,0.00,0,0,,875.95,0.00,0.0
1162,2025-07-01,1,0,0.0,0,0.00,0,0,,708.43,0.00,0.0
1162,2025-08-01,0,0,,0,0.00,0,0,,495.39,0.00,0.0
1162,2025-09-01,0,0,,0,0.00,0,0,,429.21,0.00,0.0
1162,2025-10-01,0,0,,0,0.00,0,0,,349.25,0.00,0.0
1162,2025-11-01,0,0,,0,0.00,0,0,,291.33,0.00,0.0
1162,2025-12-01,1,1,1.0,0,0.00,0,0,,229.20,0.00,0.0
1162,2026-01-01,0,0,,1,356.50,1,0,0.0,501.85,0.00,0.0
1162,2026-02-01,0,0,,0,0.00,0,0,,434.46,0.00,0.0
1162,2026-03-01,1,0,0.0,0,0.00,0,0,,317.39,0.00,0.0
1162,2026-04-01,0,0,,0,0.00,0,0,,194.05,0.00,0.0
1162,2026-05-01,0,0,,0,0.00,0,0,,64.07,0.00,0.0
1162,2026-06-01,0,0,,0,0.00,0,0,,65.17,0.00,0.0
1163,2025-02-01,3,2,0.6666666666666666,1,156.86,1,0,0.0,171.34,0.00,0.0
1163,2025-03-01,0,0,,1,174.86,1,0,0.0,307.38,0.00,0.0
1163,2025-04-01,2,1,0.5,1,279.40,1,0,0.0,539.33,0.00,0.0
1163,2025-05-01,1,1,1.0,1,176.50,1,0,0.0,550.44,0.00,0.0
1163,2025-06-01,0,0,,0,0.00,0,0,,314.63,0.00,0.0
1163,2025-07-01,1,1,1.0,1,68.99,1,0,0.0,391.17,0.00,0.0
1163,2025-08-01,4,4,1.0,3,680.80,3,1,0.3333333333333333,991.80,159.62,0.1609397055858036
1163,2025-09-01,1,1,1.0,1,245.82,1,0,0.0,1241.87,164.55,0.13250179165291054
1163,2025-10-01,2,1,0.5,1,784.22,1,0,0.0,1893.97,165.47,0.08736674815334984
1163,2025-11-01,2,1,0.5,1,244.66,1,0,0.0,1960.56,169.49,0.08644978985595952
1163,2025-12-01,4,1,0.25,1,486.74,1,0,0.0,1884.80,167.71,0.08898026315789474
1163,2026-01-01,4,2,0.5,2,410.69,2,0,0.0,1951.52,162.60,0.08331966877100926
1163,2026-02-01,2,2,1.0,2,246.14,2,1,0.5,1577.45,162.70,0.10314114551966781
1163,2026-03-01,3,2,0.6666666666666666,1,280.59,1,0,0.0,1234.42,160.24,0.1298099512321576
1163,2026-04-01,0,0,,1,254.22,1,0,0.0,1087.55,258.35,0.23755229644614043
1163,2026-05-01,3,2,0.6666666666666666,2,358.69,0,0,,1168.55,260.44,0.22287450258867827
1163,2026-06-01,0,0,,0,0.00,0,0,,793.07,260.15,0.32802905166000473
1164,2025-02-01,3,3,1.0,3,727.45,3,0,0.0,805.85,0.00,0.0
1164,2025-03-01,2,1,0.5,1,470.21,1,0,0.0,1058.51,0.00,0.0
1164,2025-04-01,1,1,1.0,1,520.68,1,0,0.0,1427.00,0.00,0.0
1164,2025-05-01,3,2,0.6666666666666666,2,282.98,2,0,0.0,1432.44,0.00,0.0
1164,2025-06-01,3,1,0.3333333333333333,1,107.91,1,0,0.0,951.19,0.00,0.0
1164,2025-07-01,3,2,0.6666666666666666,1,119.23,1,0,0.0,837.35,0.00,0.0
1164,2025-08-01,0,0,,0,0.00,0,0,,589.77,0.00,0.0
1164,2025-09-01,0,0,,0,0.00,0,0,,183.85,0.00,0.0
1164,2025-10-01,2,1,0.5,1,440.53,1,0,0.0,600.25,0.00,0.0
1164,2025-11-01,3,1,0.3333333333333333,1,148.28,1,0,0.0,628.25,0.00,0.0
1164,2025-12-01,2,1,0.5,1,419.84,1,0,0.0,872.86,0.00,0.0
1164,2026-01-01,0,0,,0,0.00,0,0,,551.00,0.00,0.0
1164,2026-02-01,1,1,1.0,1,504.65,1,0,0.0,642.07,0.00,0.0
1164,2026-03-01,3,0,0.0,0,0.00,0,0,,538.93,0.00,0.0
1164,2026-04-01,1,0,0.0,0,0.00,0,0,,294.50,0.00,0.0
1164,2026-05-01,0,0,,0,0.00,0,0,,275.85,0.00,0.0
1164,2026-06-01,0,0,,0,0.00,0,0,,187.05,0.00,0.0
1165,2025-01-01,2,2,1.0,1,1039.47,1,0,0.0,1108.76,0.00,0.0
1165,2025-02-01,3,2,0.6666666666666666,3,719.83,3,0,0.0,1634.88,0.00,0.0
1165,2025-03-01,3,2,0.6666666666666666,2,556.54,2,0,0.0,1725.65,0.00,0.0
1165,2025-04-01,1,0,0.0,0,0.00,0,0,,1143.42,0.00,0.0
1165,2025-05-01,0,0,,0,0.00,0,0,,833.86,0.00,0.0
1165,2025-06-01,0,0,,0,0.00,0,0,,646.92,128.06,0.19795337908860447
1165,2025-07-01,0,0,,0,0.00,0,0,,509.24,112.06,0.22005341292907077
1165,2025-08-01,0,0,,0,0.00,0,0,,396.78,64.60,0.16281062553556128
1165,2025-09-01,1,0,0.0,0,0.00,0,0,,409.05,66.60,0.1628162816281628
1165,2025-10-01,1,0,0.0,0,0.00,0,0,,343.72,66.97,0.19483882229721866
1165,2025-11-01,2,0,0.0,0,0.00,0,0,,282.83,68.60,0.24254852738394087
1165,2025-12-01,2,0,0.0,0,0.00,0,0,,174.12,67.88,0.3898460831610383
1165,2026-01-01,3,1,0.3333333333333333,1,127.65,1,0,0.0,275.98,65.81,0.238459308645554
1165,2026-02-01,2,1,0.5,1,306.19,1,1,1.0,496.12,65.85,0.1327299846811255
1165,2026-03-01,0,0,,0,0.00,0,0,,448.55,64.86,0.1445992642960651
1165,2026-04-01,0,0,,0,0.00,0,0,,348.60,65.87,0.1889558232931727
1165,2026-05-01,0,0,,0,0.00,0,0,,179.77,68.51,0.3810980697557991
1165,2026-06-01,2,2,1.0,1,221.14,0,0,,320.28,68.44,0.21368802297989262
1166,2025-01-01,2,1,0.5,1,120.82,1,0,0.0,133.15,0.00,0.0
1166,2025-02-01,1,1,1.0,0,0.00,0,0,,87.98,0.00,0.0
1166,2025-03-01,1,1,1.0,1,666.64,1,0,0.0,800.60,0.00,0.0
1166,2025-04-01,0,0,,0,0.00,0,0,,580.46,0.00,0.0
1166,2025-05-01,1,1,1.0,1,224.29,1,0,0.0,611.15,0.00,0.0
1166,2025-06-01,2,0,0.0,0,0.00,0,0,,341.52,0.00,0.0
1166,2025-07-01,2,1,0.5,1,165.82,1,0,0.0,263.08,0.00,0.0
1166,2025-08-01,1,1,1.0,1,224.00,1,1,1.0,361.40,0.00,0.0
1166,2025-09-01,3,2,0.6666666666666666,0,0.00,0,0,,308.07,0.00,0.0
1166,2025-10-01,1,1,1.0,1,1390.02,1,0,0.0,1776.66,244.92,0.13785417581304243
1166,2025-11-01,3,2,0.6666666666666666,2,581.83,2,0,0.0,2460.24,250.88,0.10197379117484474
1166,2025-12-01,3,0,0.0,0,0.00,0,0,,1705.60,248.23,0.14553822701688557
1166,2026-01-01,3,1,0.3333333333333333,1,106.03,1,0,0.0,561.36,240.68,0.4287444776970215
1166,2026-02-01,1,1,1.0,1,202.12,1,0,0.0,563.95,240.82,0.42702367231137506
1166,2026-03-01,1,0,0.0,0,0.00,0,0,,476.99,237.18,0.497243128786767
1166,2026-04-01,4,3,0.75,2,767.95,2,0,0.0,1341.09,240.88,0.17961508921847155
1166,2026-05-01,1,0,0.0,0,0.00,0,0,,1119.50,250.55,0.22380527020991514
1166,2026-06-01,3,2,0.6666666666666666,1,258.50,0,0,,1169.36,420.57,0.3596582746117535
1167,2025-01-01,1,0,0.0,0,0.00,0,0,,0.00,0.00,
1167,2025-02-01,2,1,0.5,0,0.00,0,0,,0.00,0.00,
1167,2025-03-01,1,0,0.0,0,0.00,0,0,,0.00,0.00,
1167,2025-04-01,1,0,0.0,0,0.00,0,0,,0.00,0.00,
1167,2025-05-01,2,1,0.5,1,187.89,1,0,0.0,200.09,0.00,0.0
1167,2025-06-01,1,0,0.0,0,0.00,0,0,,158.80,0.00,0.0
1167,2025-07-01,3,2,0.6666666666666666,2,421.65,2,0,0.0,646.94,0.00,0.0
1167,2025-08-01,3,0,0.0,0,0.00,0,0,,541.98,0.00,0.0
1167,2025-09-01,2,1,0.5,1,182.42,1,1,1.0,627.06,0.00,0.0
1167,2025-10-01,2,1,0.5,1,200.47,1,0,0.0,772.98,0.00,0.0
1167,2025-11-01,2,2,1.0,2,466.08,2,0,0.0,1209.90,187.47,0.1549466898090751
1167,2025-12-01,0,0,,0,0.00,0,0,,1009.99,194.13,0.19220982385964216
1167,2026-01-01,3,1,0.3333333333333333,1,268.13,1,0,0.0,1101.19,183.61,0.16673780183256295
1167,2026-02-01,1,1,1.0,0,0.00,0,0,,831.27,179.35,0.2157542074175659
1167,2026-03-01,1,0,0.0,1,381.62,1,1,1.0,1065.31,181.22,0.17011010879462318
1167,2026-04-01,3,1,0.3333333333333333,0,0.00,0,0,,813.41,179.60,0.22079885912393504
1167,2026-05-01,4,2,0.5,3,885.55,0,0,,1638.24,590.15,0.3602341537259498
1167,2026-06-01,3,1,0.3333333333333333,1,302.04,0,0,,1708.36,600.24,0.3513545154417102
1168,2025-01-01,1,0,0.0,0,0.00,0,0,,0.00,0.00,
1168,2025-03-01,2,1,0.5,1,198.90,1,0,0.0,217.34,0.00,0.0
1168,2025-04-01,2,0,0.0,0,0.00,0,0,,220.01,0.00,0.0
1168,2025-05-01,0,0,,0,0.00,0,0,,106.65,0.00,0.0
1168,2025-06-01,0,0,,0,0.00,0,0,,112.86,0.00,0.0
1168,2025-07-01,1,1,1.0,1,410.60,1,0,0.0,514.34,0.00,0.0
1168,2025-08-01,0,0,,0,0.00,0,0,,342.69,0.00,0.0
1168,2025-09-01,0,0,,0,0.00,0,0,,226.22,0.00,0.0
1168,2025-10-01,0,0,,0,0.00,0,0,,214.76,0.00,0.0
1168,2025-11-01,0,0,,0,0.00,0,0,,214.97,214.97,1.0
1168,2025-12-01,0,0,,0,0.00,0,0,,211.41,211.41,1.0
1168,2026-01-01,1,1,1.0,1,254.48,1,0,0.0,504.04,210.55,0.41772478374732164
1168,2026-02-01,1,0,0.0,0,0.00,0,0,,420.67,205.66,0.4888867758575605
1168,2026-03-01,0,0,,0,0.00,0,0,,352.64,207.81,0.5892978675136117
1168,2026-04-01,1,1,1.0,0,0.00,0,0,,277.72,205.95,0.7415742474434681
1168,2026-05-01,0,0,,1,357.92,0,0,,598.86,204.01,0.34066392813011387
1168,2026-06-01,0,0,,0,0.00,0,0,,408.30,207.50,0.5082047514082783
1169,2025-01-01,2,2,1.0,1,57.97,1,0,0.0,64.65,0.00,0.0
1169,2025-02-01,0,0,,1,366.77,1,0,0.0,367.19,0.00,0.0
1169,2025-03-01,0,0,,0,0.00,0,0,,343.50,0.00,0.0
1169,2025-04-01,0,0,,0,0.00,0,0,,132.96,0.00,0.0
1169,2025-05-01,0,0,,0,0.00,0,0,,97.53,0.00,0.0
1169,2025-06-01,0,0,,0,0.00,0,0,,0.00,0.00,
1169,2025-07-01,0,0,,0,0.00,0,0,,0.00,0.00,
1169,2025-08-01,1,1,1.0,1,467.01,1,0,0.0,510.67,0.00,0.0
1169,2025-09-01,0,0,,0,0.00,0,0,,350.98,0.00,0.0
1169,2025-10-01,0,0,,0,0.00,0,0,,176.48,0.00,0.0
1169,2025-11-01,3,2,0.6666666666666666,2,295.87,2,0,0.0,329.96,0.00,0.0
1169,2025-12-01,0,0,,0,0.00,0,0,,217.65,0.00,0.0
1169,2026-01-01,0,0,,0,0.00,0,0,,105.50,0.00,0.0
1169,2026-02-01,2,1,0.5,1,351.15,1,1,1.0,385.14,0.00,0.0
1169,2026-03-01,1,0,0.0,0,0.00,0,0,,379.32,0.00,0.0
1169,2026-04-01,0,0,,0,0.00,0,0,,256.84,0.00,0.0
1169,2026-05-01,3,3,1.0,3,544.44,0,0,,800.68,0.00,0.0
1169,2026-06-01,2,2,1.0,2,411.40,0,0,,1027.63,0.00,0.0
1170,2025-09-01,4,1,0.25,1,293.48,1,1,1.0,315.74,0.00,0.0
1170,2025-10-01,2,1,0.5,1,198.96,1,0,0.0,537.38,0.00,0.0
1170,2025-11-01,1,1,1.0,1,743.79,1,0,0.0,1335.11,300.04,0.22473054654672653
1170,2025-12-01,0,0,,0,0.00,0,0,,954.52,0.00,0.0
1170,2026-01-01,1,0,0.0,0,0.00,0,0,,775.22,0.00,0.0
1170,2026-02-01,1,0,0.0,0,0.00,0,0,,681.37,71.76,0.10531722852488369
1170,2026-03-01,0,0,,0,0.00,0,0,,442.81,0.00,0.0
1170,2026-04-01,0,0,,0,0.00,0,0,,133.62,0.00,0.0
1170,2026-05-01,1,1,1.0,1,272.53,0,0,,426.74,0.00,0.0
1170,2026-06-01,0,0,,0,0.00,0,0,,359.19,134.63,0.37481555722598064
1171,2025-01-01,1,0,0.0,0,0.00,0,0,,0.00,0.00,
1171,2025-02-01,1,1,1.0,1,579.83,1,0,0.0,641.20,0.00,0.0
1171,2025-03-01,0,0,,0,0.00,0,0,,418.13,0.00,0.0
1171,2025-04-01,0,0,,0,0.00,0,0,,213.59,0.00,0.0
1171,2025-05-01,1,1,1.0,1,818.27,1,0,0.0,924.75,0.00,0.0
1171,2025-06-01,1,0,0.0,0,0.00,0,0,,762.59,0.00,0.0
1171,2025-07-01,2,2,1.0,1,266.19,1,0,0.0,933.61,0.00,0.0
1171,2025-08-01,2,1,0.5,1,229.90,1,0,0.0,1042.72,0.00,0.0
1171,2025-09-01,0,0,,0,0.00,0,0,,801.21,0.00,0.0
1171,2025-10-01,0,0,,0,0.00,0,0,,530.39,0.00,0.0
1171,2025-11-01,1,0,0.0,0,0.00,0,0,,290.31,290.31,1.0
1171,2025-12-01,2,1,0.5,1,131.27,1,0,0.0,381.83,0.00,0.0
1171,2026-01-01,0,0,,0,0.00,0,0,,317.80,0.00,0.0
1171,2026-02-01,0,0,,0,0.00,0,0,,265.55,0.00,0.0
1171,2026-03-01,1,0,0.0,0,0.00,0,0,,237.32,164.70,0.6939996629024102
1171,2026-04-01,1,1,1.0,0,0.00,0,0,,108.24,0.00,0.0
1171,2026-05-01,1,0,0.0,1,613.81,0,0,,797.85,0.00,0.0
1171,2026-06-01,2,2,1.0,2,821.89,0,0,,1311.81,0.00,0.0
1172,2025-05-01,1,0,0.0,0,0.00,0,0,,0.00,0.00,
1172,2025-07-01,1,0,0.0,0,0.00,0,0,,0.00,0.00,
1172,2025-09-01,2,1,0.5,0,0.00,0,0,,0.00,0.00,
1172,2025-10-01,0,0,,1,114.55,1,0,0.0,77.43,0.00,0.0
1172,2025-11-01,0,0,,0,0.00,0,0,,38.75,0.00,0.0
1172,2025-12-01,0,0,,0,0.00,0,0,,0.00,0.00,
1172,2026-01-01,0,0,,0,0.00,0,0,,0.00,0.00,
1172,2026-02-01,0,0,,0,0.00,0,0,,0.00,0.00,
1172,2026-03-01,2,1,0.5,1,77.98,1,0,0.0,99.07,0.00,0.0
1172,2026-04-01,0,0,,0,0.00,0,0,,90.00,0.00,0.0
1172,2026-05-01,1,1,1.0,1,751.11,0,0,,889.83,0.00,0.0
1172,2026-06-01,0,0,,0,0.00,0,0,,691.16,0.00,0.0
1173,2025-01-01,4,1,0.25,1,153.81,1,0,0.0,172.50,0.00,0.0
1173,2025-02-01,5,3,0.6,2,742.29,2,0,0.0,931.53,0.00,0.0
1173,2025-03-01,7,4,0.5714285714285714,3,709.54,3,0,0.0,1305.62,0.00,0.0
1173,2025-04-01,5,5,1.0,5,1477.88,5,0,0.0,2574.45,0.00,0.0
1173,2025-05-01,4,4,1.0,4,1493.86,4,0,0.0,3047.43,0.00,0.0
1173,2025-06-01,9,6,0.6666666666666666,5,2367.49,5,0,0.0,4877.99,0.00,0.0
1173,2025-07-01,9,3,0.3333333333333333,3,862.88,3,0,0.0,4345.59,0.00,0.0
1173,2025-08-01,8,5,0.625,5,1675.05,5,0,0.0,4401.84,0.00,0.0
1173,2025-09-01,4,1,0.25,1,92.63,1,0,0.0,3390.51,0.00,0.0
1173,2025-10-01,8,3,0.375,2,683.17,2,1,0.5,2541.05,323.94,0.12748273351567266
1173,2025-11-01,16,9,0.5625,6,1675.08,6,1,0.16666666666666666,3853.73,467.57,0.12132920573055196
1173,2025-12-01,11,7,0.6363636363636364,6,1921.39,6,0,0.0,4693.55,993.50,0.21167346677887738
1173,2026-01-01,7,2,0.2857142857142857,2,314.05,2,0,0.0,3879.61,1563.50,0.4030044257025835
1173,2026-02-01,5,1,0.2,2,422.03,2,1,0.5,3460.54,1093.37,0.31595357949915326
1173,2026-03-01,8,5,0.625,3,1144.90,3,0,0.0,3760.21,1615.16,0.429539839530239
1173,2026-04-01,8,5,0.625,5,1827.35,5,1,0.2,4865.64,1468.18,0.30174447760212425
1173,2026-05-01,5,2,0.4,2,496.53,0,0,,4584.68,1616.66,0.35262221136480626
1173,2026-06-01,8,5,0.625,5,1461.40,0,0,,5192.66,1614.90,0.3109966760773862
1174,2025-01-01,2,1,0.5,0,0.00,0,0,,0.00,0.00,
1174,2025-02-01,5,2,0.4,3,500.31,3,0,0.0,512.61,0.00,0.0
1174,2025-03-01,6,5,0.8333333333333334,4,960.08,4,0,0.0,1547.99,0.00,0.0
1174,2025-04-01,7,3,0.42857142857142855,3,558.97,3,0,0.0,1758.99,0.00,0.0
1174,2025-05-01,5,2,0.4,2,294.81,2,0,0.0,1669.28,0.00,0.0
1174,2025-06-01,7,3,0.42857142857142855,3,1621.09,3,0,0.0,2987.59,229.34,0.0767642146345382
1174,2025-07-01,5,3,0.6,2,710.20,2,0,0.0,2895.66,92.17,0.03183039445238737
1174,2025-08-01,4,2,0.5,1,127.58,1,0,0.0,2230.04,0.00,0.0
1174,2025-09-01,3,1,0.3333333333333333,1,213.61,1,0,0.0,1763.45,382.66,0.21699509484249624
1174,2025-10-01,2,1,0.5,0,0.00,0,0,,1247.36,363.27,0.2912310800410467
1174,2025-11-01,6,4,0.6666666666666666,2,945.74,2,0,0.0,1913.90,424.56,0.22182977167041118
1174,2025-12-01,5,4,0.8,5,1720.76,5,0,0.0,3367.26,400.41,0.11891270647351258
1174,2026-01-01,5,3,0.6,3,835.35,3,0,0.0,3069.28,398.78,0.129926236772142
1174,2026-02-01,5,1,0.2,1,222.50,1,0,0.0,2718.27,389.53,0.14330070228490915
1174,2026-03-01,7,1,0.14285714285714285,1,183.22,1,0,0.0,1993.90,393.59,0.19739706103616025
1174,2026-04-01,5,4,0.8,3,683.42,3,0,0.0,2273.44,390.07,0.17157699345485256
1174,2026-05-01,3,2,0.6666666666666666,2,820.48,0,0,,2816.29,386.40,0.13720177964627223
1174,2026-06-01,2,2,1.0,0,0.00,0,0,,2293.61,393.01,0.17134996795444735
1175,2025-01-01,11,5,0.45454545454545453,4,656.00,4,1,0.25,712.15,0.00,0.0
1175,2025-02-01,6,2,0.3333333333333333,2,856.09,2,0,0.0,1429.60,0.00,0.0
1175,2025-03-01,6,2,0.3333333333333333,2,506.77,2,0,0.0,1510.30,120.00,0.07945441303052374
1175,2025-04-01,10,8,0.8,6,2851.31,6,0,0.0,4453.10,0.00,0.0
1175,2025-05-01,9,5,0.5555555555555556,7,2513.93,7,0,0.0,6073.90,0.00,0.0
1175,2025-06-01,7,4,0.5714285714285714,3,656.06,3,1,0.3333333333333333,5309.23,0.00,0.0
1175,2025-07-01,8,4,0.5,3,1581.89,3,2,0.6666666666666666,5576.56,0.00,0.0
1175,2025-08-01,13,9,0.6923076923076923,10,2833.24,10,1,0.1,7761.02,380.35,0.04900773351956315
1175,2025-09-01,12,5,0.4166666666666667,5,1130.55,5,0,0.0,7481.35,0.00,0.0
1175,2025-10-01,7,6,0.8571428571428571,4,2561.70,4,0,0.0,8565.49,342.66,0.04000471660115183
1175,2025-11-01,12,6,0.5,4,1046.92,4,0,0.0,7700.37,1303.56,0.16928537200160512
1175,2025-12-01,8,5,0.625,6,1992.05,6,0,0.0,7731.16,1079.18,0.1395883670755747
1175,2026-01-01,11,4,0.36363636363636365,3,1239.79,3,0,0.0,6779.93,842.09,0.12420334723219856
1175,2026-02-01,4,2,0.5,2,936.90,2,0,0.0,5956.92,433.87,0.07283461923275787
1175,2026-03-01,12,9,0.75,7,2215.99,7,1,0.14285714285714285,6592.79,427.31,0.06481474459219845
1175,2026-04-01,12,6,0.5,7,3025.51,7,0,0.0,9005.31,433.97,0.04819045651954237
1175,2026-05-01,6,3,0.5,3,823.36,0,0,,7632.18,536.16,0.07024991548941455
1175,2026-06-01,8,3,0.375,4,973.54,0,0,,6786.09,450.91,0.06644621571479306
1176,2025-01-01,5,3,0.6,2,603.42,2,0,0.0,630.82,0.00,0.0
1176,2025-02-01,2,1,0.5,1,239.90,1,0,0.0,750.71,0.00,0.0
1176,2025-03-01,5,2,0.4,2,717.15,2,0,0.0,1262.71,0.00,0.0
1176,2025-04-01,3,1,0.3333333333333333,1,193.68,1,0,0.0,1065.56,92.79,0.0870809715079395
1176,2025-05-01,0,0,,0,0.00,0,0,,706.73,89.65,0.12685183875030068
1176,2025-06-01,3,2,0.6666666666666666,1,256.82,1,0,0.0,674.01,88.71,0.13161525793385853
1176,2025-07-01,3,1,0.3333333333333333,2,400.22,2,0,0.0,961.81,88.81,0.0923363242220397
1176,2025-08-01,2,1,0.5,1,346.04,1,0,0.0,1057.40,90.25,0.08535086060147531
1176,2025-09-01,5,3,0.6,2,458.31,2,0,0.0,1419.61,93.04,0.06553912694331543
1176,2025-10-01,3,1,0.3333333333333333,1,929.55,1,0,0.0,2207.47,93.56,0.04238336194829375
1176,2025-11-01,3,2,0.6666666666666666,2,1247.95,2,0,0.0,3229.86,95.83,0.029670016657068726
1176,2025-12-01,2,2,1.0,1,98.87,1,0,0.0,2568.59,94.82,0.0369151947177245
1176,2026-01-01,3,0,0.0,0,0.00,0,0,,2142.82,91.94,0.042906077038668666
1176,2026-02-01,1,0,0.0,0,0.00,0,0,,1664.27,91.99,0.055273483268940736
1176,2026-03-01,4,3,0.75,3,711.89,3,0,0.0,2127.47,90.60,0.042585794394280535
1176,2026-04-01,0,0,,0,0.00,0,0,,1692.79,92.01,0.05435405454899899
1176,2026-05-01,5,1,0.2,1,193.88,0,0,,1687.95,95.71,0.056701916525963444
1176,2026-06-01,3,2,0.6666666666666666,2,346.46,0,0,,1827.19,95.60,0.05232077671178147
1177,2025-01-01,1,1,1.0,0,0.00,0,0,,0.00,0.00,
1177,2025-04-01,2,1,0.5,0,0.00,0,0,,0.00,0.00,
1177,2025-05-01,2,2,1.0,1,150.18,1,0,0.0,177.42,0.00,0.0
1177,2025-06-01,1,1,1.0,2,303.43,2,0,0.0,481.06,0.00,0.0
1177,2025-07-01,3,2,0.6666666666666666,2,566.42,2,0,0.0,1151.70,0.00,0.0
1177,2025-08-01,1,0,0.0,0,0.00,0,0,,882.99,0.00,0.0
1177,2025-09-01,2,2,1.0,2,419.19,2,0,0.0,1155.65,0.00,0.0
1177,2025-10-01,0,0,,0,0.00,0,0,,904.46,0.00,0.0
1177,2025-11-01,0,0,,0,0.00,0,0,,756.72,0.00,0.0
1177,2025-12-01,2,2,1.0,2,1085.69,2,1,0.5,1851.54,0.00,0.0
1177,2026-01-01,0,0,,0,0.00,0,0,,1248.60,0.00,0.0
1177,2026-02-01,0,0,,0,0.00,0,0,,1054.98,0.00,0.0
1177,2026-03-01,1,1,1.0,0,0.00,0,0,,620.12,0.00,0.0
1177,2026-04-01,1,1,1.0,0,0.00,0,0,,358.74,0.00,0.0
1177,2026-05-01,1,0,0.0,1,211.50,0,0,,611.48,0.00,0.0
1177,2026-06-01,0,0,,0,0.00,0,0,,286.07,0.00,0.0
1178,2025-02-01,1,0,0.0,0,0.00,0,0,,0.00,0.00,
1178,2025-03-01,1,1,1.0,1,82.94,1,0,0.0,90.39,0.00,0.0
1178,2025-04-01,0,0,,0,0.00,0,0,,69.26,0.00,0.0
1178,2025-05-01,1,0,0.0,0,0.00,0,0,,44.61,0.00,0.0
1178,2025-06-01,0,0,,0,0.00,0,0,,22.07,0.00,0.0
1178,2025-07-01,1,1,1.0,0,0.00,0,0,,0.00,0.00,
1178,2025-08-01,1,0,0.0,1,224.16,1,0,0.0,194.95,0.00,0.0
1178,2025-09-01,0,0,,0,0.00,0,0,,200.98,0.00,0.0
1178,2025-10-01,1,0,0.0,0,0.00,0,0,,67.35,0.00,0.0
1178,2025-11-01,0,0,,0,0.00,0,0,,68.99,0.00,0.0
1178,2025-12-01,1,0,0.0,0,0.00,0,0,,0.00,0.00,
1178,2026-01-01,1,1,1.0,1,103.50,1,1,1.0,108.45,0.00,0.0
1178,2026-02-01,3,1,0.3333333333333333,0,0.00,0,0,,108.51,0.00,0.0
1178,2026-03-01,0,0,,0,0.00,0,0,,35.61,0.00,0.0
1178,2026-04-01,0,0,,0,0.00,0,0,,0.00,0.00,
1178,2026-05-01,1,1,1.0,1,91.16,0,0,,126.05,0.00,0.0
1178,2026-06-01,0,0,,0,0.00,0,0,,125.91,0.00,0.0
1179,2025-02-01,1,1,1.0,1,87.72,1,0,0.0,93.23,0.00,0.0
1179,2025-03-01,5,3,0.6,3,1498.08,3,0,0.0,1731.87,0.00,0.0
1179,2025-04-01,4,1,0.25,0,0.00,0,0,,1316.83,0.00,0.0
1179,2025-05-01,1,1,1.0,2,341.24,2,0,0.0,1551.06,0.00,0.0
1179,2025-06-01,0,0,,0,0.00,0,0,,1135.17,0.00,0.0
1179,2025-07-01,0,0,,0,0.00,0,0,,681.19,0.00,0.0
1179,2025-08-01,0,0,,0,0.00,0,0,,367.95,0.00,0.0
1179,2025-09-01,3,1,0.3333333333333333,1,402.50,1,0,0.0,783.56,343.39,0.4382434019092348
1179,2025-10-01,2,2,1.0,2,1014.56,2,0,0.0,1767.52,310.78,0.1758282791708156
1179,2025-11-01,1,1,1.0,0,0.00,0,0,,1393.08,0.00,0.0
1179,2025-12-01,2,2,1.0,2,547.16,2,1,0.5,1680.52,0.00,0.0
1179,2026-01-01,0,0,,0,0.00,0,0,,1373.35,203.61,0.1482579094913897
1179,2026-02-01,2,1,0.5,1,395.22,1,0,0.0,1194.68,0.00,0.0
1179,2026-03-01,1,1,1.0,1,451.87,1,0,0.0,1271.75,0.00,0.0
1179,2026-04-01,3,0,0.0,0,0.00,0,0,,826.52,131.50,0.15910080820790787
1179,2026-05-01,2,0,0.0,0,0.00,0,0,,485.87,0.00,0.0
1179,2026-06-01,1,0,0.0,0,0.00,0,0,,242.65,0.00,0.0
1180,2025-01-01,1,0,0.0,0,0.00,0,0,,0.00,0.00,
1180,2025-03-01,2,2,1.0,1,103.60,1,0,0.0,121.80,0.00,0.0
1180,2025-04-01,1,0,0.0,0,0.00,0,0,,103.69,0.00,0.0
1180,2025-05-01,0,0,,0,0.00,0,0,,80.14,0.00,0.0
1180,2025-06-01,2,0,0.0,0,0.00,0,0,,59.47,0.00,0.0
1180,2025-07-01,0,0,,0,0.00,0,0,,39.68,0.00,0.0
1180,2025-08-01,0,0,,0,0.00,0,0,,0.00,0.00,
1180,2025-09-01,0,0,,0,0.00,0,0,,0.00,0.00,
1180,2025-10-01,0,0,,0,0.00,0,0,,0.00,0.00,
1180,2025-11-01,0,0,,0,0.00,0,0,,0.00,0.00,
1180,2025-12-01,0,0,,0,0.00,0,0,,0.00,0.00,
1180,2026-01-01,2,1,0.5,1,200.41,1,0,0.0,212.11,0.00,0.0
1180,2026-02-01,0,0,,0,0.00,0,0,,159.17,0.00,0.0
1180,2026-03-01,0,0,,0,0.00,0,0,,104.49,0.00,0.0
1180,2026-04-01,1,0,0.0,0,0.00,0,0,,53.04,0.00,0.0
1180,2026-05-01,1,0,0.0,0,0.00,0,0,,0.00,0.00,
1180,2026-06-01,0,0,,0,0.00,0,0,,0.00,0.00,
1181,2025-01-01,6,3,0.5,2,316.69,2,0,0.0,345.43,0.00,0.0
1181,2025-02-01,6,3,0.5,3,1305.10,3,1,0.3333333333333333,1650.24,0.00,0.0
1181,2025-03-01,12,5,0.4166666666666667,4,687.51,4,1,0.25,1778.90,0.00,0.0
1181,2025-04-01,3,3,1.0,2,174.01,2,0,0.0,1224.45,211.18,0.172469271918004
1181,2025-05-01,2,2,1.0,2,572.92,2,0,0.0,1483.95,453.84,0.30583240675224904
1181,2025-06-01,6,3,0.5,2,674.51,2,0,0.0,1698.43,366.71,0.215911165017104
1181,2025-07-01,5,2,0.4,2,1271.66,2,0,0.0,2372.73,202.13,0.08518879097073835
1181,2025-08-01,7,5,0.7142857142857143,4,629.97,4,0,0.0,2561.01,205.39,0.08019882780621707
1181,2025-09-01,1,1,1.0,0,0.00,0,0,,2052.80,429.90,0.20942127825409193
1181,2025-10-01,7,4,0.5714285714285714,3,732.54,3,0,0.0,2244.07,212.92,0.09488117572089996
1181,2025-11-01,6,5,0.8333333333333334,4,1748.19,4,0,0.0,3153.39,306.86,0.09731114768550672
1181,2025-12-01,11,6,0.5454545454545454,6,1709.32,6,1,0.16666666666666666,4533.68,215.80,0.047599301229905945
1181,2026-01-01,7,2,0.2857142857142857,1,282.11,1,0,0.0,3643.86,209.23,0.057419878919607224
1181,2026-02-01,6,4,0.6666666666666666,4,1428.54,4,0,0.0,4256.90,722.31,0.1696798139491179
1181,2026-03-01,9,7,0.7777777777777778,5,2486.49,5,0,0.0,5621.23,239.79,0.04265792362169846
1181,2026-04-01,8,4,0.5,4,658.55,4,0,0.0,4540.68,243.53,0.05363293603601223
1181,2026-05-01,4,3,0.75,2,200.38,0,0,,3089.02,377.12,0.12208402664922856
1181,2026-06-01,4,4,1.0,4,1263.62,0,0,,3144.99,289.01,0.09189536373724559
1182,2025-01-01,2,2,1.0,2,778.82,2,0,0.0,863.99,0.00,0.0
1182,2025-02-01,2,0,0.0,0,0.00,0,0,,498.96,0.00,0.0
1182,2025-03-01,1,0,0.0,0,0.00,0,0,,349.67,0.00,0.0
1182,2025-04-01,2,1,0.5,1,183.40,1,0,0.0,352.44,0.00,0.0
1182,2025-05-01,2,2,1.0,0,0.00,0,0,,216.57,0.00,0.0
1182,2025-06-01,1,0,0.0,1,264.71,1,0,0.0,479.29,0.00,0.0
1182,2025-07-01,1,0,0.0,0,0.00,0,0,,251.01,0.00,0.0
1182,2025-08-01,2,1,0.5,1,161.08,1,0,0.0,368.24,0.00,0.0
1182,2025-09-01,2,0,0.0,0,0.00,0,0,,260.65,0.00,0.0
1182,2025-10-01,1,1,1.0,1,181.95,1,0,0.0,384.35,0.00,0.0
1182,2025-11-01,3,2,0.6666666666666666,2,506.56,2,0,0.0,807.21,0.00,0.0
1182,2025-12-01,3,3,1.0,1,651.39,1,0,0.0,1428.79,0.00,0.0
1182,2026-01-01,1,0,0.0,1,94.13,1,0,0.0,1134.73,0.00,0.0
1182,2026-02-01,1,1,1.0,1,157.28,1,0,0.0,857.19,0.00,0.0
1182,2026-03-01,0,0,,0,0.00,0,0,,743.17,0.00,0.0
1182,2026-04-01,0,0,,0,0.00,0,0,,586.92,0.00,0.0
1182,2026-05-01,2,2,1.0,2,310.29,0,0,,707.68,0.00,0.0
1182,2026-06-01,2,1,0.5,1,280.81,0,0,,737.53,0.00,0.0
1183,2025-01-01,11,7,0.6363636363636364,6,2094.52,6,1,0.16666666666666666,2370.13,0.00,0.0
1183,2025-02-01,6,4,0.6666666666666666,5,1807.94,5,1,0.2,4105.98,0.00,0.0
1183,2025-03-01,14,9,0.6428571428571429,7,1677.16,7,0,0.0,4978.93,0.00,0.0
1183,2025-04-01,11,7,0.6363636363636364,5,1564.72,5,0,0.0,5377.45,0.00,0.0
1183,2025-05-01,13,7,0.5384615384615384,5,2589.13,5,1,0.2,6551.24,249.29,0.03805233818330576
1183,2025-06-01,12,6,0.5,4,1082.69,4,1,0.25,6239.21,514.62,0.08248159622772755
1183,2025-07-01,17,10,0.5882352941176471,9,2699.06,9,0,0.0,7392.65,943.80,0.1276673452686114
1183,2025-08-01,9,6,0.6666666666666666,6,1547.11,6,1,0.16666666666666666,7488.44,1167.87,0.15595638076822407
1183,2025-09-01,11,5,0.45454545454545453,4,1904.50,4,1,0.25,6895.59,798.64,0.11581895095271035
1183,2025-10-01,8,3,0.375,0,0.00,0,0,,4299.43,994.17,0.23123297739467788
1183,2025-11-01,12,5,0.4166666666666667,7,2455.28,7,0,0.0,5769.74,1215.60,0.21068540350171758
1183,2025-12-01,14,11,0.7857142857142857,9,3467.75,9,1,0.1111111111111111,7841.90,1583.76,0.20196125938866857
1183,2026-01-01,10,8,0.8,9,4619.61,9,3,0.3333333333333333,11128.87,1184.90,0.10647082767612524
1183,2026-02-01,13,7,0.5384615384615384,7,1129.63,7,0,0.0,10406.35,1601.36,0.15388296568921858
1183,2026-03-01,16,9,0.5625,6,2140.14,6,0,0.0,9571.89,1277.31,0.13344386531813465
1183,2026-04-01,11,7,0.6363636363636364,4,1159.52,4,1,0.25,8129.02,1561.65,0.19210802778194666
1183,2026-05-01,16,8,0.5,7,2329.25,0,0,,9206.36,1801.09,0.19563540856538303
1183,2026-06-01,10,4,0.4,5,1808.13,0,0,,8549.53,1901.09,0.22236193100673368
1184,2025-01-01,1,0,0.0,0,0.00,0,0,,0.00,0.00,
1184,2025-03-01,1,1,1.0,1,99.36,1,0,0.0,109.26,0.00,0.0
1184,2025-04-01,2,1,0.5,1,169.82,1,0,0.0,228.00,0.00,0.0
1184,2025-05-01,0,0,,0,0.00,0,0,,174.73,0.00,0.0
1184,2025-06-01,1,1,1.0,0,0.00,0,0,,98.05,0.00,0.0
1184,2025-07-01,0,0,,1,385.79,1,0,0.0,400.63,0.00,0.0
1184,2025-08-01,1,1,1.0,1,163.14,1,0,0.0,529.91,0.00,0.0
1184,2025-09-01,0,0,,0,0.00,0,0,,280.38,0.00,0.0
1184,2025-10-01,1,0,0.0,0,0.00,0,0,,166.04,0.00,0.0
1184,2025-11-01,0,0,,0,0.00,0,0,,0.00,0.00,
1184,2025-12-01,2,0,0.0,0,0.00,0,0,,0.00,0.00,
1184,2026-01-01,0,0,,0,0.00,0,0,,0.00,0.00,
1184,2026-02-01,0,0,,0,0.00,0,0,,0.00,0.00,
1184,2026-03-01,1,0,0.0,0,0.00,0,0,,0.00,0.00,
1184,2026-04-01,0,0,,0,0.00,0,0,,0.00,0.00,
1184,2026-05-01,1,0,0.0,0,0.00,0,0,,0.00,0.00,
1184,2026-06-01,1,0,0.0,0,0.00,0,0,,0.00,0.00,
1185,2025-01-01,4,1,0.25,1,82.26,1,0,0.0,92.90,0.00,0.0
1185,2025-02-01,2,0,0.0,0,0.00,0,0,,69.05,0.00,0.0
1185,2025-03-01,0,0,,0,0.00,0,0,,45.01,0.00,0.0
1185,2025-04-01,1,0,0.0,0,0.00,0,0,,22.97,0.00,0.0
1185,2025-05-01,1,1,1.0,0,0.00,0,0,,8.88,0.00,0.0
1185,2025-06-01,0,0,,0,0.00,0,0,,0.00,0.00,
1185,2025-07-01,2,2,1.0,1,48.79,1,0,0.0,53.80,0.00,0.0
1185,2025-08-01,2,1,0.5,1,508.62,1,0,0.0,601.72,0.00,0.0
1185,2025-09-01,3,2,0.6666666666666666,1,144.54,1,0,0.0,569.73,0.00,0.0
1185,2025-10-01,5,2,0.4,3,1269.42,3,0,0.0,1681.21,0.00,0.0
1185,2025-11-01,2,2,1.0,1,284.24,1,0,0.0,1263.09,0.00,0.0
1185,2025-12-01,1,0,0.0,0,0.00,0,0,,1005.48,110.37,0.10976846879102518
1185,2026-01-01,0,0,,0,0.00,0,0,,509.45,107.01,0.21005005397978213
1185,2026-02-01,1,0,0.0,0,0.00,0,0,,270.17,107.07,0.39630602953695815
1185,2026-03-01,0,0,,0,0.00,0,0,,212.53,105.45,0.49616524725921046
1185,2026-04-01,0,0,,0,0.00,0,0,,161.46,107.10,0.6633221850613155
1185,2026-05-01,0,0,,0,0.00,0,0,,111.40,111.40,1.0
1185,2026-06-01,2,1,0.5,1,802.84,0,0,,990.82,111.28,0.11231101511879049
1186,2025-01-01,3,1,0.3333333333333333,0,0.00,0,0,,0.00,0.00,
1186,2025-02-01,3,3,1.0,3,983.13,3,0,0.0,1105.10,0.00,0.0
1186,2025-03-01,0,0,,0,0.00,0,0,,840.39,0.00,0.0
1186,2025-04-01,0,0,,0,0.00,0,0,,612.79,0.00,0.0
1186,2025-05-01,2,2,1.0,0,0.00,0,0,,354.63,0.00,0.0
1186,2025-06-01,0,0,,1,109.98,1,1,1.0,321.15,0.00,0.0
1186,2025-07-01,0,0,,0,0.00,0,0,,221.31,0.00,0.0
1186,2025-08-01,2,1,0.5,1,417.16,1,0,0.0,539.58,0.00,0.0
1186,2025-09-01,2,1,0.5,1,200.30,1,0,0.0,633.32,0.00,0.0
1186,2025-10-01,1,0,0.0,0,0.00,0,0,,537.06,0.00,0.0
1186,2025-11-01,0,0,,0,0.00,0,0,,155.43,0.00,0.0
1186,2025-12-01,0,0,,0,0.00,0,0,,71.78,0.00,0.0
1186,2026-01-01,0,0,,0,0.00,0,0,,57.99,0.00,0.0
1186,2026-02-01,0,0,,0,0.00,0,0,,46.40,0.00,0.0
1186,2026-03-01,1,0,0.0,0,0.00,0,0,,45.70,0.00,0.0
1186,2026-04-01,0,0,,0,0.00,0,0,,23.17,0.00,0.0
1186,2026-05-01,1,0,0.0,0,0.00,0,0,,24.10,0.00,0.0
1186,2026-06-01,1,0,0.0,0,0.00,0,0,,12.00,0.00,0.0
1187,2025-04-01,2,1,0.5,1,175.47,1,0,0.0,201.17,0.00,0.0
1187,2025-05-01,0,0,,0,0.00,0,0,,145.76,0.00,0.0
1187,2025-06-01,1,1,1.0,1,124.27,1,0,0.0,245.93,0.00,0.0
1187,2025-07-01,0,0,,0,0.00,0,0,,173.07,0.00,0.0
1187,2025-08-01,0,0,,0,0.00,0,0,,101.58,0.00,0.0
1187,2025-09-01,1,0,0.0,0,0.00,0,0,,78.54,0.00,0.0
1187,2025-10-01,1,1,1.0,1,279.21,1,0,0.0,356.96,0.00,0.0
1187,2025-11-01,1,1,1.0,1,119.69,1,0,0.0,367.72,0.00,0.0
1187,2025-12-01,0,0,,0,0.00,0,0,,201.48,0.00,0.0
1187,2026-01-01,0,0,,0,0.00,0,0,,95.65,0.00,0.0
1187,2026-02-01,0,0,,0,0.00,0,0,,0.00,0.00,
1187,2026-03-01,0,0,,0,0.00,0,0,,0.00,0.00,
1187,2026-04-01,0,0,,0,0.00,0,0,,0.00,0.00,
1187,2026-05-01,0,0,,0,0.00,0,0,,0.00,0.00,
1187,2026-06-01,0,0,,0,0.00,0,0,,0.00,0.00,
1188,2025-01-01,1,1,1.0,1,309.62,1,0,0.0,365.39,0.00,0.0
1188,2025-02-01,0,0,,0,0.00,0,0,,296.75,0.00,0.0
1188,2025-03-01,2,2,1.0,2,1009.86,2,0,0.0,1362.35,0.00,0.0
1188,2025-04-01,1,1,1.0,1,327.58,1,0,0.0,1323.87,0.00,0.0
1188,2025-05-01,1,0,0.0,0,0.00,0,0,,730.04,0.00,0.0
1188,2025-06-01,4,3,0.75,3,667.28,3,1,0.3333333333333333,1051.87,0.00,0.0
1188,2025-07-01,1,1,1.0,1,206.60,1,0,0.0,990.94,0.00,0.0
1188,2025-08-01,0,0,,0,0.00,0,0,,884.32,524.89,0.593552107834268
1188,2025-09-01,1,0,0.0,0,0.00,0,0,,765.55,519.73,0.6788975246554765
1188,2025-10-01,1,1,1.0,1,93.61,1,0,0.0,798.74,493.40,0.6177229135889025
1188,2025-11-01,1,1,1.0,1,425.44,1,1,1.0,1242.65,493.89,0.3974490001207097
1188,2025-12-01,5,5,1.0,1,1047.49,1,0,0.0,2248.63,485.70,0.21599818556187544
1188,2026-01-01,1,0,0.0,2,1002.80,2,0,0.0,2691.84,940.61,0.34943012957679503
1188,2026-02-01,0,0,,0,0.00,0,0,,1931.68,918.78,0.475637786796985
1188,2026-03-01,1,0,0.0,0,0.00,0,0,,1328.42,928.36,0.6988452447268183
1188,2026-04-01,0,0,,0,0.00,0,0,,987.18,920.05,0.9319982171437833
1188,2026-05-01,0,0,,0,0.00,0,0,,955.74,911.41,0.9536170925147006
1188,2026-06-01,1,1,1.0,1,752.77,0,0,,1782.82,927.00,0.5199627556343321
1189,2025-03-01,1,1,1.0,1,162.59,1,0,0.0,171.59,0.00,0.0
1189,2025-04-01,0,0,,0,0.00,0,0,,116.86,0.00,0.0
1189,2025-05-01,1,1,1.0,1,205.02,1,0,0.0,284.48,0.00,0.0
1189,2025-06-01,0,0,,0,0.00,0,0,,169.25,0.00,0.0
1189,2025-07-01,1,1,1.0,1,197.66,1,0,0.0,330.45,0.00,0.0
1189,2025-08-01,1,0,0.0,0,0.00,0,0,,204.75,0.00,0.0
1189,2025-09-01,0,0,,0,0.00,0,0,,75.95,0.00,0.0
1189,2025-10-01,1,1,1.0,1,158.57,1,0,0.0,175.96,0.00,0.0
1189,2025-11-01,1,1,1.0,1,789.21,1,0,0.0,1016.45,0.00,0.0
1189,2025-12-01,1,0,0.0,0,0.00,0,0,,611.05,0.00,0.0
1189,2026-01-01,0,0,,0,0.00,0,0,,57.64,0.00,0.0
1189,2026-02-01,0,0,,0,0.00,0,0,,0.00,0.00,
1189,2026-03-01,2,0,0.0,0,0.00,0,0,,0.00,0.00,
1189,2026-04-01,0,0,,0,0.00,0,0,,0.00,0.00,
1189,2026-05-01,0,0,,0,0.00,0,0,,0.00,0.00,
1189,2026-06-01,0,0,,0,0.00,0,0,,0.00,0.00,
1190,2025-01-01,1,1,1.0,0,0.00,0,0,,0.00,0.00,
1190,2025-02-01,0,0,,1,508.31,1,0,0.0,582.32,0.00,0.0
1190,2025-03-01,0,0,,0,0.00,0,0,,379.72,0.00,0.0
1190,2025-04-01,1,1,1.0,1,325.52,1,0,0.0,732.44,0.00,0.0
1190,2025-05-01,0,0,,0,0.00,0,0,,613.93,0.00,0.0
1190,2025-06-01,0,0,,0,0.00,0,0,,312.28,0.00,0.0
1190,2025-07-01,1,1,1.0,1,395.06,1,0,0.0,793.70,219.83,0.2769686279450674
1190,2025-08-01,0,0,,0,0.00,0,0,,630.74,223.38,0.3541554364714462
1190,2025-09-01,2,1,0.5,1,129.59,1,0,0.0,792.07,230.28,0.29073187975810216
1190,2025-10-01,2,1,0.5,1,231.94,1,0,0.0,956.28,653.87,0.6837641694901075
1190,2025-11-01,1,1,1.0,1,1097.87,1,0,0.0,1809.09,237.20,0.13111564377670543
1190,2025-12-01,0,0,,0,0.00,0,0,,1182.24,234.70,0.19852145080525105
1190,2026-01-01,1,1,1.0,1,432.56,1,0,0.0,1153.50,227.56,0.19727785002167317
1190,2026-02-01,4,3,0.75,3,436.39,3,0,0.0,1095.86,227.69,0.20777289069771687
1190,2026-03-01,1,1,1.0,1,472.26,1,0,0.0,1462.50,224.25,0.15333333333333332
1190,2026-04-01,1,1,1.0,0,0.00,0,0,,990.72,227.74,0.22987322351421188
1190,2026-05-01,0,0,,0,0.00,0,0,,737.94,236.89,0.32101525869311864
1190,2026-06-01,0,0,,0,0.00,0,0,,423.67,236.63,0.5585243231760568
1191,2025-02-01,2,1,0.5,0,0.00,0,0,,0.00,0.00,
1191,2025-03-01,2,2,1.0,1,498.73,1,0,0.0,534.92,0.00,0.0
1191,2025-04-01,1,1,1.0,2,627.08,2,0,0.0,1106.43,0.00,0.0
1191,2025-05-01,1,0,0.0,0,0.00,0,0,,743.83,0.00,0.0
1191,2025-06-01,0,0,,0,0.00,0,0,,530.10,0.00,0.0
1191,2025-07-01,0,0,,0,0.00,0,0,,319.99,0.00,0.0
1191,2025-08-01,1,0,0.0,0,0.00,0,0,,241.10,0.00,0.0
1191,2025-09-01,2,0,0.0,0,0.00,0,0,,159.15,0.00,0.0
1191,2025-10-01,1,0,0.0,0,0.00,0,0,,0.00,0.00,
1191,2025-11-01,0,0,,0,0.00,0,0,,0.00,0.00,
1191,2025-12-01,0,0,,0,0.00,0,0,,0.00,0.00,
1191,2026-01-01,0,0,,0,0.00,0,0,,0.00,0.00,
1191,2026-02-01,2,2,1.0,1,1076.83,1,0,0.0,1136.26,0.00,0.0
1191,2026-03-01,1,1,1.0,1,203.87,1,0,0.0,1079.86,0.00,0.0
1191,2026-04-01,0,0,,0,0.00,0,0,,731.53,0.00,0.0
1191,2026-05-01,0,0,,0,0.00,0,0,,389.18,0.00,0.0
1191,2026-06-01,1,0,0.0,0,0.00,0,0,,54.62,0.00,0.0
1192,2025-01-01,2,1,0.5,1,191.56,1,0,0.0,210.27,0.00,0.0
1192,2025-02-01,1,0,0.0,0,0.00,0,0,,173.69,0.00,0.0
1192,2025-03-01,1,1,1.0,0,0.00,0,0,,135.91,0.00,0.0
1192,2025-04-01,0,0,,0,0.00,0,0,,104.13,0.00,0.0
1192,2025-05-01,2,2,1.0,2,770.06,2,0,0.0,883.76,0.00,0.0
1192,2025-06-01,1,0,0.0,0,0.00,0,0,,605.71,0.00,0.0
1192,2025-07-01,1,1,1.0,1,440.10,1,0,0.0,911.74,0.00,0.0
1192,2025-08-01,0,0,,0,0.00,0,0,,638.10,0.00,0.0
1192,2025-09-01,0,0,,0,0.00,0,0,,522.14,0.00,0.0
1192,2025-10-01,0,0,,0,0.00,0,0,,489.46,0.00,0.0
1192,2025-11-01,0,0,,0,0.00,0,0,,413.25,0.00,0.0
1192,2025-12-01,1,1,1.0,1,265.99,1,0,0.0,654.26,0.00,0.0
1192,2026-01-01,0,0,,0,0.00,0,0,,512.94,0.00,0.0
1192,2026-02-01,0,0,,0,0.00,0,0,,463.66,0.00,0.0
1192,2026-03-01,0,0,,0,0.00,0,0,,337.01,0.00,0.0
1192,2026-04-01,1,1,1.0,1,263.61,1,0,0.0,454.30,0.00,0.0
1192,2026-05-01,0,0,,0,0.00,0,0,,367.99,0.00,0.0
1192,2026-06-01,0,0,,0,0.00,0,0,,263.15,0.00,0.0
1193,2025-01-01,2,0,0.0,0,0.00,0,0,,0.00,0.00,
1193,2025-02-01,5,4,0.8,3,1108.49,3,1,0.3333333333333333,1194.65,0.00,0.0
1193,2025-03-01,1,0,0.0,0,0.00,0,0,,969.25,0.00,0.0
1193,2025-04-01,3,2,0.6666666666666666,2,1119.61,2,0,0.0,1993.59,0.00,0.0
1193,2025-05-01,1,1,1.0,1,166.85,1,0,0.0,1377.28,0.00,0.0
1193,2025-06-01,1,1,1.0,1,432.73,1,0,0.0,1604.98,0.00,0.0
1193,2025-07-01,4,2,0.5,2,238.85,2,1,0.5,1494.34,652.57,0.4366944604306919
1193,2025-08-01,3,1,0.3333333333333333,0,0.00,0,0,,1188.00,663.11,0.5581734006734007
1193,2025-09-01,1,1,1.0,2,453.96,2,0,0.0,1408.99,683.61,0.485177325602027
1193,2025-10-01,1,0,0.0,0,0.00,0,0,,1294.15,687.42,0.5311749024456206
1193,2025-11-01,3,1,0.3333333333333333,1,475.58,1,0,0.0,1578.47,853.49,0.5407071404587988
1193,2025-12-01,1,0,0.0,0,0.00,0,0,,1429.61,844.50,0.5907205461629396
1193,2026-01-01,3,3,1.0,3,384.43,3,0,0.0,1693.26,818.80,0.48356424884542243
1193,2026-02-01,0,0,,0,0.00,0,0,,1655.37,819.29,0.4949286262285773
1193,2026-03-01,3,2,0.6666666666666666,2,580.97,2,0,0.0,1935.07,806.91,0.4169926669319456
1193,2026-04-01,1,1,1.0,1,163.91,1,0,0.0,1741.08,860.94,0.494486180991109
1193,2026-05-01,2,0,0.0,0,0.00,0,0,,1506.66,895.52,0.5943743113907584
1193,2026-06-01,3,1,0.3333333333333333,0,0.00,0,0,,1215.55,894.54,0.7359137838838385
1194,2025-01-01,1,0,0.0,0,0.00,0,0,,0.00,0.00,
1194,2025-05-01,1,0,0.0,0,0.00,0,0,,0.00,0.00,
1194,2025-06-01,2,1,0.5,1,274.59,1,0,0.0,297.69,0.00,0.0
1194,2025-07-01,1,1,1.0,1,32.65,1,1,1.0,233.76,0.00,0.0
1194,2025-08-01,0,0,,0,0.00,0,0,,136.59,0.00,0.0
1194,2025-09-01,1,1,1.0,1,359.42,1,0,0.0,431.22,36.73,0.08517693984509066
1194,2025-10-01,0,0,,0,0.00,0,0,,301.40,36.94,0.1225613802256138
1194,2025-11-01,0,0,,0,0.00,0,0,,173.29,37.83,0.218304576144036
1194,2025-12-01,0,0,,0,0.00,0,0,,37.44,37.44,1.0
1194,2026-01-01,0,0,,0,0.00,0,0,,36.30,36.30,1.0
1194,2026-02-01,1,0,0.0,0,0.00,0,0,,36.32,36.32,1.0
1194,2026-03-01,0,0,,0,0.00,0,0,,35.77,35.77,1.0
1194,2026-04-01,0,0,,0,0.00,0,0,,36.33,36.33,1.0
1194,2026-05-01,0,0,,0,0.00,0,0,,37.79,37.79,1.0
1194,2026-06-01,0,0,,0,0.00,0,0,,37.74,37.74,1.0
1195,2025-01-01,2,1,0.5,1,402.81,1,0,0.0,476.92,0.00,0.0
1195,2025-02-01,2,1,0.5,0,0.00,0,0,,393.96,0.00,0.0
1195,2025-03-01,0,0,,0,0.00,0,0,,308.28,0.00,0.0
1195,2025-04-01,2,2,1.0,2,1142.74,2,0,0.0,1438.91,0.00,0.0
1195,2025-05-01,2,2,1.0,2,1067.81,2,0,0.0,2164.26,0.00,0.0
1195,2025-06-01,0,0,,0,0.00,0,0,,1279.90,0.00,0.0
1195,2025-07-01,1,1,1.0,1,391.03,1,0,0.0,832.39,0.00,0.0
1195,2025-08-01,1,0,0.0,0,0.00,0,0,,327.44,0.00,0.0
1195,2025-09-01,0,0,,0,0.00,0,0,,289.01,0.00,0.0
1195,2025-10-01,1,1,1.0,1,214.88,1,0,0.0,393.71,0.00,0.0
1195,2025-11-01,1,0,0.0,0,0.00,0,0,,212.02,0.00,0.0
1195,2025-12-01,5,3,0.6,2,901.43,2,0,0.0,1428.48,0.00,0.0
1195,2026-01-01,2,2,1.0,1,492.23,1,0,0.0,1690.08,0.00,0.0
1195,2026-02-01,1,1,1.0,1,1127.15,1,0,0.0,2565.40,0.00,0.0
1195,2026-03-01,1,0,0.0,0,0.00,0,0,,1981.05,0.00,0.0
1195,2026-04-01,2,1,0.5,0,0.00,0,0,,1534.90,350.23,0.2281777314483028
1195,2026-05-01,1,1,1.0,2,557.95,0,0,,1687.54,364.29,0.21587043862664
1195,2026-06-01,1,1,1.0,1,199.07,0,0,,1834.68,363.90,0.1983452155144221
1196,2025-01-01,1,0,0.0,0,0.00,0,0,,0.00,0.00,
1196,2025-03-01,2,1,0.5,1,353.56,1,0,0.0,373.67,0.00,0.0
1196,2025-04-01,1,1,1.0,0,0.00,0,0,,286.29,0.00,0.0
1196,2025-05-01,1,1,1.0,2,656.57,2,0,0.0,866.96,0.00,0.0
1196,2025-06-01,3,2,0.6666666666666666,2,496.56,2,0,0.0,1129.97,0.00,0.0
1196,2025-07-01,0,0,,0,0.00,0,0,,610.77,0.00,0.0
1196,2025-08-01,1,0,0.0,0,0.00,0,0,,339.86,0.00,0.0
1196,2025-09-01,0,0,,0,0.00,0,0,,189.74,0.00,0.0
1196,2025-10-01,0,0,,0,0.00,0,0,,112.25,0.00,0.0
1196,2025-11-01,1,0,0.0,0,0.00,0,0,,57.51,0.00,0.0
1196,2025-12-01,1,1,1.0,1,179.87,1,0,0.0,241.93,0.00,0.0
1196,2026-01-01,1,1,1.0,0,0.00,0,0,,215.02,0.00,0.0
1196,2026-02-01,1,0,0.0,0,0.00,0,0,,195.58,0.00,0.0
1196,2026-03-01,0,0,,0,0.00,0,0,,173.35,0.00,0.0
1196,2026-04-01,0,0,,0,0.00,0,0,,156.49,0.00,0.0
1196,2026-05-01,1,1,1.0,1,194.77,0,0,,363.84,0.00,0.0
1196,2026-06-01,2,0,0.0,0,0.00,0,0,,287.80,0.00,0.0
1197,2025-06-01,1,0,0.0,0,0.00,0,0,,0.00,0.00,
1197,2025-07-01,1,1,1.0,1,199.00,1,0,0.0,249.86,0.00,0.0
1197,2025-08-01,5,3,0.6,0,0.00,0,0,,232.74,0.00,0.0
1197,2025-09-01,0,0,,2,1033.17,2,1,0.5,1382.15,0.00,0.0
1197,2025-10-01,1,0,0.0,0,0.00,0,0,,1290.67,0.00,0.0
1197,2025-11-01,1,0,0.0,0,0.00,0,0,,1220.46,328.41,0.26908706553266803
1197,2025-12-01,1,1,1.0,1,249.64,1,1,1.0,1458.71,324.95,0.22276532004305172
1197,2026-01-01,1,0,0.0,0,0.00,0,0,,1316.85,315.06,0.23925276227360748
1197,2026-02-01,3,2,0.6666666666666666,0,0.00,0,0,,1043.34,315.25,0.30215461882032707
1197,2026-03-01,4,2,0.5,3,1032.58,3,1,0.3333333333333333,1868.57,310.48,0.16615914843971594
1197,2026-04-01,0,0,,0,0.00,0,0,,1549.13,315.32,0.2035465067489494
1197,2026-05-01,0,0,,0,0.00,0,0,,1230.74,327.98,0.26649007913937955
1197,2026-06-01,2,2,1.0,1,400.04,0,0,,1214.99,327.63,0.2696565403830484
1198,2025-01-01,3,1,0.3333333333333333,1,174.84,1,0,0.0,185.47,0.00,0.0
1198,2025-02-01,4,1,0.25,1,147.19,1,0,0.0,308.34,0.00,0.0
1198,2025-03-01,2,0,0.0,0,0.00,0,0,,201.09,0.00,0.0
1198,2025-04-01,4,4,1.0,1,189.63,1,0,0.0,330.48,0.00,0.0
1198,2025-05-01,1,0,0.0,1,180.97,1,0,0.0,446.43,0.00,0.0
1198,2025-06-01,2,2,1.0,2,1021.23,2,0,0.0,1473.98,0.00,0.0
1198,2025-07-01,3,1,0.3333333333333333,1,413.93,1,0,0.0,1623.92,0.00,0.0
1198,2025-08-01,1,0,0.0,0,0.00,0,0,,1183.72,127.18,0.1074409488730443
1198,2025-09-01,0,0,,0,0.00,0,0,,840.48,131.11,0.1559941937940225
1198,2025-10-01,4,3,0.75,3,947.35,3,0,0.0,1661.29,131.84,0.07936001540971173
1198,2025-11-01,2,1,0.5,1,216.68,1,0,0.0,1526.32,135.05,0.0884807903978196
1198,2025-12-01,4,2,0.5,2,1189.24,2,0,0.0,2504.88,133.62,0.05334387276037175
1198,2026-01-01,1,1,1.0,1,739.37,1,1,1.0,2998.76,129.56,0.04320452453680854
1198,2026-02-01,3,1,0.3333333333333333,0,0.00,0,0,,2087.86,332.42,0.1592156562221605
1198,2026-03-01,0,0,,0,0.00,0,0,,1798.84,1126.70,0.6263480909919726
1198,2026-04-01,1,1,1.0,0,0.00,0,0,,1450.30,1276.69,0.8802937323312419
1198,2026-05-01,2,1,0.5,1,154.55,0,0,,1182.72,908.77,0.7683729031385281
1198,2026-06-01,2,1,0.5,0,0.00,0,0,,920.09,767.21,0.8338423415100696
1199,2025-01-01,1,1,1.0,1,180.54,1,0,0.0,201.87,0.00,0.0
1199,2025-02-01,1,0,0.0,0,0.00,0,0,,166.74,0.00,0.0
1199,2025-03-01,1,1,1.0,1,114.53,1,0,0.0,282.63,0.00,0.0
1199,2025-04-01,1,0,0.0,0,0.00,0,0,,248.02,166.62,0.671800661236997
1199,2025-05-01,0,0,,0,0.00,0,0,,200.29,160.98,0.8037345848519646
1199,2025-06-01,1,0,0.0,0,0.00,0,0,,159.30,159.30,1.0
1199,2025-07-01,1,0,0.0,0,0.00,0,0,,159.48,159.48,1.0
1199,2025-08-01,1,1,1.0,0,0.00,0,0,,162.06,162.06,1.0
1199,2025-09-01,0,0,,1,232.85,1,0,0.0,421.27,167.07,0.39658651221307
1199,2025-10-01,0,0,,0,0.00,0,0,,338.41,168.00,0.49643923051919264
1199,2025-11-01,0,0,,0,0.00,0,0,,346.64,172.08,0.4964228017539811
1199,2025-12-01,1,0,0.0,0,0.00,0,0,,256.64,256.64,1.0
1199,2026-01-01,3,3,1.0,3,1004.61,3,0,0.0,1341.05,165.09,0.12310502964095299
1199,2026-02-01,0,0,,0,0.00,0,0,,1248.10,165.19,0.13235317682877976
1199,2026-03-01,0,0,,0,0.00,0,0,,1017.24,162.69,0.15993275923085998
1199,2026-04-01,1,1,1.0,1,169.33,1,0,0.0,1063.98,165.22,0.15528487377582284
1199,2026-05-01,1,0,0.0,0,0.00,0,0,,944.83,171.86,0.18189515574230286
1199,2026-06-01,0,0,,0,0.00,0,0,,778.72,171.67,0.22045151017053624
1200,2025-01-01,2,1,0.5,1,157.24,1,0,0.0,169.57,0.00,0.0
1200,2025-02-01,1,0,0.0,0,0.00,0,0,,110.17,0.00,0.0
1200,2025-03-01,0,0,,0,0.00,0,0,,0.00,0.00,
1200,2025-04-01,1,1,1.0,0,0.00,0,0,,0.00,0.00,
1200,2025-05-01,0,0,,1,84.50,1,0,0.0,89.65,0.00,0.0
1200,2025-06-01,1,0,0.0,0,0.00,0,0,,31.62,0.00,0.0
1200,2025-07-01,1,0,0.0,0,0.00,0,0,,13.34,0.00,0.0
1200,2025-08-01,0,0,,0,0.00,0,0,,0.00,0.00,
1200,2025-09-01,0,0,,0,0.00,0,0,,0.00,0.00,
1200,2025-10-01,2,1,0.5,0,0.00,0,0,,0.00,0.00,
1200,2025-11-01,1,1,1.0,1,298.11,1,0,0.0,328.61,0.00,0.0
1200,2025-12-01,1,1,1.0,0,0.00,0,0,,269.30,0.00,0.0
1200,2026-01-01,2,0,0.0,1,187.66,1,0,0.0,363.85,0.00,0.0
1200,2026-02-01,0,0,,0,0.00,0,0,,305.85,0.00,0.0
1200,2026-03-01,0,0,,0,0.00,0,0,,206.03,0.00,0.0
1200,2026-04-01,1,1,1.0,1,349.51,1,0,0.0,439.50,0.00,0.0
1200,2026-05-01,2,2,1.0,2,484.77,0,0,,792.64,0.00,0.0
1200,2026-06-01,0,0,,0,0.00,0,0,,589.74,0.00,0.0
1201,2025-02-01,1,0,0.0,0,0.00,0,0,,0.00,0.00,
1201,2025-04-01,1,1,1.0,1,121.88,1,0,0.0,141.80,0.00,0.0
1201,2025-05-01,2,1,0.5,0,0.00,0,0,,114.17,0.00,0.0
1201,2025-06-01,0,0,,0,0.00,0,0,,67.81,0.00,0.0
1201,2025-07-01,0,0,,0,0.00,0,0,,67.88,0.00,0.0
1201,2025-08-01,1,0,0.0,0,0.00,0,0,,46.00,0.00,0.0
1201,2025-09-01,0,0,,0,0.00,0,0,,23.74,0.00,0.0
1201,2025-10-01,3,1,0.3333333333333333,1,81.81,1,0,0.0,94.57,0.00,0.0
1201,2025-11-01,0,0,,0,0.00,0,0,,80.73,0.00,0.0
1201,2025-12-01,0,0,,0,0.00,0,0,,63.90,0.00,0.0
1201,2026-01-01,1,0,0.0,0,0.00,0,0,,46.47,0.00,0.0
1201,2026-02-01,2,2,1.0,2,558.68,2,0,0.0,620.72,0.00,0.0
1201,2026-03-01,1,1,1.0,1,131.56,1,0,0.0,542.49,0.00,0.0
1201,2026-04-01,0,0,,0,0.00,0,0,,291.45,0.00,0.0
1201,2026-05-01,2,1,0.5,1,201.62,0,0,,273.28,0.00,0.0
1201,2026-06-01,0,0,,0,0.00,0,0,,149.14,0.00,0.0
1202,2025-01-01,2,2,1.0,2,1170.48,2,0,0.0,1298.96,0.00,0.0
1202,2025-02-01,2,2,1.0,1,870.73,1,0,0.0,2069.13,0.00,0.0
1202,2025-03-01,2,1,0.5,2,403.87,2,0,0.0,2051.62,0.00,0.0
1202,2025-04-01,3,1,0.3333333333333333,1,42.21,1,0,0.0,1565.58,0.00,0.0
1202,2025-05-01,2,2,1.0,2,854.15,2,0,0.0,1655.05,0.00,0.0
1202,2025-06-01,2,1,0.5,1,745.21,1,0,0.0,1670.39,0.00,0.0
1202,2025-07-01,5,1,0.2,1,648.09,1,1,1.0,1804.27,31.62,0.017525093251010104
1202,2025-08-01,4,2,0.5,2,962.69,2,0,0.0,2100.07,31.77,0.015128067159666105
1202,2025-09-01,2,1,0.5,1,481.14,1,1,1.0,2019.02,729.19,0.3611603649295203
1202,2025-10-01,2,1,0.5,1,616.49,1,1,1.0,1938.74,29.86,0.01540175577952691
1202,2025-11-01,3,1,0.3333333333333333,0,0.00,0,0,,1290.91,250.91,0.1943667645304475
1202,2025-12-01,0,0,,0,0.00,0,0,,1005.75,1005.75,1.0
1202,2026-01-01,1,1,1.0,0,0.00,0,0,,875.69,245.75,0.28063584145074166
1202,2026-02-01,0,0,,0,0.00,0,0,,793.83,240.05,0.3023947192723883
1202,2026-03-01,0,0,,0,0.00,0,0,,739.93,242.55,0.32780127849931756
1202,2026-04-01,1,0,0.0,0,0.00,0,0,,733.31,733.31,1.0
1202,2026-05-01,4,1,0.25,1,149.67,0,0,,897.59,726.42,0.8093004601209906
1202,2026-06-01,2,2,1.0,1,124.49,0,0,,1001.54,738.85,0.7377139205623341
1203,2025-03-01,1,1,1.0,1,647.80,1,0,0.0,692.06,0.00,0.0
1203,2025-04-01,0,0,,0,0.00,0,0,,707.01,0.00,0.0
1203,2025-05-01,1,1,1.0,1,348.78,1,0,0.0,594.12,0.00,0.0
1203,2025-06-01,0,0,,0,0.00,0,0,,241.74,0.00,0.0
1203,2025-07-01,1,0,0.0,0,0.00,0,0,,242.01,0.00,0.0
1203,2025-08-01,0,0,,0,0.00,0,0,,122.96,0.00,0.0
1203,2025-09-01,1,1,1.0,0,0.00,0,0,,0.00,0.00,
1203,2025-10-01,2,2,1.0,2,322.99,2,0,0.0,359.70,0.00,0.0
1203,2025-11-01,0,0,,0,0.00,0,0,,294.86,0.00,0.0
1203,2025-12-01,0,0,,0,0.00,0,0,,218.94,0.00,0.0
1203,2026-01-01,1,0,0.0,0,0.00,0,0,,141.68,0.00,0.0
1203,2026-02-01,0,0,,0,0.00,0,0,,71.10,0.00,0.0
1203,2026-03-01,2,2,1.0,1,170.44,1,0,0.0,175.83,0.00,0.0
1203,2026-04-01,1,0,0.0,0,0.00,0,0,,119.04,0.00,0.0
1203,2026-05-01,2,1,0.5,1,79.37,0,0,,150.03,0.00,0.0
1203,2026-06-01,0,0,,0,0.00,0,0,,58.68,0.00,0.0
1204,2025-01-01,1,0,0.0,0,0.00,0,0,,0.00,0.00,
1204,2025-02-01,3,2,0.6666666666666666,1,121.99,1,0,0.0,151.12,0.00,0.0
1204,2025-03-01,4,2,0.5,2,558.53,2,0,0.0,748.59,0.00,0.0
1204,2025-04-01,1,1,1.0,0,0.00,0,0,,625.89,0.00,0.0
1204,2025-05-01,1,1,1.0,1,398.44,1,0,0.0,929.46,0.00,0.0
1204,2025-06-01,1,0,0.0,0,0.00,0,0,,721.34,0.00,0.0
1204,2025-07-01,0,0,,0,0.00,0,0,,553.39,0.00,0.0
1204,2025-08-01,2,1,0.5,1,279.13,1,0,0.0,687.82,0.00,0.0
1204,2025-09-01,3,2,0.6666666666666666,2,462.69,2,0,0.0,951.55,0.00,0.0
1204,2025-10-01,0,0,,0,0.00,0,0,,598.14,0.00,0.0
1204,2025-11-01,1,1,1.0,0,0.00,0,0,,286.12,0.00,0.0
1204,2025-12-01,4,2,0.5,1,194.11,1,0,0.0,281.81,0.00,0.0
1204,2026-01-01,2,2,1.0,2,678.85,2,0,0.0,914.94,0.00,0.0
1204,2026-02-01,1,1,1.0,1,406.77,1,0,0.0,1093.55,0.00,0.0
1204,2026-03-01,3,3,1.0,3,703.16,3,0,0.0,1234.19,0.00,0.0
1204,2026-04-01,4,2,0.5,0,0.00,0,0,,678.80,0.00,0.0
1204,2026-05-01,0,0,,0,0.00,0,0,,507.70,0.00,0.0
1204,2026-06-01,2,2,1.0,1,97.07,0,0,,412.75,0.00,0.0
1205,2025-01-01,5,2,0.4,2,390.64,2,0,0.0,413.83,0.00,0.0
1205,2025-02-01,1,1,1.0,0,0.00,0,0,,231.22,0.00,0.0
1205,2025-03-01,1,1,1.0,2,488.16,2,0,0.0,744.39,0.00,0.0
1205,2025-04-01,1,1,1.0,1,400.10,1,0,0.0,970.36,0.00,0.0
1205,2025-05-01,1,0,0.0,0,0.00,0,0,,550.19,0.00,0.0
1205,2025-06-01,4,1,0.25,1,250.25,1,0,0.0,688.55,0.00,0.0
1205,2025-07-01,1,1,1.0,1,136.17,1,0,0.0,506.01,0.00,0.0
1205,2025-08-01,2,2,1.0,1,196.62,1,0,0.0,533.99,0.00,0.0
1205,2025-09-01,1,1,1.0,1,77.99,1,0,0.0,465.01,0.00,0.0
1205,2025-10-01,0,0,,0,0.00,0,0,,260.00,71.09,0.27342307692307694
1205,2025-11-01,2,1,0.5,1,53.82,1,0,0.0,288.44,52.02,0.18034946609346833
1205,2025-12-01,1,0,0.0,0,0.00,0,0,,231.08,164.93,0.7137355028561537
1205,2026-01-01,1,1,1.0,1,173.83,1,0,0.0,388.14,159.91,0.41199051888493843
1205,2026-02-01,2,1,0.5,1,1014.29,1,1,1.0,1468.96,160.01,0.10892740442217623
1205,2026-03-01,0,0,,0,0.00,0,0,,1304.20,157.59,0.12083269437202883
1205,2026-04-01,1,0,0.0,0,0.00,0,0,,1259.67,1259.67,1.0
1205,2026-05-01,1,1,1.0,1,553.69,0,0,,946.53,166.47,0.17587398180723274
1205,2026-06-01,0,0,,0,0.00,0,0,,659.86,166.29,0.25200800169732973
1206,2025-01-01,4,2,0.5,2,832.46,2,0,0.0,913.52,0.00,0.0
1206,2025-02-01,3,2,0.6666666666666666,2,865.74,2,0,0.0,1674.47,0.00,0.0
1206,2025-03-01,3,1,0.3333333333333333,1,25.06,1,0,0.0,973.29,0.00,0.0
1206,2025-04-01,3,0,0.0,0,0.00,0,0,,821.90,0.00,0.0
1206,2025-05-01,1,0,0.0,0,0.00,0,0,,627.50,0.00,0.0
1206,2025-06-01,2,0,0.0,0,0.00,0,0,,456.12,210.82,0.46220292905375776
1206,2025-07-01,1,0,0.0,0,0.00,0,0,,300.12,211.05,0.703218712514994
1206,2025-08-01,1,1,1.0,1,559.95,1,0,0.0,857.83,214.46,0.25000291433034516
1206,2025-09-01,7,6,0.8571428571428571,6,1161.95,6,1,0.16666666666666666,1931.41,221.10,0.1144759528013213
1206,2025-10-01,2,1,0.5,1,101.15,1,0,0.0,1707.11,222.33,0.13023765310964144
1206,2025-11-01,2,1,0.5,1,470.12,1,0,0.0,1823.60,391.60,0.21474007457775832
1206,2025-12-01,2,1,0.5,1,155.63,1,0,0.0,1546.63,563.31,0.36421768619514683
1206,2026-01-01,3,1,0.3333333333333333,0,0.00,0,0,,556.90,218.48,0.39231459867121565
1206,2026-02-01,3,3,1.0,2,1174.55,2,0,0.0,1732.95,218.61,0.12614905219423528
1206,2026-03-01,6,3,0.5,2,830.58,2,0,0.0,2108.98,215.30,0.10208726493375946
1206,2026-04-01,4,3,0.75,2,977.54,2,1,0.5,2479.77,218.66,0.08817753259374861
1206,2026-05-01,1,1,1.0,2,766.01,0,0,,2858.61,227.44,0.07956314432538891
1206,2026-06-01,2,2,1.0,1,940.20,0,0,,2788.12,227.19,0.08148501499218111
1207,2025-03-01,1,1,1.0,1,202.48,1,0,0.0,236.80,0.00,0.0
1207,2025-04-01,2,0,0.0,0,0.00,0,0,,219.73,0.00,0.0
1207,2025-05-01,0,0,,0,0.00,0,0,,193.67,0.00,0.0
1207,2025-06-01,0,0,,0,0.00,0,0,,184.45,0.00,0.0
1207,2025-07-01,0,0,,0,0.00,0,0,,151.29,0.00,0.0
1207,2025-08-01,2,1,0.5,0,0.00,0,0,,151.98,0.00,0.0
1207,2025-09-01,0,0,,1,342.37,1,0,0.0,422.16,0.00,0.0
1207,2025-10-01,0,0,,0,0.00,0,0,,333.97,0.00,0.0
1207,2025-11-01,2,1,0.5,0,0.00,0,0,,197.80,0.00,0.0
1207,2025-12-01,1,1,1.0,1,171.24,1,0,0.0,239.15,0.00,0.0
1207,2026-01-01,0,0,,0,0.00,0,0,,158.79,0.00,0.0
1207,2026-02-01,2,0,0.0,0,0.00,0,0,,42.75,0.00,0.0
1207,2026-03-01,1,0,0.0,0,0.00,0,0,,0.00,0.00,
1207,2026-04-01,0,0,,0,0.00,0,0,,0.00,0.00,
1207,2026-05-01,0,0,,0,0.00,0,0,,0.00,0.00,
1207,2026-06-01,0,0,,0,0.00,0,0,,0.00,0.00,
1208,2025-01-01,3,2,0.6666666666666666,2,546.62,2,1,0.5,593.48,0.00,0.0
1208,2025-02-01,4,3,0.75,2,579.83,2,0,0.0,1169.84,0.00,0.0
1208,2025-03-01,3,1,0.3333333333333333,1,282.18,1,0,0.0,1288.68,416.59,0.3232687711456684
1208,2025-04-01,1,1,1.0,1,153.68,1,0,0.0,1085.29,281.14,0.25904596928010026
1208,2025-05-01,2,1,0.5,0,0.00,0,0,,638.83,272.58,0.4266862858663494
1208,2025-06-01,1,1,1.0,1,214.44,1,0,0.0,603.58,288.43,0.47786540309486725
1208,2025-07-01,1,0,0.0,0,0.00,0,0,,553.15,304.17,0.549887010756576
1208,2025-08-01,2,0,0.0,0,0.00,0,0,,532.95,305.56,0.5733370860305844
1208,2025-09-01,0,0,,0,0.00,0,0,,505.19,302.56,0.598903382885647
1208,2025-10-01,0,0,,0,0.00,0,0,,458.22,287.23,0.6268386364628344
1208,2025-11-01,3,2,0.6666666666666666,2,322.47,2,0,0.0,767.57,287.52,0.37458472842867746
1208,2025-12-01,2,1,0.5,1,483.32,1,0,0.0,1166.66,282.75,0.24235852776301578
1208,2026-01-01,1,1,1.0,1,109.72,1,0,0.0,1117.32,281.61,0.252040597143164
1208,2026-02-01,1,1,1.0,1,98.26,1,0,0.0,941.88,275.07,0.2920435724296089
1208,2026-03-01,1,0,0.0,0,0.00,0,0,,632.67,277.94,0.4393127538843315
1208,2026-04-01,2,2,1.0,2,1371.06,2,0,0.0,2036.10,275.45,0.1352831393350032
1208,2026-05-01,2,1,0.5,0,0.00,0,0,,1870.24,350.41,0.18736098040893148
1208,2026-06-01,2,1,0.5,1,100.69,0,0,,1770.01,356.41,0.2013604442912752
1209,2025-01-01,2,1,0.5,1,54.97,1,0,0.0,58.56,0.00,0.0
1209,2025-02-01,1,1,1.0,0,0.00,0,0,,58.05,0.00,0.0
1209,2025-03-01,2,1,0.5,2,1121.32,2,0,0.0,1094.80,0.00,0.0
1209,2025-04-01,0,0,,0,0.00,0,0,,756.84,0.00,0.0
1209,2025-05-01,0,0,,0,0.00,0,0,,626.41,0.00,0.0
1209,2025-06-01,3,2,0.6666666666666666,1,886.41,1,1,1.0,1163.67,0.00,0.0
1209,2025-07-01,0,0,,1,119.12,1,0,0.0,1294.41,0.00,0.0
1209,2025-08-01,0,0,,0,0.00,0,0,,1165.98,972.76,0.8342853222182198
1209,2025-09-01,0,0,,0,0.00,0,0,,713.77,668.57,0.9366742788293149
1209,2025-10-01,1,1,1.0,0,0.00,0,0,,0.00,0.00,
1209,2025-11-01,2,1,0.5,2,993.91,2,0,0.0,1102.19,0.00,0.0
1209,2025-12-01,2,0,0.0,0,0.00,0,0,,454.72,0.00,0.0
1209,2026-01-01,0,0,,0,0.00,0,0,,308.23,0.00,0.0
1209,2026-02-01,3,1,0.3333333333333333,0,0.00,0,0,,175.71,0.00,0.0
1209,2026-03-01,1,1,1.0,1,195.52,1,0,0.0,383.53,173.06,0.4512293692801085
1209,2026-04-01,0,0,,0,0.00,0,0,,142.49,0.00,0.0
1209,2026-05-01,0,0,,0,0.00,0,0,,74.10,0.00,0.0
1209,2026-06-01,1,1,1.0,1,22.42,0,0,,25.16,0.00,0.0
1210,2025-01-01,3,1,0.3333333333333333,1,370.23,1,0,0.0,407.32,0.00,0.0
1210,2025-02-01,1,1,1.0,1,208.39,1,0,0.0,532.87,0.00,0.0
1210,2025-03-01,0,0,,0,0.00,0,0,,383.83,0.00,0.0
1210,2025-04-01,1,0,0.0,0,0.00,0,0,,229.64,0.00,0.0
1210,2025-05-01,4,3,0.75,2,698.57,2,0,0.0,1044.92,0.00,0.0
1210,2025-06-01,1,1,1.0,0,0.00,0,0,,918.72,0.00,0.0
1210,2025-07-01,0,0,,0,0.00,0,0,,724.38,0.00,0.0
1210,2025-08-01,0,0,,0,0.00,0,0,,577.09,0.00,0.0
1210,2025-09-01,3,2,0.6666666666666666,1,160.36,1,0,0.0,679.49,0.00,0.0
1210,2025-10-01,2,1,0.5,1,88.86,1,0,0.0,643.10,0.00,0.0
1210,2025-11-01,1,1,1.0,0,0.00,0,0,,532.82,0.00,0.0
1210,2025-12-01,1,1,1.0,2,503.91,2,1,0.5,934.08,0.00,0.0
1210,2026-01-01,1,0,0.0,0,0.00,0,0,,690.40,0.00,0.0
1210,2026-02-01,0,0,,0,0.00,0,0,,352.28,0.00,0.0
1210,2026-03-01,4,4,1.0,4,1731.57,4,0,0.0,1988.61,0.00,0.0
1210,2026-04-01,2,1,0.5,1,549.99,1,0,0.0,1848.73,0.00,0.0
1210,2026-05-01,0,0,,0,0.00,0,0,,1280.72,0.00,0.0
1210,2026-06-01,2,1,0.5,1,687.55,0,0,,1522.70,0.00,0.0
1211,2025-01-01,6,2,0.3333333333333333,2,848.21,2,0,0.0,975.98,0.00,0.0
1211,2025-02-01,8,4,0.5,2,308.50,2,0,0.0,1184.22,0.00,0.0
1211,2025-03-01,7,5,0.7142857142857143,4,711.82,4,0,0.0,1672.66,0.00,0.0
1211,2025-04-01,6,6,1.0,4,1205.89,4,0,0.0,2609.49,0.00,0.0
1211,2025-05-01,3,1,0.3333333333333333,1,1467.23,1,0,0.0,3500.79,0.00,0.0
1211,2025-06-01,11,5,0.45454545454545453,3,581.61,3,0,0.0,3788.50,0.00,0.0
1211,2025-07-01,10,3,0.3,3,1314.39,3,0,0.0,4197.09,0.00,0.0
1211,2025-08-01,13,6,0.46153846153846156,6,2001.71,6,1,0.16666666666666666,5128.01,0.00,0.0
1211,2025-09-01,4,3,0.75,3,744.24,3,1,0.3333333333333333,5043.33,62.40,0.012372777510097495
1211,2025-10-01,4,1,0.25,1,170.17,1,0,0.0,3375.33,59.24,0.017550876506889697
1211,2025-11-01,6,6,1.0,4,1534.28,4,0,0.0,3779.36,59.30,0.015690487278269334
1211,2025-12-01,5,4,0.8,2,467.00,2,0,0.0,2711.88,58.32,0.02150537634408602
1211,2026-01-01,9,4,0.4444444444444444,2,361.19,2,0,0.0,2175.98,136.25,0.06261546521567293
1211,2026-02-01,7,2,0.2857142857142857,2,446.48,2,0,0.0,1528.68,133.09,0.08706204045320146
1211,2026-03-01,8,6,0.75,4,1038.53,4,1,0.25,2163.33,134.48,0.06216342398062246
1211,2026-04-01,5,3,0.6,2,1378.80,2,0,0.0,3276.78,133.27,0.04067102460342165
1211,2026-05-01,8,5,0.625,4,1432.75,0,0,,3974.95,352.16,0.08859482509213953
1211,2026-06-01,5,2,0.4,2,525.30,0,0,,3379.53,134.28,0.0397333357005264
1212,2025-01-01,8,4,0.5,2,818.13,2,0,0.0,1038.60,0.00,0.0
1212,2025-02-01,9,4,0.4444444444444444,3,2260.51,3,1,0.3333333333333333,3467.00,0.00,0.0
1212,2025-03-01,4,2,0.5,3,643.94,3,0,0.0,2813.38,0.00,0.0
1212,2025-04-01,12,5,0.4166666666666667,4,1499.45,4,0,0.0,4143.88,531.22,0.1281938666177592
1212,2025-05-01,8,6,0.75,6,2618.28,6,0,0.0,5461.55,513.23,0.09397149160952477
1212,2025-06-01,12,8,0.6666666666666666,7,1884.11,7,0,0.0,6118.34,507.88,0.08300944373800737
1212,2025-07-01,13,7,0.5384615384615384,5,865.94,5,1,0.2,5243.96,508.46,0.09696107521796504
1212,2025-08-01,7,4,0.5714285714285714,5,1051.14,5,0,0.0,4685.08,894.51,0.19092736943659447
1212,2025-09-01,13,9,0.6923076923076923,8,2770.83,8,2,0.25,6111.21,532.64,0.08715786235459098
1212,2025-10-01,10,6,0.6,6,2602.86,6,1,0.16666666666666666,6810.18,804.00,0.1180585535184092
1212,2025-11-01,7,3,0.42857142857142855,1,574.68,1,0,0.0,6328.37,1213.27,0.191719194674142
1212,2025-12-01,17,6,0.35294117647058826,6,2311.25,6,0,0.0,6685.90,1912.73,0.2860841472352264
1212,2026-01-01,11,8,0.7272727272727273,5,2075.44,5,0,0.0,7023.02,764.69,0.10888335787168484
1212,2026-02-01,12,7,0.5833333333333334,3,1186.86,3,1,0.3333333333333333,6581.94,1643.54,0.24970449441957843
1212,2026-03-01,14,8,0.5714285714285714,7,1239.93,7,1,0.14285714285714285,6506.01,1618.69,0.24879918721305377
1212,2026-04-01,14,10,0.7142857142857143,9,3019.86,9,0,0.0,8349.47,1643.91,0.1968879461810151
1212,2026-05-01,7,4,0.5714285714285714,2,636.91,0,0,,7647.28,2232.30,0.2919077109769749
1212,2026-06-01,13,8,0.6153846153846154,8,2996.78,0,0,,9299.76,2350.71,0.2527710392526259
1213,2025-01-01,2,0,0.0,0,0.00,0,0,,0.00,0.00,
1213,2025-02-01,2,1,0.5,1,322.73,1,0,0.0,349.83,0.00,0.0
1213,2025-03-01,3,2,0.6666666666666666,1,245.44,1,0,0.0,469.51,0.00,0.0
1213,2025-04-01,2,2,1.0,2,311.25,2,0,0.0,763.55,0.00,0.0
1213,2025-05-01,1,1,1.0,1,904.06,1,0,0.0,1682.99,0.00,0.0
1213,2025-06-01,5,5,1.0,3,557.08,3,0,0.0,2065.17,0.00,0.0
1213,2025-07-01,2,2,1.0,1,265.93,1,0,0.0,2086.53,0.00,0.0
1213,2025-08-01,5,5,1.0,4,1162.05,4,0,0.0,3024.57,0.00,0.0
1213,2025-09-01,1,1,1.0,2,324.49,2,0,0.0,2993.92,0.00,0.0
1213,2025-10-01,1,0,0.0,0,0.00,0,0,,2380.22,184.85,0.0776608884892993
1213,2025-11-01,3,0,0.0,0,0.00,0,0,,1887.92,422.39,0.22373299716089665
1213,2025-12-01,1,0,0.0,0,0.00,0,0,,1482.72,607.56,0.40976044027193265
1213,2026-01-01,3,3,1.0,3,428.95,3,2,0.6666666666666666,1525.21,212.10,0.1390628175792186
1213,2026-02-01,2,2,1.0,2,522.74,2,0,0.0,1876.40,177.03,0.09434555531869537
1213,2026-03-01,5,3,0.6,2,887.98,2,0,0.0,2423.26,178.87,0.07381378803760223
1213,2026-04-01,1,1,1.0,1,190.00,1,0,0.0,2052.36,357.81,0.17434075893118164
1213,2026-05-01,0,0,,0,0.00,0,0,,1232.03,222.61,0.18068553525482337
1213,2026-06-01,1,1,1.0,1,462.04,0,0,,1245.05,226.42,0.18185615035540742
1214,2025-02-01,4,3,0.75,3,761.51,3,0,0.0,928.44,0.00,0.0
1214,2025-03-01,0,0,,0,0.00,0,0,,803.13,0.00,0.0
1214,2025-04-01,0,0,,0,0.00,0,0,,627.21,0.00,0.0
1214,2025-05-01,1,0,0.0,0,0.00,0,0,,515.12,0.00,0.0
1214,2025-06-01,0,0,,0,0.00,0,0,,400.59,0.00,0.0
1214,2025-07-01,1,1,1.0,1,355.32,1,0,0.0,764.62,0.00,0.0
1214,2025-08-01,1,0,0.0,0,0.00,0,0,,582.82,0.00,0.0
1214,2025-09-01,1,1,1.0,1,258.42,1,0,0.0,805.07,0.00,0.0
1214,2025-10-01,1,0,0.0,0,0.00,0,0,,412.56,0.00,0.0
1214,2025-11-01,0,0,,0,0.00,0,0,,238.60,0.00,0.0
1214,2025-12-01,1,0,0.0,0,0.00,0,0,,49.09,0.00,0.0
1214,2026-01-01,0,0,,0,0.00,0,0,,48.90,0.00,0.0
1214,2026-02-01,0,0,,0,0.00,0,0,,0.00,0.00,
1214,2026-03-01,1,1,1.0,1,48.87,1,0,0.0,58.47,0.00,0.0
1214,2026-04-01,0,0,,0,0.00,0,0,,48.29,0.00,0.0
1214,2026-05-01,1,0,0.0,0,0.00,0,0,,38.27,0.00,0.0
1214,2026-06-01,0,0,,0,0.00,0,0,,19.46,0.00,0.0
1215,2025-01-01,2,0,0.0,0,0.00,0,0,,0.00,0.00,
1215,2025-02-01,3,1,0.3333333333333333,1,184.86,1,0,0.0,208.05,0.00,0.0
1215,2025-03-01,3,2,0.6666666666666666,1,90.36,1,0,0.0,164.75,0.00,0.0
1215,2025-04-01,4,2,0.5,3,356.02,3,0,0.0,604.23,0.00,0.0
1215,2025-05-01,1,0,0.0,0,0.00,0,0,,420.39,0.00,0.0
1215,2025-06-01,8,3,0.375,2,388.19,2,0,0.0,670.83,0.00,0.0
1215,2025-07-01,0,0,,1,254.37,1,0,0.0,684.83,0.00,0.0
1215,2025-08-01,5,4,0.8,3,979.56,3,0,0.0,1599.84,0.00,0.0
1215,2025-09-01,0,0,,1,444.83,1,0,0.0,1455.31,0.00,0.0
1215,2025-10-01,2,1,0.5,1,406.32,1,0,0.0,1201.06,0.00,0.0
1215,2025-11-01,2,0,0.0,0,0.00,0,0,,725.83,0.00,0.0
1215,2025-12-01,0,0,,0,0.00,0,0,,266.94,0.00,0.0
1215,2026-01-01,1,1,1.0,1,207.79,1,0,0.0,314.85,66.04,0.20975067492456725
1215,2026-02-01,3,2,0.6666666666666666,2,197.30,2,0,0.0,383.98,66.08,0.17209229647377466
1215,2026-03-01,1,1,1.0,0,0.00,0,0,,317.12,65.09,0.20525353178607467
1215,2026-04-01,3,1,0.3333333333333333,1,363.35,1,0,0.0,619.97,66.10,0.10661806216429826
1215,2026-05-01,3,2,0.6666666666666666,2,158.55,0,0,,716.36,68.75,0.0959712993466972
1215,2026-06-01,0,0,,0,0.00,0,0,,575.18,68.68,0.11940609896032549
1216,2025-01-01,2,0,0.0,0,0.00,0,0,,0.00,0.00,
1216,2025-02-01,1,1,1.0,1,227.55,1,0,0.0,275.90,0.00,0.0
1216,2025-03-01,2,2,1.0,1,217.38,1,1,1.0,466.63,0.00,0.0
1216,2025-04-01,1,0,0.0,0,0.00,0,0,,430.74,0.00,0.0
1216,2025-05-01,1,1,1.0,1,532.40,1,0,0.0,819.86,0.00,0.0
1216,2025-06-01,0,0,,0,0.00,0,0,,767.36,0.00,0.0
1216,2025-07-01,1,0,0.0,0,0.00,0,0,,349.51,118.20,0.3381877485622729
1216,2025-08-01,2,2,1.0,2,552.79,2,1,0.5,647.63,0.00,0.0
1216,2025-09-01,0,0,,0,0.00,0,0,,402.05,0.00,0.0
1216,2025-10-01,3,2,0.6666666666666666,2,381.31,2,0,0.0,828.88,137.23,0.16556075668371778
1216,2025-11-01,0,0,,0,0.00,0,0,,549.44,0.00,0.0
1216,2025-12-01,0,0,,0,0.00,0,0,,287.01,115.90,0.4038186822758789
1216,2026-01-01,1,0,0.0,0,0.00,0,0,,138.20,48.30,0.34949348769898697
1216,2026-02-01,0,0,,0,0.00,0,0,,127.03,48.33,0.3804613083523577
1216,2026-03-01,3,3,1.0,2,420.70,2,0,0.0,544.03,47.60,0.0874951748984431
1216,2026-04-01,2,1,0.5,2,658.45,2,0,0.0,1091.01,48.34,0.044307568216606634
1216,2026-05-01,0,0,,0,0.00,0,0,,642.67,50.28,0.07823610873387586
1216,2026-06-01,1,1,1.0,0,0.00,0,0,,280.20,50.23,0.17926481084939327
1217,2025-01-01,1,1,1.0,1,344.25,1,0,0.0,383.11,0.00,0.0
1217,2025-02-01,2,1,0.5,1,145.01,1,0,0.0,485.91,0.00,0.0
1217,2025-03-01,1,0,0.0,0,0.00,0,0,,415.21,0.00,0.0
1217,2025-04-01,0,0,,0,0.00,0,0,,341.42,0.00,0.0
1217,2025-05-01,0,0,,0,0.00,0,0,,254.53,0.00,0.0
1217,2025-06-01,3,3,1.0,3,904.20,3,0,0.0,1251.87,0.00,0.0
1217,2025-07-01,2,0,0.0,0,0.00,0,0,,986.43,0.00,0.0
1217,2025-08-01,0,0,,0,0.00,0,0,,741.47,0.00,0.0
1217,2025-09-01,1,0,0.0,0,0.00,0,0,,503.18,0.00,0.0
1217,2025-10-01,0,0,,0,0.00,0,0,,152.15,0.00,0.0
1217,2025-11-01,2,1,0.5,1,148.92,1,0,0.0,286.13,0.00,0.0
1217,2025-12-01,0,0,,0,0.00,0,0,,137.91,0.00,0.0
1217,2026-01-01,0,0,,0,0.00,0,0,,68.68,0.00,0.0
1217,2026-02-01,0,0,,0,0.00,0,0,,0.00,0.00,
1217,2026-03-01,4,2,0.5,1,166.07,1,0,0.0,179.89,0.00,0.0
1217,2026-04-01,1,0,0.0,1,633.69,1,0,0.0,788.72,0.00,0.0
1217,2026-05-01,1,0,0.0,0,0.00,0,0,,580.10,0.00,0.0
1217,2026-06-01,1,0,0.0,0,0.00,0,0,,530.15,0.00,0.0
1218,2025-03-01,1,1,1.0,0,0.00,0,0,,0.00,0.00,
1218,2025-04-01,1,0,0.0,1,442.43,1,1,1.0,538.30,0.00,0.0
1218,2025-05-01,1,0,0.0,0,0.00,0,0,,520.07,0.00,0.0
1218,2025-06-01,0,0,,0,0.00,0,0,,514.65,514.65,1.0
1218,2025-07-01,0,0,,0,0.00,0,0,,515.23,515.23,1.0
1218,2025-08-01,0,0,,0,0.00,0,0,,523.55,523.55,1.0
1218,2025-09-01,2,1,0.5,1,161.71,1,0,0.0,724.41,539.74,0.7450753026600958
1218,2025-10-01,0,0,,0,0.00,0,0,,666.56,542.75,0.8142552808449353
1218,2025-11-01,0,0,,0,0.00,0,0,,619.37,555.95,0.8976056315288116
1218,2025-12-01,0,0,,0,0.00,0,0,,550.09,550.09,1.0
1218,2026-01-01,0,0,,0,0.00,0,0,,533.35,533.35,1.0
1218,2026-02-01,0,0,,0,0.00,0,0,,533.67,533.67,1.0
1218,2026-03-01,0,0,,0,0.00,0,0,,525.60,525.60,1.0
1218,2026-04-01,0,0,,0,0.00,0,0,,533.79,533.79,1.0
1218,2026-05-01,1,1,1.0,1,105.09,0,0,,674.56,555.23,0.8230995018975333
1218,2026-06-01,0,0,,0,0.00,0,0,,673.82,554.62,0.8230981567777744
1219,2025-01-01,2,1,0.5,1,241.35,1,0,0.0,258.56,0.00,0.0
1219,2025-02-01,0,0,,0,0.00,0,0,,170.87,0.00,0.0
1219,2025-03-01,0,0,,0,0.00,0,0,,83.58,0.00,0.0
1219,2025-04-01,2,1,0.5,1,244.91,1,0,0.0,276.38,0.00,0.0
1219,2025-05-01,3,3,1.0,1,158.68,1,0,0.0,340.73,0.00,0.0
1219,2025-06-01,1,1,1.0,0,0.00,0,0,,230.66,0.00,0.0
1219,2025-07-01,2,2,1.0,2,604.27,2,0,0.0,717.20,0.00,0.0
1219,2025-08-01,3,1,0.3333333333333333,1,151.62,1,0,0.0,716.20,0.00,0.0
1219,2025-09-01,2,0,0.0,0,0.00,0,0,,502.80,0.00,0.0
1219,2025-10-01,0,0,,0,0.00,0,0,,361.57,0.00,0.0
1219,2025-11-01,1,1,1.0,0,0.00,0,0,,175.28,0.00,0.0
1219,2025-12-01,1,0,0.0,0,0.00,0,0,,86.75,0.00,0.0
1219,2026-01-01,3,2,0.6666666666666666,1,201.17,1,0,0.0,222.38,0.00,0.0
1219,2026-02-01,0,0,,1,193.66,1,0,0.0,374.60,0.00,0.0
1219,2026-03-01,1,1,1.0,1,48.32,1,1,1.0,229.10,0.00,0.0
1219,2026-04-01,1,0,0.0,0,0.00,0,0,,177.03,0.00,0.0
1219,2026-05-01,2,0,0.0,0,0.00,0,0,,18.08,0.00,0.0
1219,2026-06-01,3,0,0.0,0,0.00,0,0,,18.06,0.00,0.0
1220,2025-01-01,1,1,1.0,1,263.63,1,0,0.0,285.02,0.00,0.0
1220,2025-02-01,1,1,1.0,1,178.83,1,0,0.0,377.58,0.00,0.0
1220,2025-03-01,0,0,,0,0.00,0,0,,277.22,0.00,0.0
1220,2025-04-01,1,1,1.0,0,0.00,0,0,,63.05,0.00,0.0
1220,2025-05-01,2,0,0.0,1,396.91,1,0,0.0,283.58,0.00,0.0
1220,2025-06-01,2,0,0.0,0,0.00,0,0,,280.62,0.00,0.0
1220,2025-07-01,0,0,,0,0.00,0,0,,0.00,0.00,
1220,2025-08-01,1,1,1.0,1,481.22,1,0,0.0,548.60,0.00,0.0
1220,2025-09-01,2,1,0.5,0,0.00,0,0,,471.31,0.00,0.0
1220,2025-10-01,3,0,0.0,1,336.31,1,0,0.0,564.68,0.00,0.0
1220,2025-11-01,0,0,,0,0.00,0,0,,482.70,0.00,0.0
1220,2025-12-01,3,2,0.6666666666666666,2,490.97,2,0,0.0,917.86,0.00,0.0
1220,2026-01-01,0,0,,0,0.00,0,0,,453.28,0.00,0.0
1220,2026-02-01,0,0,,0,0.00,0,0,,97.07,0.00,0.0
1220,2026-03-01,0,0,,0,0.00,0,0,,0.00,0.00,
1220,2026-04-01,0,0,,0,0.00,0,0,,0.00,0.00,
1220,2026-05-01,1,0,0.0,0,0.00,0,0,,0.00,0.00,
1220,2026-06-01,0,0,,0,0.00,0,0,,0.00,0.00,
1221,2025-01-01,13,7,0.5384615384615384,5,2426.51,5,0,0.0,2628.74,0.00,0.0
1221,2025-02-01,6,4,0.6666666666666666,5,625.33,5,0,0.0,2144.71,0.00,0.0
1221,2025-03-01,12,3,0.25,3,952.05,3,0,0.0,2666.64,0.00,0.0
1221,2025-04-01,19,9,0.47368421052631576,6,2469.07,6,1,0.16666666666666666,4076.10,0.00,0.0
1221,2025-05-01,14,6,0.42857142857142855,7,1846.15,7,0,0.0,5183.95,470.66,0.09079177075396176
1221,2025-06-01,12,9,0.75,7,2214.55,7,1,0.14285714285714285,5841.01,983.83,0.1684349110855828
1221,2025-07-01,19,10,0.5263157894736842,7,2064.57,7,0,0.0,6330.22,0.00,0.0
1221,2025-08-01,13,11,0.8461538461538461,10,3086.32,10,2,0.2,7951.23,104.20,0.01310489068986811
1221,2025-09-01,16,10,0.625,7,2300.76,7,1,0.14285714285714285,7996.55,446.68,0.0558590892322314
1221,2025-10-01,12,7,0.5833333333333334,5,943.69,5,0,0.0,6218.54,449.17,0.07223078085852949
1221,2025-11-01,13,7,0.5384615384615384,7,1710.00,7,1,0.14285714285714285,6786.77,644.37,0.09494501802772158
1221,2025-12-01,19,8,0.42105263157894735,3,1335.04,3,0,0.0,6018.62,812.36,0.1349744625844463
1221,2026-01-01,16,9,0.5625,11,3869.57,11,0,0.0,8811.96,812.95,0.09225529848070124
1221,2026-02-01,11,9,0.8181818181818182,9,2251.75,9,0,0.0,9539.58,681.85,0.0714758930686676
1221,2026-03-01,17,8,0.47058823529411764,7,3706.28,7,1,0.14285714285714285,10844.07,975.48,0.08995515521386344
1221,2026-04-01,14,6,0.42857142857142855,4,1274.92,4,0,0.0,8692.26,749.78,0.08625834938209395
1221,2026-05-01,23,11,0.4782608695652174,7,2387.67,0,0,,8903.81,1043.37,0.11718241966079689
1221,2026-06-01,17,8,0.47058823529411764,9,2990.26,0,0,,9408.91,779.04,0.0827981137028625
1222,2025-04-01,1,1,1.0,0,0.00,0,0,,0.00,0.00,
1222,2025-05-01,0,0,,1,207.82,1,0,0.0,143.80,0.00,0.0
1222,2025-06-01,0,0,,0,0.00,0,0,,76.09,0.00,0.0
1222,2025-07-01,1,0,0.0,0,0.00,0,0,,0.00,0.00,
1222,2025-08-01,1,0,0.0,0,0.00,0,0,,0.00,0.00,
1222,2025-09-01,1,1,1.0,1,265.57,1,0,0.0,279.81,0.00,0.0
1222,2025-10-01,2,1,0.5,1,105.77,1,0,0.0,292.02,0.00,0.0
1222,2025-11-01,0,0,,0,0.00,0,0,,57.53,0.00,0.0
1222,2025-12-01,0,0,,0,0.00,0,0,,56.57,0.00,0.0
1222,2026-01-01,0,0,,0,0.00,0,0,,28.17,0.00,0.0
1222,2026-02-01,0,0,,0,0.00,0,0,,0.00,0.00,
1222,2026-03-01,0,0,,0,0.00,0,0,,0.00,0.00,
1222,2026-04-01,0,0,,0,0.00,0,0,,0.00,0.00,
1222,2026-05-01,0,0,,0,0.00,0,0,,0.00,0.00,
1222,2026-06-01,1,0,0.0,0,0.00,0,0,,0.00,0.00,
1223,2025-02-01,1,1,1.0,1,285.69,1,0,0.0,309.33,0.00,0.0
1223,2025-03-01,1,0,0.0,0,0.00,0,0,,201.71,0.00,0.0
1223,2025-04-01,2,1,0.5,0,0.00,0,0,,103.03,0.00,0.0
1223,2025-05-01,2,2,1.0,1,128.29,1,1,1.0,138.99,0.00,0.0
1223,2025-06-01,2,2,1.0,3,529.29,3,0,0.0,675.97,0.00,0.0
1223,2025-07-01,1,0,0.0,0,0.00,0,0,,434.72,0.00,0.0
1223,2025-08-01,0,0,,0,0.00,0,0,,175.85,0.00,0.0
1223,2025-09-01,0,0,,0,0.00,0,0,,72.05,0.00,0.0
1223,2025-10-01,1,1,1.0,1,206.91,1,0,0.0,237.36,0.00,0.0
1223,2025-11-01,1,1,1.0,1,219.84,1,0,0.0,422.98,0.00,0.0
1223,2025-12-01,0,0,,0,0.00,0,0,,218.87,0.00,0.0
1223,2026-01-01,5,3,0.6,3,802.73,3,0,0.0,1007.20,0.00,0.0
1223,2026-02-01,2,2,1.0,1,67.52,1,0,0.0,616.51,0.00,0.0
1223,2026-03-01,2,1,0.5,2,686.41,2,0,0.0,1038.92,0.00,0.0
1223,2026-04-01,0,0,,0,0.00,0,0,,754.56,0.00,0.0
1223,2026-05-01,4,1,0.25,0,0.00,0,0,,370.31,0.00,0.0
1223,2026-06-01,3,2,0.6666666666666666,2,716.73,0,0,,1246.58,0.00,0.0
1224,2025-01-01,6,4,0.6666666666666666,3,778.40,3,0,0.0,854.53,0.00,0.0
1224,2025-02-01,4,3,0.75,1,375.48,1,0,0.0,1126.25,0.00,0.0
1224,2025-03-01,7,1,0.14285714285714285,2,477.10,2,1,0.5,1383.96,0.00,0.0
1224,2025-04-01,4,2,0.5,2,507.61,2,0,0.0,1705.56,0.00,0.0
1224,2025-05-01,4,1,0.25,1,645.14,1,0,0.0,2107.67,303.07,0.14379385767221622
1224,2025-06-01,6,1,0.16666666666666666,1,265.50,1,1,1.0,2035.68,216.69,0.10644600330110822
1224,2025-07-01,8,4,0.5,4,1562.79,4,0,0.0,3548.10,216.93,0.06113976494461825
1224,2025-08-01,5,2,0.4,2,226.47,2,0,0.0,3057.19,555.78,0.18179439289020308
1224,2025-09-01,9,2,0.2222222222222222,2,3164.73,2,0,0.0,6269.63,572.97,0.09138816804181427
1224,2025-10-01,7,2,0.2857142857142857,2,361.30,2,0,0.0,5278.37,576.17,0.10915680408914115
1224,2025-11-01,4,3,0.75,2,338.46,2,0,0.0,4800.52,590.18,0.12294084807479187
1224,2025-12-01,7,4,0.5714285714285714,3,1084.57,3,1,0.3333333333333333,4915.85,583.96,0.11879125685283318
1224,2026-01-01,12,9,0.75,8,1916.85,8,0,0.0,5784.76,566.19,0.09787614352194388
1224,2026-02-01,6,2,0.3333333333333333,2,503.73,2,0,0.0,4771.31,566.53,0.11873678297993631
1224,2026-03-01,3,2,0.6666666666666666,2,418.80,2,1,0.5,3614.09,557.96,0.1543846445439931
1224,2026-04-01,7,7,1.0,7,3062.27,7,2,0.2857142857142857,6785.70,794.07,0.11702108846544941
1224,2026-05-01,4,3,0.75,2,601.67,0,0,,6564.05,839.73,0.12792864161607545
1224,2026-06-01,6,3,0.5,4,896.07,0,0,,6099.35,735.86,0.12064564256847041
1225,2024-12-01,1,1,1.0,0,0.00,0,0,,0.00,0.00,
1225,2025-01-01,3,2,0.6666666666666666,3,1350.89,3,0,0.0,1240.93,0.00,0.0
1225,2025-02-01,8,6,0.75,3,784.51,3,0,0.0,1908.11,0.00,0.0
1225,2025-03-01,5,1,0.2,3,998.79,3,0,0.0,2044.44,0.00,0.0
1225,2025-04-01,11,8,0.7272727272727273,6,2019.10,6,1,0.16666666666666666,3653.56,0.00,0.0
1225,2025-05-01,10,7,0.7,5,1413.67,5,0,0.0,4098.34,40.22,0.009813729461196484
1225,2025-06-01,12,6,0.5,4,1236.94,4,0,0.0,4171.15,123.65,0.029644102945230934
1225,2025-07-01,13,8,0.6153846153846154,8,2260.32,8,0,0.0,5306.00,189.99,0.03580663399924614
1225,2025-08-01,7,3,0.42857142857142855,2,274.37,2,0,0.0,3951.49,125.79,0.03183356151730107
1225,2025-09-01,9,4,0.4444444444444444,3,357.88,3,1,0.3333333333333333,3296.07,230.17,0.06983164799291276
1225,2025-10-01,10,5,0.5,5,1937.09,5,0,0.0,4506.93,130.40,0.02893322061802602
1225,2025-11-01,9,5,0.5555555555555556,3,2348.05,3,0,0.0,6162.90,306.72,0.04976877768582973
1225,2025-12-01,8,5,0.625,6,2200.17,6,0,0.0,6402.44,132.16,0.020642130187865877
1225,2026-01-01,8,3,0.375,2,496.65,2,0,0.0,5809.49,441.62,0.07601699977106424
1225,2026-02-01,9,5,0.5555555555555556,6,2281.34,6,0,0.0,6467.57,128.22,0.01982506567381567
1225,2026-03-01,7,6,0.8571428571428571,6,1542.54,6,0,0.0,6182.21,493.04,0.0797514157558543
1225,2026-04-01,14,7,0.5,6,1973.85,6,1,0.16666666666666666,6600.16,1275.64,0.19327410244600132
1225,2026-05-01,5,3,0.6,2,438.18,0,0,,5592.98,1094.87,0.19575789650597714
1225,2026-06-01,8,4,0.5,4,1196.49,0,0,,4279.08,1016.78,0.2376164970040289
1226,2025-01-01,4,0,0.0,0,0.00,0,0,,0.00,0.00,
1226,2025-02-01,5,4,0.8,3,930.28,3,0,0.0,949.42,0.00,0.0
1226,2025-03-01,4,1,0.25,2,623.40,2,1,0.5,1128.52,0.00,0.0
1226,2025-04-01,4,2,0.5,2,553.06,2,0,0.0,1624.67,0.00,0.0
1226,2025-05-01,4,2,0.5,2,256.09,2,0,0.0,1205.56,0.00,0.0
1226,2025-06-01,2,1,0.5,0,0.00,0,0,,626.24,0.00,0.0
1226,2025-07-01,9,2,0.2222222222222222,2,464.15,2,0,0.0,827.57,0.00,0.0
1226,2025-08-01,2,2,1.0,2,1085.95,2,0,0.0,1641.09,0.00,0.0
1226,2025-09-01,8,4,0.5,4,620.82,4,1,0.25,1986.10,0.00,0.0
1226,2025-10-01,2,2,1.0,2,509.50,2,0,0.0,1994.95,0.00,0.0
1226,2025-11-01,3,2,0.6666666666666666,2,337.68,2,0,0.0,2039.65,199.48,0.09780109332483514
1226,2025-12-01,10,8,0.8,7,2846.98,7,0,0.0,4767.00,164.47,0.03450178309209146
1226,2026-01-01,4,2,0.5,2,326.03,2,2,1.0,3530.32,0.00,0.0
1226,2026-02-01,4,2,0.5,2,918.33,2,0,0.0,3166.65,0.00,0.0
1226,2026-03-01,4,2,0.5,1,192.38,1,0,0.0,2526.39,342.29,0.1354858117709459
1226,2026-04-01,3,1,0.3333333333333333,0,0.00,0,0,,1849.36,147.54,0.07977895055586798
1226,2026-05-01,4,4,1.0,4,1936.55,0,0,,3719.17,222.82,0.05991121674997378
1226,2026-06-01,9,4,0.4444444444444444,4,1015.83,0,0,,4157.11,153.30,0.03687658012417281
1227,2025-01-01,1,0,0.0,0,0.00,0,0,,0.00,0.00,
1227,2025-03-01,1,1,1.0,1,212.26,1,0,0.0,228.21,0.00,0.0
1227,2025-04-01,1,1,1.0,1,218.45,1,0,0.0,443.35,0.00,0.0
1227,2025-05-01,0,0,,0,0.00,0,0,,350.40,0.00,0.0
1227,2025-06-01,0,0,,0,0.00,0,0,,291.01,0.00,0.0
1227,2025-07-01,2,2,1.0,2,936.26,2,0,0.0,1028.33,0.00,0.0
1227,2025-08-01,0,0,,0,0.00,0,0,,808.31,0.00,0.0
1227,2025-09-01,0,0,,0,0.00,0,0,,833.31,201.90,0.24228678402995285
1227,2025-10-01,2,1,0.5,1,155.01,1,0,0.0,916.82,203.02,0.2214393228769006
1227,2025-11-01,0,0,,0,0.00,0,0,,894.26,611.82,0.6841634423993023
1227,2025-12-01,0,0,,0,0.00,0,0,,791.66,605.37,0.7646843341838668
1227,2026-01-01,0,0,,0,0.00,0,0,,629.96,586.95,0.9317258238618326
1227,2026-02-01,0,0,,0,0.00,0,0,,630.34,587.30,0.9317193895358059
1227,2026-03-01,2,1,0.5,1,281.45,1,0,0.0,885.33,578.42,0.6533383032315633
1227,2026-04-01,1,0,0.0,0,0.00,0,0,,795.24,587.43,0.7386826618379356
1227,2026-05-01,0,0,,0,0.00,0,0,,827.17,611.03,0.738699420917103
1227,2026-06-01,0,0,,0,0.00,0,0,,653.55,610.36,0.9339147731619617
1228,2024-12-01,1,0,0.0,0,0.00,0,0,,0.00,0.00,
1228,2025-01-01,4,2,0.5,1,108.62,1,0,0.0,120.16,0.00,0.0
1228,2025-02-01,5,3,0.6,3,562.56,3,1,0.3333333333333333,695.47,0.00,0.0
1228,2025-03-01,11,7,0.6363636363636364,8,1808.52,8,1,0.125,2564.13,0.00,0.0
1228,2025-04-01,4,3,0.75,2,342.11,2,0,0.0,2359.34,0.00,0.0
1228,2025-05-01,4,2,0.5,3,1390.63,3,0,0.0,3216.91,219.88,0.06835130606700218
1228,2025-06-01,7,5,0.7142857142857143,3,861.79,3,0,0.0,3210.96,217.58,0.06776166629294667
1228,2025-07-01,6,5,0.8333333333333334,2,379.60,2,0,0.0,2602.24,408.04,0.15680336940482048
1228,2025-08-01,6,4,0.6666666666666666,6,1928.32,6,0,0.0,3866.50,414.63,0.10723651881546618
1228,2025-09-01,3,2,0.6666666666666666,2,966.20,2,0,0.0,4026.48,427.46,0.10616220619498917
1228,2025-10-01,8,6,0.75,3,750.91,3,0,0.0,3825.16,429.84,0.11237177006974872
1228,2025-11-01,3,1,0.3333333333333333,2,486.90,2,0,0.0,3298.34,657.62,0.19937908159862233
1228,2025-12-01,6,3,0.5,3,739.35,3,0,0.0,2993.44,619.96,0.207106205569512
1228,2026-01-01,5,3,0.6,2,644.01,2,0,0.0,2594.46,571.30,0.22019996453982715
1228,2026-02-01,6,2,0.3333333333333333,3,923.67,3,0,0.0,2672.40,571.64,0.21390510402634336
1228,2026-03-01,6,6,1.0,5,2023.17,5,0,0.0,3880.70,563.00,0.14507691911253126
1228,2026-04-01,0,0,,0,0.00,0,0,,3264.51,571.77,0.1751472655926923
1228,2026-05-01,3,1,0.3333333333333333,0,0.00,0,0,,2596.04,594.73,0.22909123125991895
1228,2026-06-01,3,1,0.3333333333333333,1,354.42,0,0,,2712.77,1041.70,0.38399864345300194
1229,2025-01-01,3,2,0.6666666666666666,1,119.76,1,0,0.0,129.27,0.00,0.0
1229,2025-02-01,3,2,0.6666666666666666,2,1032.46,2,0,0.0,1304.07,0.00,0.0
1229,2025-03-01,8,4,0.5,3,1130.37,3,0,0.0,2148.34,0.00,0.0
1229,2025-04-01,4,4,1.0,3,445.77,3,1,0.3333333333333333,1979.29,0.00,0.0
1229,2025-05-01,7,4,0.5714285714285714,5,1286.66,5,0,0.0,2410.08,0.00,0.0
1229,2025-06-01,2,0,0.0,0,0.00,0,0,,1691.00,0.00,0.0
1229,2025-07-01,1,1,1.0,1,197.87,1,0,0.0,1470.76,0.00,0.0
1229,2025-08-01,4,4,1.0,4,801.06,4,0,0.0,1845.13,384.31,0.20828342718399245
1229,2025-09-01,8,6,0.75,4,779.64,4,0,0.0,2281.24,0.00,0.0
1229,2025-10-01,5,3,0.6,4,1342.39,4,0,0.0,3016.49,0.00,0.0
1229,2025-11-01,5,5,1.0,4,1341.03,4,0,0.0,3757.66,0.00,0.0
1229,2025-12-01,6,3,0.5,2,633.43,2,0,0.0,3770.67,0.00,0.0
1229,2026-01-01,4,3,0.75,4,1812.66,4,0,0.0,4518.48,0.00,0.0
1229,2026-02-01,7,3,0.42857142857142855,1,489.70,1,0,0.0,3896.31,0.00,0.0
1229,2026-03-01,4,2,0.5,3,1017.65,3,1,0.3333333333333333,3939.62,0.00,0.0
1229,2026-04-01,6,5,0.8333333333333334,4,1412.63,4,0,0.0,4248.27,0.00,0.0
1229,2026-05-01,0,0,,0,0.00,0,0,,3056.72,320.30,0.10478552173571673
1229,2026-06-01,5,2,0.4,2,725.37,0,0,,2867.83,230.26,0.08029067273862119
1230,2025-05-01,1,1,1.0,1,68.55,1,0,0.0,74.95,0.00,0.0
1230,2025-06-01,0,0,,0,0.00,0,0,,61.80,0.00,0.0
1230,2025-07-01,0,0,,0,0.00,0,0,,49.49,0.00,0.0
1230,2025-08-01,0,0,,0,0.00,0,0,,37.70,0.00,0.0
1230,2025-09-01,3,1,0.3333333333333333,1,364.12,1,0,0.0,447.69,0.00,0.0
1230,2025-10-01,1,0,0.0,0,0.00,0,0,,154.36,0.00,0.0
1230,2025-11-01,0,0,,0,0.00,0,0,,144.80,0.00,0.0
1230,2025-12-01,0,0,,0,0.00,0,0,,0.00,0.00,
1230,2026-01-01,0,0,,0,0.00,0,0,,0.00,0.00,
1230,2026-02-01,1,1,1.0,0,0.00,0,0,,0.00,0.00,
1230,2026-03-01,1,1,1.0,1,253.35,1,0,0.0,283.66,0.00,0.0
1230,2026-04-01,1,0,0.0,0,0.00,0,0,,240.06,0.00,0.0
1230,2026-05-01,0,0,,0,0.00,0,0,,199.76,0.00,0.0
1230,2026-06-01,1,1,1.0,1,86.58,0,0,,246.66,0.00,0.0
1231,2025-01-01,1,0,0.0,0,0.00,0,0,,0.00,0.00,
1231,2025-03-01,2,2,1.0,2,1001.27,2,2,1.0,1095.25,0.00,0.0
1231,2025-04-01,1,1,1.0,1,238.05,1,0,0.0,1364.57,0.00,0.0
1231,2025-05-01,2,2,1.0,0,0.00,0,0,,864.33,157.55,0.18227991623569703
1231,2025-06-01,2,0,0.0,1,179.35,1,0,0.0,588.24,0.00,0.0
1231,2025-07-01,0,0,,0,0.00,0,0,,209.88,0.00,0.0
1231,2025-08-01,2,1,0.5,0,0.00,0,0,,113.51,0.00,0.0
1231,2025-09-01,1,0,0.0,1,132.37,1,0,0.0,152.27,0.00,0.0
1231,2025-10-01,0,0,,0,0.00,0,0,,91.20,0.00,0.0
1231,2025-11-01,1,1,1.0,1,333.52,1,0,0.0,426.03,0.00,0.0
1231,2025-12-01,1,0,0.0,0,0.00,0,0,,280.56,0.00,0.0
1231,2026-01-01,0,0,,0,0.00,0,0,,186.28,0.00,0.0
1231,2026-02-01,1,1,1.0,0,0.00,0,0,,90.98,0.00,0.0
1231,2026-03-01,1,1,1.0,0,0.00,0,0,,0.00,0.00,
1231,2026-04-01,1,0,0.0,0,0.00,0,0,,0.00,0.00,
1231,2026-05-01,1,1,1.0,1,776.40,0,0,,815.14,0.00,0.0
1231,2026-06-01,0,0,,0,0.00,0,0,,552.72,0.00,0.0
1232,2025-05-01,1,1,1.0,1,344.16,1,0,0.0,399.56,0.00,0.0
1232,2025-06-01,0,0,,0,0.00,0,0,,329.49,0.00,0.0
1232,2025-07-01,1,1,1.0,1,730.27,1,0,0.0,1072.34,0.00,0.0
1232,2025-08-01,3,2,0.6666666666666666,1,235.08,1,0,0.0,1002.92,0.00,0.0
1232,2025-09-01,1,0,0.0,0,0.00,0,0,,507.85,0.00,0.0
1232,2025-10-01,0,0,,0,0.00,0,0,,157.32,0.00,0.0
1232,2025-11-01,1,1,1.0,1,416.90,1,0,0.0,453.19,0.00,0.0
1232,2025-12-01,0,0,,0,0.00,0,0,,336.30,0.00,0.0
1232,2026-01-01,0,0,,0,0.00,0,0,,326.07,0.00,0.0
1232,2026-02-01,1,1,1.0,1,777.29,1,0,0.0,1031.26,0.00,0.0
1232,2026-03-01,1,0,0.0,0,0.00,0,0,,864.23,0.00,0.0
1232,2026-04-01,1,1,1.0,1,249.33,1,0,0.0,898.13,0.00,0.0
1232,2026-05-01,0,0,,0,0.00,0,0,,860.61,0.00,0.0
1232,2026-06-01,0,0,,0,0.00,0,0,,466.58,0.00,0.0
1233,2025-01-01,1,1,1.0,0,0.00,0,0,,0.00,0.00,
1233,2025-02-01,1,1,1.0,1,125.17,1,0,0.0,90.89,0.00,0.0
1233,2025-03-01,2,1,0.5,1,218.49,1,1,1.0,285.63,0.00,0.0
1233,2025-04-01,0,0,,0,0.00,0,0,,291.80,0.00,0.0
1233,2025-05-01,1,1,1.0,1,631.38,1,0,0.0,890.99,238.06,0.2671859392361306
1233,2025-06-01,0,0,,0,0.00,0,0,,666.33,235.58,0.35354854201371694
1233,2025-07-01,0,0,,0,0.00,0,0,,451.47,235.84,0.5223824395862405
1233,2025-08-01,0,0,,0,0.00,0,0,,239.65,239.65,1.0
1233,2025-09-01,0,0,,0,0.00,0,0,,247.06,247.06,1.0
1233,2025-10-01,0,0,,0,0.00,0,0,,248.44,248.44,1.0
1233,2025-11-01,0,0,,0,0.00,0,0,,254.48,254.48,1.0
1233,2025-12-01,0,0,,0,0.00,0,0,,251.80,251.80,1.0
1233,2026-01-01,0,0,,0,0.00,0,0,,244.14,244.14,1.0
1233,2026-02-01,0,0,,0,0.00,0,0,,244.28,244.28,1.0
1233,2026-03-01,1,0,0.0,0,0.00,0,0,,240.59,240.59,1.0
1233,2026-04-01,0,0,,0,0.00,0,0,,244.34,244.34,1.0
1233,2026-05-01,3,1,0.3333333333333333,1,417.26,0,0,,725.59,254.15,0.350266679529762
1233,2026-06-01,1,1,1.0,1,123.01,0,0,,877.88,253.88,0.2891967011436643
1234,2025-03-01,1,0,0.0,0,0.00,0,0,,0.00,0.00,
1234,2025-04-01,1,1,1.0,1,689.22,1,0,0.0,782.62,0.00,0.0
1234,2025-05-01,0,0,,0,0.00,0,0,,504.09,0.00,0.0
1234,2025-06-01,0,0,,0,0.00,0,0,,249.42,0.00,0.0
1234,2025-07-01,1,0,0.0,0,0.00,0,0,,0.00,0.00,
1234,2025-08-01,3,2,0.6666666666666666,2,194.97,2,0,0.0,219.34,0.00,0.0
1234,2025-09-01,0,0,,0,0.00,0,0,,169.61,0.00,0.0
1234,2025-10-01,1,1,1.0,0,0.00,0,0,,113.72,0.00,0.0
1234,2025-11-01,1,0,0.0,0,0.00,0,0,,58.26,0.00,0.0
1234,2025-12-01,1,1,1.0,1,47.93,1,0,0.0,57.53,0.00,0.0
1234,2026-01-01,2,1,0.5,0,0.00,0,0,,55.78,0.00,0.0
1234,2026-02-01,2,1,0.5,1,275.72,1,0,0.0,405.22,0.00,0.0
1234,2026-03-01,1,1,1.0,1,111.22,1,0,0.0,456.19,0.00,0.0
1234,2026-04-01,0,0,,0,0.00,0,0,,431.71,0.00,0.0
1234,2026-05-01,1,0,0.0,0,0.00,0,0,,312.27,0.00,0.0
1234,2026-06-01,2,1,0.5,0,0.00,0,0,,307.10,0.00,0.0
1235,2025-01-01,2,1,0.5,0,0.00,0,0,,0.00,0.00,
1235,2025-02-01,3,2,0.6666666666666666,3,316.04,3,1,0.3333333333333333,330.49,0.00,0.0
1235,2025-03-01,2,1,0.5,1,336.51,1,0,0.0,642.74,0.00,0.0
1235,2025-04-01,6,4,0.6666666666666666,3,997.45,3,0,0.0,1635.71,0.00,0.0
1235,2025-05-01,1,0,0.0,1,210.95,1,0,0.0,1342.45,98.20,0.07314983798279265
1235,2025-06-01,2,0,0.0,0,0.00,0,0,,900.48,0.00,0.0
1235,2025-07-01,1,1,1.0,1,360.44,1,0,0.0,967.51,0.00,0.0
1235,2025-08-01,3,2,0.6666666666666666,1,201.02,1,0,0.0,935.72,0.00,0.0
1235,2025-09-01,1,0,0.0,1,278.59,1,0,0.0,882.52,0.00,0.0
1235,2025-10-01,2,1,0.5,1,238.03,1,0,0.0,805.33,0.00,0.0
1235,2025-11-01,1,0,0.0,0,0.00,0,0,,460.84,0.00,0.0
1235,2025-12-01,3,1,0.3333333333333333,0,0.00,0,0,,220.99,0.00,0.0
1235,2026-01-01,2,1,0.5,1,645.15,1,0,0.0,853.70,110.93,0.12994026004451212
1235,2026-02-01,2,1,0.5,0,0.00,0,0,,520.95,77.39,0.14855552356272195
1235,2026-03-01,1,0,0.0,0,0.00,0,0,,224.09,0.00,0.0
1235,2026-04-01,1,1,1.0,0,0.00,0,0,,0.00,0.00,
1235,2026-05-01,3,1,0.3333333333333333,2,797.97,0,0,,865.44,0.00,0.0
1235,2026-06-01,1,1,1.0,0,0.00,0,0,,646.29,0.00,0.0
1236,2025-01-01,3,2,0.6666666666666666,1,493.94,1,0,0.0,515.88,0.00,0.0
1236,2025-02-01,4,3,0.75,3,598.81,3,2,0.6666666666666666,1002.40,0.00,0.0
1236,2025-03-01,3,1,0.3333333333333333,1,140.53,1,0,0.0,923.92,0.00,0.0
1236,2025-04-01,2,2,1.0,1,385.76,1,0,0.0,1075.86,440.09,0.40905879947205026
1236,2025-05-01,1,1,1.0,2,353.24,2,0,0.0,1089.96,216.08,0.1982458071855848
1236,2025-06-01,4,2,0.5,1,243.18,1,0,0.0,1105.35,228.65,0.20685755643009004
1236,2025-07-01,4,3,0.75,2,327.74,2,0,0.0,1270.12,241.13,0.1898482033193714
1236,2025-08-01,5,3,0.6,4,1456.63,4,0,0.0,2344.57,382.78,0.16326234661366473
1236,2025-09-01,5,3,0.6,3,1420.29,3,0,0.0,3282.88,239.85,0.07306084901062482
1236,2025-10-01,2,1,0.5,1,628.81,1,0,0.0,2734.40,227.70,0.08327238150965476
1236,2025-11-01,3,1,0.3333333333333333,1,371.94,1,0,0.0,2384.21,227.93,0.09559980035315681
1236,2025-12-01,3,3,1.0,3,1626.40,3,2,0.6666666666666666,2990.90,224.15,0.0749439967902638
1236,2026-01-01,6,4,0.6666666666666666,3,901.25,3,0,0.0,3110.85,223.24,0.07176173714579617
1236,2026-02-01,3,2,0.6666666666666666,2,303.90,2,0,0.0,2824.33,758.32,0.2684955369946147
1236,2026-03-01,3,2,0.6666666666666666,1,106.00,1,0,0.0,1308.92,220.33,0.168329615255325
1236,2026-04-01,4,1,0.25,1,105.56,1,0,0.0,1096.90,218.36,0.19907010666423558
1236,2026-05-01,3,1,0.3333333333333333,0,0.00,0,0,,902.04,393.73,0.43648840406190414
1236,2026-06-01,2,2,1.0,3,988.01,0,0,,1760.45,400.47,0.22748160981567214
1237,2025-01-01,12,9,0.75,9,2368.21,9,0,0.0,2641.71,0.00,0.0
1237,2025-02-01,10,3,0.3,3,810.88,3,1,0.3333333333333333,3167.33,0.00,0.0
1237,2025-03-01,16,11,0.6875,6,1607.31,6,0,0.0,4116.65,0.00,0.0
1237,2025-04-01,16,8,0.5,6,2034.55,6,0,0.0,5148.83,278.70,0.054128802077365146
1237,2025-05-01,11,8,0.7272727272727273,8,1094.49,8,0,0.0,4607.36,36.14,0.007843971384914572
1237,2025-06-01,13,7,0.5384615384615384,7,1767.80,7,1,0.14285714285714285,5539.97,17.52,0.0031624719989458423
1237,2025-07-01,9,7,0.7777777777777778,4,808.37,4,0,0.0,5221.89,796.84,0.1525960906874714
1237,2025-08-01,14,11,0.7857142857142857,9,2456.36,9,0,0.0,6004.56,64.12,0.01067855096793104
1237,2025-09-01,13,10,0.7692307692307693,9,2001.67,9,1,0.1111111111111111,6754.26,416.22,0.06162333105329081
1237,2025-10-01,10,3,0.3,4,2904.37,4,1,0.25,7616.07,42.49,0.005578992840139337
1237,2025-11-01,9,7,0.7777777777777778,6,2968.22,6,2,0.3333333333333333,8659.09,268.57,0.031015961261518243
1237,2025-12-01,6,3,0.5,3,1483.44,3,0,0.0,7491.46,296.01,0.03951299212703532
1237,2026-01-01,14,10,0.7142857142857143,7,811.75,7,1,0.14285714285714285,5736.10,1467.54,0.2558428200345182
1237,2026-02-01,10,4,0.4,5,2294.40,5,0,0.0,6204.67,173.07,0.02789350602046523
1237,2026-03-01,5,4,0.8,3,1712.37,3,0,0.0,6068.77,1323.13,0.2180227624378581
1237,2026-04-01,14,7,0.5,7,2243.23,7,1,0.14285714285714285,7202.96,1589.67,0.2206967691060342
1237,2026-05-01,12,9,0.75,8,1628.62,0,0,,7378.47,1510.36,0.20469826400324184
1237,2026-06-01,9,7,0.7777777777777778,8,2370.13,0,0,,8366.36,2552.33,0.3050705444183611
1238,2025-01-01,1,0,0.0,0,0.00,0,0,,0.00,0.00,
1238,2025-02-01,2,1,0.5,1,286.33,1,0,0.0,340.48,0.00,0.0
1238,2025-03-01,1,1,1.0,1,1002.02,1,0,0.0,1378.21,0.00,0.0
1238,2025-04-01,3,2,0.6666666666666666,2,262.68,2,0,0.0,1643.26,0.00,0.0
1238,2025-05-01,4,3,0.75,2,647.42,2,0,0.0,1496.70,0.00,0.0
1238,2025-06-01,1,0,0.0,0,0.00,0,0,,1119.37,0.00,0.0
1238,2025-07-01,5,4,0.8,4,2335.96,4,1,0.25,2891.83,0.00,0.0
1238,2025-08-01,1,1,1.0,1,154.86,1,1,1.0,2089.28,0.00,0.0
1238,2025-09-01,1,1,1.0,0,0.00,0,0,,1231.58,0.00,0.0
1238,2025-10-01,1,1,1.0,2,339.05,2,1,0.5,586.85,171.35,0.2919826190679049
1238,2025-11-01,3,2,0.6666666666666666,1,464.97,1,0,0.0,880.41,0.00,0.0
1238,2025-12-01,2,1,0.5,1,373.86,1,0,0.0,1208.90,325.74,0.2694515675407395
1238,2026-01-01,3,2,0.6666666666666666,1,215.50,1,0,0.0,1023.06,259.70,0.25384630422458115
1238,2026-02-01,1,1,1.0,1,92.26,1,0,0.0,908.41,259.85,0.2860492508889158
1238,2026-03-01,2,1,0.5,1,545.18,1,0,0.0,1366.49,255.92,0.18728274630622982
1238,2026-04-01,1,1,1.0,1,1528.59,1,0,0.0,2877.85,259.91,0.09031394964991227
1238,2026-05-01,2,1,0.5,1,684.87,0,0,,3071.27,270.35,0.08802547480358289
1238,2026-06-01,0,0,,0,0.00,0,0,,2166.86,270.06,0.12463195591777963
1239,2025-01-01,1,1,1.0,0,0.00,0,0,,0.00,0.00,
1239,2025-02-01,0,0,,1,390.20,1,0,0.0,332.75,0.00,0.0
1239,2025-03-01,0,0,,0,0.00,0,0,,271.23,0.00,0.0
1239,2025-04-01,0,0,,0,0.00,0,0,,0.00,0.00,
1239,2025-05-01,2,1,0.5,1,105.24,1,0,0.0,113.36,0.00,0.0
1239,2025-06-01,0,0,,0,0.00,0,0,,74.78,0.00,0.0
1239,2025-07-01,0,0,,0,0.00,0,0,,37.42,0.00,0.0
1239,2025-08-01,0,0,,0,0.00,0,0,,0.00,0.00,
1239,2025-09-01,0,0,,0,0.00,0,0,,0.00,0.00,
1239,2025-10-01,2,1,0.5,1,131.72,1,0,0.0,148.29,0.00,0.0
1239,2025-11-01,2,2,1.0,1,139.08,1,0,0.0,278.71,0.00,0.0
1239,2025-12-01,0,0,,1,181.38,1,1,1.0,406.05,0.00,0.0
1239,2026-01-01,1,0,0.0,0,0.00,0,0,,330.90,0.00,0.0
1239,2026-02-01,1,1,1.0,1,110.14,1,1,1.0,260.79,0.00,0.0
1239,2026-03-01,0,0,,0,0.00,0,0,,212.24,0.00,0.0
1239,2026-04-01,0,0,,0,0.00,0,0,,103.36,0.00,0.0
1239,2026-05-01,1,0,0.0,0,0.00,0,0,,0.00,0.00,
1239,2026-06-01,1,0,0.0,0,0.00,0,0,,0.00,0.00,
1240,2025-01-01,1,1,1.0,0,0.00,0,0,,0.00,0.00,
1240,2025-04-01,1,0,0.0,0,0.00,0,0,,0.00,0.00,
1240,2025-06-01,1,0,0.0,0,0.00,0,0,,0.00,0.00,
1240,2025-09-01,2,1,0.5,1,163.17,1,0,0.0,172.92,0.00,0.0
1240,2025-10-01,0,0,,0,0.00,0,0,,57.95,0.00,0.0
1240,2025-11-01,0,0,,0,0.00,0,0,,59.35,0.00,0.0
1240,2025-12-01,0,0,,0,0.00,0,0,,0.00,0.00,
1240,2026-01-01,0,0,,0,0.00,0,0,,0.00,0.00,
1240,2026-02-01,0,0,,0,0.00,0,0,,0.00,0.00,
1240,2026-03-01,1,0,0.0,0,0.00,0,0,,0.00,0.00,
1240,2026-04-01,1,1,1.0,0,0.00,0,0,,0.00,0.00,
1240,2026-05-01,0,0,,1,300.51,0,0,,326.68,0.00,0.0
1240,2026-06-01,1,1,1.0,0,0.00,0,0,,108.79,0.00,0.0
1241,2025-01-01,1,1,1.0,0,0.00,0,0,,0.00,0.00,
1241,2025-03-01,2,2,1.0,2,214.74,2,1,0.5,230.78,0.00,0.0
1241,2025-04-01,2,2,1.0,1,541.34,1,1,1.0,769.67,0.00,0.0
1241,2025-05-01,2,1,0.5,1,94.63,1,0,0.0,772.10,0.00,0.0
1241,2025-06-01,4,2,0.5,1,840.16,1,0,0.0,1601.19,597.71,0.37329111473341703
1241,2025-07-01,2,0,0.0,1,125.07,1,0,0.0,1567.40,630.32,0.4021436774275871
1241,2025-08-01,1,1,1.0,1,199.01,1,0,0.0,1495.39,633.21,0.42344137649710106
1241,2025-09-01,1,0,0.0,0,0.00,0,0,,1166.59,626.98,0.5374467465004844
1241,2025-10-01,0,0,,0,0.00,0,0,,870.35,595.22,0.6838857930717528
1241,2025-11-01,1,0,0.0,0,0.00,0,0,,743.86,595.81,0.8009706127497109
1241,2025-12-01,2,1,0.5,1,357.56,1,0,0.0,1051.13,585.93,0.5574286720006087
1241,2026-01-01,1,0,0.0,0,0.00,0,0,,982.18,583.56,0.5941477122319737
1241,2026-02-01,3,1,0.3333333333333333,0,0.00,0,0,,883.96,570.02,0.6448481831757092
1241,2026-03-01,1,0,0.0,0,0.00,0,0,,816.96,575.96,0.7050039169604387
1241,2026-04-01,1,1,1.0,1,136.66,1,0,0.0,880.70,570.80,0.6481208129896672
1241,2026-05-01,2,1,0.5,0,0.00,0,0,,741.93,565.44,0.7621204156726377
1241,2026-06-01,1,1,1.0,1,179.47,0,0,,801.74,575.12,0.717339785965525
1242,2025-01-01,9,5,0.5555555555555556,4,770.29,4,0,0.0,900.95,0.00,0.0
1242,2025-02-01,5,4,0.8,3,749.38,3,0,0.0,1583.70,0.00,0.0
1242,2025-03-01,4,2,0.5,3,1089.71,3,0,0.0,2321.60,0.00,0.0
1242,2025-04-01,6,4,0.6666666666666666,2,206.19,2,0,0.0,2299.01,490.42,0.21331790640319093
1242,2025-05-01,9,3,0.3333333333333333,2,630.18,2,0,0.0,2064.53,194.24,0.09408436787065337
1242,2025-06-01,6,3,0.5,2,243.14,2,1,0.5,1642.00,241.25,0.14692448233861144
1242,2025-07-01,4,1,0.25,1,392.75,1,1,1.0,1824.11,526.78,0.28878740865408337
1242,2025-08-01,7,4,0.5714285714285714,3,741.96,3,0,0.0,2243.42,888.28,0.39594904208752707
1242,2025-09-01,5,3,0.6,1,353.89,1,0,0.0,2148.02,703.45,0.3274876397798903
1242,2025-10-01,7,5,0.7142857142857143,4,1416.62,4,0,0.0,2910.25,309.38,0.10630701829739712
1242,2025-11-01,6,6,1.0,5,2278.89,5,1,0.2,4707.99,260.61,0.05535483295419065
1242,2025-12-01,4,2,0.5,2,311.53,2,1,0.5,3966.80,304.90,0.07686296258949278
1242,2026-01-01,2,2,1.0,2,659.25,2,0,0.0,3363.86,706.52,0.21003252216204002
1242,2026-02-01,3,2,0.6666666666666666,1,631.73,1,0,0.0,3350.77,757.32,0.22601372221907204
1242,2026-03-01,3,3,1.0,3,1129.17,3,0,0.0,3771.42,745.87,0.19776901008108352
1242,2026-04-01,3,2,0.6666666666666666,3,451.06,3,1,0.3333333333333333,3139.18,814.74,0.2595391153103677
1242,2026-05-01,4,2,0.5,1,430.51,0,0,,2791.61,787.91,0.282242147004775
1242,2026-06-01,2,2,1.0,3,1383.26,0,0,,3866.87,1013.96,0.26221724547243636
1243,2025-01-01,1,1,1.0,0,0.00,0,0,,0.00,0.00,
1243,2025-02-01,0,0,,1,777.79,1,0,0.0,633.29,0.00,0.0
1243,2025-03-01,3,3,1.0,2,469.18,2,0,0.0,920.87,0.00,0.0
1243,2025-04-01,1,0,0.0,0,0.00,0,0,,795.74,0.00,0.0
1243,2025-05-01,2,2,1.0,1,430.45,1,0,0.0,771.81,0.00,0.0
1243,2025-06-01,0,0,,1,711.63,1,0,0.0,1376.82,223.79,0.16254121816940487
1243,2025-07-01,0,0,,0,0.00,0,0,,686.69,224.04,0.3262607581295781
1243,2025-08-01,1,1,1.0,1,385.13,1,0,0.0,963.37,227.66,0.23631626477884923
1243,2025-09-01,0,0,,0,0.00,0,0,,620.19,234.70,0.3784324158725551
1243,2025-10-01,1,0,0.0,0,0.00,0,0,,546.13,236.01,0.4321498544302638
1243,2025-11-01,0,0,,0,0.00,0,0,,480.01,241.75,0.5036353409303973
1243,2025-12-01,0,0,,0,0.00,0,0,,396.39,239.20,0.6034461010620853
1243,2026-01-01,1,1,1.0,1,292.49,1,0,0.0,647.07,231.92,0.35841562736643634
1243,2026-02-01,1,1,1.0,1,1010.91,1,0,0.0,1581.89,232.06,0.1466979372775604
1243,2026-03-01,1,0,0.0,0,0.00,0,0,,1114.83,228.55,0.2050088354278231
1243,2026-04-01,0,0,,0,0.00,0,0,,682.14,232.11,0.3402673937901311
1243,2026-05-01,2,1,0.5,0,0.00,0,0,,241.44,241.44,1.0
1243,2026-06-01,2,0,0.0,0,0.00,0,0,,241.17,241.17,1.0
1244,2025-03-01,1,1,1.0,1,94.99,1,0,0.0,106.85,0.00,0.0
1244,2025-04-01,0,0,,0,0.00,0,0,,72.11,0.00,0.0
1244,2025-05-01,2,2,1.0,2,261.69,2,0,0.0,336.27,0.00,0.0
1244,2025-06-01,1,1,1.0,1,577.49,1,0,0.0,952.35,0.00,0.0
1244,2025-07-01,1,0,0.0,0,0.00,0,0,,892.03,0.00,0.0
1244,2025-08-01,1,0,0.0,0,0.00,0,0,,671.54,0.00,0.0
1244,2025-09-01,0,0,,0,0.00,0,0,,531.04,0.00,0.0
1244,2025-10-01,1,0,0.0,0,0.00,0,0,,378.02,0.00,0.0
1244,2025-11-01,0,0,,0,0.00,0,0,,273.15,167.90,0.6146805784367564
1244,2025-12-01,0,0,,0,0.00,0,0,,268.62,165.11,0.6146601146601147
1244,2026-01-01,1,1,1.0,1,129.99,1,0,0.0,306.88,164.45,0.5358772158498436
1244,2026-02-01,0,0,,0,0.00,0,0,,299.76,160.63,0.5358620229516947
1244,2026-03-01,1,1,1.0,1,369.82,1,0,0.0,606.98,162.30,0.26738937032521665
1244,2026-04-01,1,1,1.0,1,1921.42,1,1,1.0,2770.32,160.85,0.05806188454763348
1244,2026-05-01,0,0,,0,0.00,0,0,,2698.30,159.34,0.05905199570099692
1244,2026-06-01,0,0,,0,0.00,0,0,,1784.36,162.07,0.09082808401891995
1245,2025-02-01,4,2,0.5,1,2438.65,1,0,0.0,2607.97,0.00,0.0
1245,2025-03-01,0,0,,1,256.64,1,0,0.0,2112.22,0.00,0.0
1245,2025-04-01,0,0,,0,0.00,0,0,,1215.72,0.00,0.0
1245,2025-05-01,0,0,,0,0.00,0,0,,284.36,0.00,0.0
1245,2025-06-01,1,1,1.0,1,456.13,1,0,0.0,769.58,0.00,0.0
1245,2025-07-01,1,1,1.0,1,162.61,1,0,0.0,857.20,0.00,0.0
1245,2025-08-01,0,0,,0,0.00,0,0,,521.54,0.00,0.0
1245,2025-09-01,0,0,,0,0.00,0,0,,249.92,0.00,0.0
1245,2025-10-01,0,0,,0,0.00,0,0,,149.82,0.00,0.0
1245,2025-11-01,0,0,,0,0.00,0,0,,119.97,0.00,0.0
1245,2025-12-01,0,0,,0,0.00,0,0,,88.49,0.00,0.0
1245,2026-01-01,0,0,,0,0.00,0,0,,58.75,0.00,0.0
1245,2026-02-01,1,1,1.0,1,770.80,1,0,0.0,858.99,0.00,0.0
1245,2026-03-01,0,0,,0,0.00,0,0,,559.31,0.00,0.0
1245,2026-04-01,1,0,0.0,0,0.00,0,0,,277.15,0.00,0.0
1245,2026-05-01,0,0,,0,0.00,0,0,,0.00,0.00,
1245,2026-06-01,1,0,0.0,0,0.00,0,0,,0.00,0.00,
1246,2025-01-01,6,4,0.6666666666666666,3,958.47,3,0,0.0,1024.62,0.00,0.0
1246,2025-02-01,4,2,0.5,2,382.03,2,0,0.0,1301.24,0.00,0.0
1246,2025-03-01,4,1,0.25,1,382.83,1,0,0.0,1403.76,0.00,0.0
1246,2025-04-01,3,0,0.0,0,0.00,0,0,,1187.15,0.00,0.0
1246,2025-05-01,3,1,0.3333333333333333,1,270.38,1,0,0.0,1197.41,0.00,0.0
1246,2025-06-01,2,2,1.0,1,228.79,1,0,0.0,1207.02,0.00,0.0
1246,2025-07-01,4,2,0.5,2,804.92,2,0,0.0,1662.88,0.00,0.0
1246,2025-08-01,0,0,,0,0.00,0,0,,906.45,0.00,0.0
1246,2025-09-01,0,0,,0,0.00,0,0,,721.34,0.00,0.0
1246,2025-10-01,6,4,0.6666666666666666,2,199.72,2,0,0.0,542.54,0.00,0.0
1246,2025-11-01,1,0,0.0,1,505.58,1,0,0.0,895.69,0.00,0.0
1246,2025-12-01,2,2,1.0,2,455.03,2,0,0.0,1126.15,0.00,0.0
1246,2026-01-01,4,3,0.75,3,816.01,3,0,0.0,1523.64,0.00,0.0
1246,2026-02-01,2,2,1.0,1,422.12,1,0,0.0,1321.15,0.00,0.0
1246,2026-03-01,3,1,0.3333333333333333,2,485.92,2,1,0.5,1269.80,0.00,0.0
1246,2026-04-01,5,2,0.4,0,0.00,0,0,,849.22,0.00,0.0
1246,2026-05-01,2,0,0.0,1,223.32,0,0,,773.53,0.00,0.0
1246,2026-06-01,0,0,,0,0.00,0,0,,555.17,59.63,0.10740854152782033
1247,2024-12-01,1,0,0.0,0,0.00,0,0,,0.00,0.00,
1247,2025-01-01,7,2,0.2857142857142857,1,263.20,1,0,0.0,285.18,0.00,0.0
1247,2025-02-01,2,0,0.0,0,0.00,0,0,,212.01,0.00,0.0
1247,2025-03-01,4,0,0.0,0,0.00,0,0,,69.13,0.00,0.0
1247,2025-04-01,4,1,0.25,1,406.91,1,0,0.0,513.76,0.00,0.0
1247,2025-05-01,5,2,0.4,2,534.83,2,0,0.0,869.14,0.00,0.0
1247,2025-06-01,3,2,0.6666666666666666,0,0.00,0,0,,580.53,0.00,0.0
1247,2025-07-01,4,2,0.5,3,849.93,3,1,0.3333333333333333,1175.94,0.00,0.0
1247,2025-08-01,8,3,0.375,1,315.87,1,0,0.0,1242.16,0.00,0.0
1247,2025-09-01,11,5,0.45454545454545453,3,1208.91,3,0,0.0,2492.27,398.57,0.1599224803091158
1247,2025-10-01,7,3,0.42857142857142855,3,510.95,3,0,0.0,2759.88,400.79,0.14522008203255213
1247,2025-11-01,6,4,0.6666666666666666,2,456.70,2,0,0.0,2576.52,410.54,0.15933895331687703
1247,2025-12-01,5,2,0.4,1,514.24,1,0,0.0,2723.15,406.21,0.14916916071461359
1247,2026-01-01,6,2,0.3333333333333333,2,1103.66,2,0,0.0,3431.30,423.51,0.1234255238539329
1247,2026-02-01,3,1,0.3333333333333333,1,1943.73,1,0,0.0,4864.18,394.09,0.08101879453474171
1247,2026-03-01,5,2,0.4,2,557.39,2,0,0.0,4137.24,484.36,0.11707321789405499
1247,2026-04-01,4,0,0.0,0,0.00,0,0,,2357.31,394.18,0.16721602165179802
1247,2026-05-01,3,1,0.3333333333333333,1,684.39,0,0,,2062.09,410.01,0.198832252714479
1247,2026-06-01,5,2,0.4,1,415.22,0,0,,1928.37,409.56,0.21238662704771388
1248,2025-02-01,7,4,0.5714285714285714,3,1045.63,3,0,0.0,1150.98,0.00,0.0
1248,2025-03-01,8,6,0.75,7,1573.05,7,2,0.2857142857142857,2575.98,0.00,0.0
1248,2025-04-01,8,6,0.75,4,873.46,4,0,0.0,2647.11,0.00,0.0
1248,2025-05-01,13,9,0.6923076923076923,9,2994.13,9,1,0.1111111111111111,4681.01,181.53,0.03878009233050132
1248,2025-06-01,7,3,0.42857142857142855,2,484.18,2,0,0.0,3678.08,0.00,0.0
1248,2025-07-01,9,4,0.4444444444444444,4,1273.39,4,0,0.0,3771.59,0.00,0.0
1248,2025-08-01,9,7,0.7777777777777778,6,2106.21,6,0,0.0,4618.48,195.47,0.0423234484072682
1248,2025-09-01,5,4,0.8,4,1706.47,4,1,0.25,5302.36,96.78,0.01825224994153547
1248,2025-10-01,7,2,0.2857142857142857,2,706.85,2,0,0.0,4337.10,91.87,0.021182356874409166
1248,2025-11-01,9,4,0.4444444444444444,2,955.22,2,0,0.0,4001.39,373.37,0.09331007474902472
1248,2025-12-01,5,2,0.4,2,463.57,2,1,0.5,3686.94,367.18,0.09958936136742122
1248,2026-01-01,0,0,,0,0.00,0,0,,2826.53,413.12,0.1461580099981249
1248,2026-02-01,4,2,0.5,2,905.95,2,0,0.0,3387.12,357.20,0.10545832447625121
1248,2026-03-01,9,6,0.6666666666666666,5,1922.07,5,0,0.0,4628.06,360.93,0.07798732082125123
1248,2026-04-01,8,4,0.5,4,1822.92,4,1,0.25,5608.94,357.70,0.06377319065634506
1248,2026-05-01,2,1,0.5,1,459.68,0,0,,4465.61,354.34,0.07934862202476257
1248,2026-06-01,3,2,0.6666666666666666,2,1312.01,0,0,,4949.54,630.81,0.12744820730815387
1249,2025-01-01,1,1,1.0,1,476.77,1,0,0.0,500.96,0.00,0.0
1249,2025-02-01,1,1,1.0,1,449.95,1,0,0.0,895.10,0.00,0.0
1249,2025-03-01,1,0,0.0,0,0.00,0,0,,667.65,0.00,0.0
1249,2025-04-01,0,0,,0,0.00,0,0,,469.70,0.00,0.0
1249,2025-05-01,0,0,,0,0.00,0,0,,408.41,0.00,0.0
1249,2025-06-01,1,1,1.0,1,608.60,1,0,0.0,1187.94,0.00,0.0
1249,2025-07-01,1,0,0.0,0,0.00,0,0,,1093.18,0.00,0.0
1249,2025-08-01,1,1,1.0,0,0.00,0,0,,976.62,0.00,0.0
1249,2025-09-01,0,0,,1,111.14,1,0,0.0,999.11,0.00,0.0
1249,2025-10-01,0,0,,0,0.00,0,0,,862.02,0.00,0.0
1249,2025-11-01,3,2,0.6666666666666666,2,382.48,2,0,0.0,1084.98,0.00,0.0
1249,2025-12-01,0,0,,0,0.00,0,0,,898.20,0.00,0.0
1249,2026-01-01,1,1,1.0,1,457.02,1,0,0.0,1170.95,0.00,0.0
1249,2026-02-01,0,0,,0,0.00,0,0,,851.48,0.00,0.0
1249,2026-03-01,1,1,1.0,1,151.48,1,0,0.0,679.71,58.52,0.08609554074531786
1249,2026-04-01,2,1,0.5,1,158.03,1,0,0.0,548.41,0.00,0.0
1249,2026-05-01,0,0,,0,0.00,0,0,,263.27,0.00,0.0
1249,2026-06-01,0,0,,0,0.00,0,0,,132.72,0.00,0.0
1250,2025-01-01,7,3,0.42857142857142855,1,387.91,1,0,0.0,421.52,0.00,0.0
1250,2025-02-01,3,3,1.0,3,972.79,3,0,0.0,1372.96,0.00,0.0
1250,2025-03-01,6,4,0.6666666666666666,3,1058.27,3,0,0.0,2029.64,0.00,0.0
1250,2025-04-01,5,3,0.6,2,3054.14,2,0,0.0,5017.48,0.00,0.0
1250,2025-05-01,2,0,0.0,0,0.00,0,0,,3517.67,89.22,0.02536337973715556
1250,2025-06-01,7,6,0.8571428571428571,3,797.46,3,0,0.0,3038.02,0.00,0.0
1250,2025-07-01,5,4,0.8,4,2148.03,4,0,0.0,3727.33,0.00,0.0
1250,2025-08-01,3,2,0.6666666666666666,3,555.79,3,1,0.3333333333333333,2858.73,0.00,0.0
1250,2025-09-01,3,1,0.3333333333333333,1,106.14,1,0,0.0,1728.01,0.00,0.0
1250,2025-10-01,3,2,0.6666666666666666,2,390.69,2,0,0.0,1112.63,0.00,0.0
1250,2025-11-01,1,1,1.0,1,224.67,1,0,0.0,755.14,30.28,0.04009852477686257
1250,2025-12-01,5,3,0.6,2,139.04,2,0,0.0,779.40,29.96,0.038439825506800106
1250,2026-01-01,4,4,1.0,5,2191.23,5,0,0.0,3235.56,67.86,0.020973185476393576
1250,2026-02-01,5,2,0.4,2,475.21,2,0,0.0,3144.59,29.07,0.009244448401858429
1250,2026-03-01,4,2,0.5,2,479.82,2,0,0.0,3297.15,81.56,0.02473651486890193
1250,2026-04-01,4,4,1.0,4,1188.00,4,0,0.0,3765.80,64.91,0.017236709331350575
1250,2026-05-01,1,0,0.0,0,0.00,0,0,,2658.87,67.52,0.025394246427993847
1250,2026-06-01,6,5,0.8333333333333334,4,1004.89,0,0,,2887.68,113.14,0.03918024157801419
1251,2025-01-01,3,1,0.3333333333333333,1,263.68,1,0,0.0,380.09,0.00,0.0
1251,2025-02-01,3,2,0.6666666666666666,2,1021.20,2,0,0.0,1447.54,0.00,0.0
1251,2025-03-01,2,1,0.5,1,331.31,1,0,0.0,1405.39,0.00,0.0
1251,2025-04-01,3,1,0.3333333333333333,1,149.24,1,1,1.0,1139.93,0.00,0.0
1251,2025-05-01,8,3,0.375,3,938.70,3,0,0.0,1677.40,0.00,0.0
1251,2025-06-01,2,1,0.5,1,168.16,1,0,0.0,1386.89,0.00,0.0
1251,2025-07-01,9,5,0.5555555555555556,5,1368.33,5,1,0.2,2412.68,0.00,0.0
1251,2025-08-01,6,5,0.8333333333333334,4,955.85,4,1,0.25,2878.31,0.00,0.0
1251,2025-09-01,6,4,0.6666666666666666,3,1061.68,3,0,0.0,3490.23,232.21,0.06653143202596963
1251,2025-10-01,2,1,0.5,2,293.26,2,0,0.0,2431.52,322.81,0.13276057774560768
1251,2025-11-01,7,4,0.5714285714285714,2,796.91,2,0,0.0,2473.94,530.00,0.21423316652788668
1251,2025-12-01,9,4,0.4444444444444444,3,260.14,3,0,0.0,1929.19,327.18,0.1695944930255703
1251,2026-01-01,7,5,0.7142857142857143,4,1127.46,4,1,0.25,2727.34,317.22,0.1163111309921022
1251,2026-02-01,2,2,1.0,3,581.40,3,0,0.0,2712.93,317.41,0.11699896421949701
1251,2026-03-01,5,3,0.6,3,265.54,3,0,0.0,2210.25,312.61,0.14143648908494516
1251,2026-04-01,4,1,0.25,1,251.11,1,0,0.0,2023.63,413.24,0.20420729085850672
1251,2026-05-01,6,4,0.6666666666666666,4,1138.96,0,0,,2885.88,409.94,0.14205025850000694
1251,2026-06-01,3,1,0.3333333333333333,1,222.17,0,0,,2498.29,535.96,0.21453073902549347
1252,2025-01-01,1,0,0.0,0,0.00,0,0,,0.00,0.00,
1252,2025-02-01,1,1,1.0,1,272.87,1,0,0.0,300.69,0.00,0.0
1252,2025-03-01,1,1,1.0,1,59.95,1,0,0.0,290.89,0.00,0.0
1252,2025-04-01,0,0,,0,0.00,0,0,,196.31,0.00,0.0
1252,2025-05-01,0,0,,0,0.00,0,0,,95.16,0.00,0.0
1252,2025-06-01,0,0,,0,0.00,0,0,,0.00,0.00,
1252,2025-07-01,0,0,,0,0.00,0,0,,0.00,0.00,
1252,2025-08-01,1,0,0.0,0,0.00,0,0,,0.00,0.00,
1252,2025-09-01,0,0,,0,0.00,0,0,,0.00,0.00,
1252,2025-10-01,0,0,,0,0.00,0,0,,0.00,0.00,
1252,2025-11-01,0,0,,0,0.00,0,0,,0.00,0.00,
1252,2025-12-01,1,0,0.0,0,0.00,0,0,,0.00,0.00,
1252,2026-01-01,0,0,,0,0.00,0,0,,0.00,0.00,
1252,2026-02-01,1,1,1.0,1,167.54,1,0,0.0,196.70,0.00,0.0
1252,2026-03-01,0,0,,0,0.00,0,0,,165.63,0.00,0.0
1252,2026-04-01,2,1,0.5,1,1167.89,1,0,0.0,1203.96,0.00,0.0
1252,2026-05-01,1,1,1.0,0,0.00,0,0,,1035.13,0.00,0.0
1252,2026-06-01,1,0,0.0,1,332.41,0,0,,947.16,0.00,0.0
1253,2025-01-01,3,1,0.3333333333333333,1,275.31,1,0,0.0,313.55,0.00,0.0
1253,2025-02-01,1,0,0.0,0,0.00,0,0,,279.73,0.00,0.0
1253,2025-03-01,1,0,0.0,0,0.00,0,0,,202.70,0.00,0.0
1253,2025-04-01,4,1,0.25,1,414.06,1,0,0.0,549.27,0.00,0.0
1253,2025-05-01,1,0,0.0,0,0.00,0,0,,387.13,0.00,0.0
1253,2025-06-01,2,1,0.5,1,261.88,1,1,1.0,493.56,0.00,0.0
1253,2025-07-01,0,0,,0,0.00,0,0,,302.34,0.00,0.0
1253,2025-08-01,1,0,0.0,0,0.00,0,0,,204.82,0.00,0.0
1253,2025-09-01,2,1,0.5,1,382.26,1,0,0.0,588.98,0.00,0.0
1253,2025-10-01,2,1,0.5,0,0.00,0,0,,430.93,0.00,0.0
1253,2025-11-01,4,1,0.25,0,0.00,0,0,,441.40,0.00,0.0
1253,2025-12-01,2,1,0.5,1,608.84,1,0,0.0,931.04,0.00,0.0
1253,2026-01-01,4,2,0.5,2,524.43,2,0,0.0,1062.91,52.18,0.04909164463595224
1253,2026-02-01,1,1,1.0,0,0.00,0,0,,390.61,0.00,0.0
1253,2026-03-01,1,1,1.0,0,0.00,0,0,,242.01,0.00,0.0
1253,2026-04-01,1,0,0.0,0,0.00,0,0,,75.67,0.00,0.0
1253,2026-05-01,0,0,,0,0.00,0,0,,52.48,0.00,0.0
1253,2026-06-01,2,2,1.0,0,0.00,0,0,,26.23,0.00,0.0
1254,2025-01-01,5,3,0.6,3,848.89,3,0,0.0,970.85,0.00,0.0
1254,2025-02-01,3,2,0.6666666666666666,0,0.00,0,0,,730.14,0.00,0.0
1254,2025-03-01,3,2,0.6666666666666666,3,773.78,3,0,0.0,1341.19,0.00,0.0
1254,2025-04-01,3,0,0.0,1,838.06,1,0,0.0,1775.27,0.00,0.0
1254,2025-05-01,2,1,0.5,1,440.23,1,0,0.0,1385.46,0.00,0.0
1254,2025-06-01,5,4,0.8,1,439.21,1,0,0.0,1569.72,0.00,0.0
1254,2025-07-01,2,0,0.0,1,194.62,1,0,0.0,939.57,0.00,0.0
1254,2025-08-01,2,0,0.0,0,0.00,0,0,,379.06,0.00,0.0
1254,2025-09-01,3,2,0.6666666666666666,2,372.68,2,0,0.0,488.09,0.00,0.0
1254,2025-10-01,5,3,0.6,3,1007.37,3,0,0.0,1512.85,0.00,0.0
1254,2025-11-01,3,2,0.6666666666666666,2,661.53,2,1,0.5,1797.14,0.00,0.0
1254,2025-12-01,2,1,0.5,1,147.36,1,0,0.0,1708.71,0.00,0.0
1254,2026-01-01,2,0,0.0,0,0.00,0,0,,1167.75,110.92,0.0949860843502462
1254,2026-02-01,4,0,0.0,0,0.00,0,0,,625.78,54.17,0.08656396816772668
1254,2026-03-01,2,1,0.5,0,0.00,0,0,,520.33,54.74,0.1052024676647512
1254,2026-04-01,2,0,0.0,0,0.00,0,0,,406.51,54.25,0.13345305158544685
1254,2026-05-01,4,3,0.75,3,732.13,0,0,,1191.66,53.74,0.045096755786046355
1254,2026-06-01,1,1,1.0,1,218.04,0,0,,1312.47,54.66,0.04164666620951336
1255,2025-01-01,2,2,1.0,1,702.67,1,0,0.0,747.22,0.00,0.0
1255,2025-02-01,2,0,0.0,1,494.55,1,0,0.0,960.93,0.00,0.0
1255,2025-03-01,4,2,0.5,1,419.90,1,0,0.0,1043.06,0.00,0.0
1255,2025-04-01,5,3,0.6,3,1080.15,3,1,0.3333333333333333,1879.12,0.00,0.0
1255,2025-05-01,1,1,1.0,1,313.61,1,0,0.0,1908.63,0.00,0.0
1255,2025-06-01,2,0,0.0,0,0.00,0,0,,1473.93,290.39,0.19701749743882
1255,2025-07-01,2,1,0.5,1,292.23,1,0,0.0,1463.79,0.00,0.0
1255,2025-08-01,0,0,,0,0.00,0,0,,1087.88,0.00,0.0
1255,2025-09-01,1,1,1.0,1,68.96,1,0,0.0,1015.98,0.00,0.0
1255,2025-10-01,3,0,0.0,0,0.00,0,0,,759.08,204.15,0.268943984823734
1255,2025-11-01,0,0,,0,0.00,0,0,,612.98,0.00,0.0
1255,2025-12-01,2,0,0.0,0,0.00,0,0,,469.57,0.00,0.0
1255,2026-01-01,1,1,1.0,1,560.25,1,0,0.0,942.97,0.00,0.0
1255,2026-02-01,2,0,0.0,0,0.00,0,0,,606.94,0.00,0.0
1255,2026-03-01,1,1,1.0,0,0.00,0,0,,106.00,0.00,0.0
1255,2026-04-01,2,2,1.0,1,283.14,1,0,0.0,339.70,0.00,0.0
1255,2026-05-01,1,0,0.0,0,0.00,0,0,,323.90,0.00,0.0
1255,2026-06-01,1,1,1.0,1,122.05,0,0,,433.40,0.00,0.0
1256,2025-01-01,1,1,1.0,1,228.82,1,0,0.0,252.83,0.00,0.0
1256,2025-02-01,3,3,1.0,2,265.96,2,0,0.0,459.42,0.00,0.0
1256,2025-03-01,1,0,0.0,0,0.00,0,0,,304.77,0.00,0.0
1256,2025-04-01,3,1,0.3333333333333333,1,44.53,1,0,0.0,210.71,0.00,0.0
1256,2025-05-01,3,3,1.0,2,427.06,2,0,0.0,601.73,0.00,0.0
1256,2025-06-01,3,1,0.3333333333333333,1,218.48,1,1,1.0,676.57,0.00,0.0
1256,2025-07-01,2,1,0.5,0,0.00,0,0,,413.83,0.00,0.0
1256,2025-08-01,2,2,1.0,1,478.96,1,0,0.0,747.06,0.00,0.0
1256,2025-09-01,1,1,1.0,1,321.27,1,0,0.0,897.75,0.00,0.0
1256,2025-10-01,5,3,0.6,4,1714.17,4,0,0.0,2407.75,0.00,0.0
1256,2025-11-01,2,0,0.0,0,0.00,0,0,,1644.03,0.00,0.0
1256,2025-12-01,3,2,0.6666666666666666,2,921.78,2,1,0.5,1693.77,0.00,0.0
1256,2026-01-01,0,0,,0,0.00,0,0,,1134.23,0.00,0.0
1256,2026-02-01,2,2,1.0,2,787.05,2,0,0.0,1870.33,971.31,0.5193254666288837
1256,2026-03-01,1,1,1.0,1,485.27,1,0,0.0,2130.49,956.62,0.4490140765739337
1256,2026-04-01,2,1,0.5,1,259.28,1,0,0.0,2138.68,971.52,0.4542615070978361
1256,2026-05-01,2,0,0.0,0,0.00,0,0,,1875.16,1010.54,0.5389086797926577
1256,2026-06-01,2,0,0.0,0,0.00,0,0,,1524.70,1009.44,0.6620581097920902
1257,2025-02-01,1,0,0.0,0,0.00,0,0,,0.00,0.00,
1257,2025-03-01,1,1,1.0,1,645.69,1,0,0.0,838.71,0.00,0.0
1257,2025-04-01,1,0,0.0,0,0.00,0,0,,785.43,0.00,0.0
1257,2025-05-01,1,1,1.0,1,679.73,1,0,0.0,1406.12,0.00,0.0
1257,2025-06-01,0,0,,0,0.00,0,0,,1086.93,0.00,0.0
1257,2025-07-01,0,0,,0,0.00,0,0,,783.29,0.00,0.0
1257,2025-08-01,1,1,1.0,1,497.99,1,0,0.0,1046.78,0.00,0.0
1257,2025-09-01,2,1,0.5,0,0.00,0,0,,863.09,0.00,0.0
1257,2025-10-01,1,1,1.0,1,337.83,1,1,1.0,1014.28,0.00,0.0
1257,2025-11-01,0,0,,1,181.93,1,0,0.0,1024.37,0.00,0.0
1257,2025-12-01,1,1,1.0,0,0.00,0,0,,759.04,368.56,0.4855607082630692
1257,2026-01-01,0,0,,0,0.00,0,0,,612.00,357.35,0.58390522875817
1257,2026-02-01,0,0,,0,0.00,0,0,,528.28,357.56,0.6768380404331037
1257,2026-03-01,1,1,1.0,0,0.00,0,0,,417.70,352.16,0.8430931290399809
1257,2026-04-01,0,0,,1,124.82,1,0,0.0,526.33,357.64,0.6794976535633537
1257,2026-05-01,0,0,,0,0.00,0,0,,418.95,372.01,0.8879579902136293
1257,2026-06-01,1,1,1.0,1,240.99,0,0,,693.48,371.60,0.5358481859606622
1258,2025-01-01,2,2,1.0,2,601.54,2,0,0.0,722.89,0.00,0.0
1258,2025-02-01,2,1,0.5,1,241.86,1,0,0.0,942.25,0.00,0.0
1258,2025-03-01,1,0,0.0,0,0.00,0,0,,794.75,0.00,0.0
1258,2025-04-01,4,3,0.75,1,242.29,1,0,0.0,895.80,0.00,0.0
1258,2025-05-01,1,0,0.0,1,265.62,1,0,0.0,901.36,0.00,0.0
1258,2025-06-01,2,2,1.0,2,379.49,2,0,0.0,1112.82,0.00,0.0
1258,2025-07-01,1,1,1.0,1,649.21,1,0,0.0,1463.90,0.00,0.0
1258,2025-08-01,0,0,,0,0.00,0,0,,1002.74,0.00,0.0
1258,2025-09-01,1,1,1.0,1,287.24,1,0,0.0,968.18,191.55,0.1978454419632713
1258,2025-10-01,1,0,0.0,0,0.00,0,0,,693.00,178.35,0.25735930735930734
1258,2025-11-01,1,1,1.0,0,0.00,0,0,,148.31,0.00,0.0
1258,2025-12-01,1,0,0.0,1,829.22,1,0,0.0,909.89,0.00,0.0
1258,2026-01-01,1,0,0.0,0,0.00,0,0,,317.47,0.00,0.0
1258,2026-02-01,2,2,1.0,2,677.59,2,0,0.0,769.87,35.11,0.04560510216010495
1258,2026-03-01,2,0,0.0,0,0.00,0,0,,588.47,0.00,0.0
1258,2026-04-01,4,3,0.75,2,1241.73,2,0,0.0,1704.45,0.00,0.0
1258,2026-05-01,0,0,,0,0.00,0,0,,1556.44,0.00,0.0
1258,2026-06-01,3,0,0.0,0,0.00,0,0,,1282.56,0.00,0.0
1259,2025-01-01,12,8,0.6666666666666666,8,2344.49,8,0,0.0,2721.38,0.00,0.0
1259,2025-02-01,9,5,0.5555555555555556,4,1218.61,4,1,0.25,3547.47,0.00,0.0
1259,2025-03-01,7,5,0.7142857142857143,4,622.68,4,0,0.0,3415.09,0.00,0.0
1259,2025-04-01,7,6,0.8571428571428571,3,881.79,3,1,0.3333333333333333,3701.25,229.65,0.06204660587639311
1259,2025-05-01,4,2,0.5,3,786.55,3,0,0.0,3426.00,265.78,0.07757734967892585
1259,2025-06-01,5,0,0.0,0,0.00,0,0,,2492.30,857.33,0.34399149380090677
1259,2025-07-01,8,5,0.625,3,688.41,3,1,0.3333333333333333,2462.01,336.57,0.13670537487662518
1259,2025-08-01,2,1,0.5,1,200.95,1,0,0.0,2366.61,695.45,0.2938591487401811
1259,2025-09-01,7,4,0.5714285714285714,4,792.39,4,0,0.0,2926.06,846.33,0.2892387715904664
1259,2025-10-01,3,1,0.3333333333333333,0,0.00,0,0,,2266.64,1014.37,0.44752144142872274
1259,2025-11-01,9,6,0.6666666666666666,5,1747.43,5,1,0.2,3584.29,939.09,0.2620016795515988
1259,2025-12-01,6,2,0.3333333333333333,1,239.49,1,0,0.0,3002.40,929.19,0.309482414068745
1259,2026-01-01,4,1,0.25,1,134.58,1,0,0.0,2313.65,1285.27,0.5555161757396322
1259,2026-02-01,4,4,1.0,3,2008.13,3,0,0.0,4004.22,1221.96,0.3051680477096663
1259,2026-03-01,3,2,0.6666666666666666,2,701.84,2,0,0.0,3895.44,1203.48,0.308945844371881
1259,2026-04-01,5,3,0.6,3,806.43,3,0,0.0,4308.16,1222.23,0.28370116244522026
1259,2026-05-01,0,0,,0,0.00,0,0,,3481.70,1271.32,0.3651434643995749
1259,2026-06-01,6,4,0.6666666666666666,2,383.20,0,0,,3324.73,1269.93,0.3819648512811567
1260,2025-01-01,2,2,1.0,2,308.47,2,1,0.5,338.54,0.00,0.0
1260,2025-02-01,2,2,1.0,1,51.27,1,0,0.0,398.51,0.00,0.0
1260,2025-03-01,1,0,0.0,1,556.26,1,0,0.0,857.20,0.00,0.0
1260,2025-04-01,4,3,0.75,2,454.35,2,0,0.0,1137.49,0.00,0.0
1260,2025-05-01,2,2,1.0,1,558.26,1,0,0.0,1237.11,0.00,0.0
1260,2025-06-01,1,0,0.0,1,214.31,1,0,0.0,952.90,0.00,0.0
1260,2025-07-01,2,1,0.5,1,391.02,1,0,0.0,1043.34,0.00,0.0
1260,2025-08-01,1,0,0.0,0,0.00,0,0,,563.12,0.00,0.0
1260,2025-09-01,0,0,,0,0.00,0,0,,337.89,0.00,0.0
1260,2025-10-01,2,2,1.0,1,389.12,1,0,0.0,623.12,0.00,0.0
1260,2025-11-01,0,0,,1,219.54,1,0,0.0,590.22,0.00,0.0
1260,2025-12-01,0,0,,0,0.00,0,0,,399.48,0.00,0.0
1260,2026-01-01,1,0,0.0,0,0.00,0,0,,166.53,0.00,0.0
1260,2026-02-01,1,1,1.0,0,0.00,0,0,,123.19,0.00,0.0
1260,2026-03-01,1,0,0.0,1,308.09,1,0,0.0,299.66,0.00,0.0
1260,2026-04-01,2,1,0.5,1,198.51,1,0,0.0,431.88,0.00,0.0
1260,2026-05-01,3,2,0.6666666666666666,0,0.00,0,0,,282.99,0.00,0.0
1260,2026-06-01,2,1,0.5,3,1391.18,0,0,,1878.75,0.00,0.0
1261,2025-02-01,1,1,1.0,1,546.04,1,0,0.0,666.86,0.00,0.0
1261,2025-03-01,2,1,0.5,1,234.86,1,0,0.0,800.99,0.00,0.0
1261,2025-04-01,0,0,,0,0.00,0,0,,619.58,0.00,0.0
1261,2025-05-01,1,0,0.0,0,0.00,0,0,,406.62,0.00,0.0
1261,2025-06-01,0,0,,0,0.00,0,0,,212.41,0.00,0.0
1261,2025-07-01,1,1,1.0,1,309.53,1,0,0.0,331.77,0.00,0.0
1261,2025-08-01,2,1,0.5,1,140.15,1,0,0.0,418.01,0.00,0.0
1261,2025-09-01,2,1,0.5,1,375.80,1,0,0.0,645.99,0.00,0.0
1261,2025-10-01,1,1,1.0,1,297.66,1,0,0.0,878.74,0.00,0.0
1261,2025-11-01,1,0,0.0,0,0.00,0,0,,593.08,0.00,0.0
1261,2025-12-01,0,0,,0,0.00,0,0,,527.67,0.00,0.0
1261,2026-01-01,0,0,,0,0.00,0,0,,454.25,282.11,0.6210456796917997
1261,2026-02-01,0,0,,0,0.00,0,0,,397.13,282.28,0.7107999899277314
1261,2026-03-01,0,0,,0,0.00,0,0,,334.60,278.01,0.830872683801554
1261,2026-04-01,1,1,1.0,0,0.00,0,0,,282.34,282.34,1.0
1261,2026-05-01,2,2,1.0,3,2485.85,0,0,,3044.37,293.68,0.09646659243127478
1261,2026-06-01,1,1,1.0,1,114.98,0,0,,2504.59,293.36,0.11712895124551323
1262,2025-02-01,2,1,0.5,1,298.49,1,0,0.0,389.11,0.00,0.0
1262,2025-03-01,3,3,1.0,3,786.49,3,0,0.0,1180.87,0.00,0.0
1262,2025-04-01,1,1,1.0,0,0.00,0,0,,811.25,0.00,0.0
1262,2025-05-01,3,2,0.6666666666666666,3,940.49,3,1,0.3333333333333333,1576.33,0.00,0.0
1262,2025-06-01,0,0,,0,0.00,0,0,,1252.40,0.00,0.0
1262,2025-07-01,0,0,,0,0.00,0,0,,923.65,0.00,0.0
1262,2025-08-01,2,0,0.0,0,0.00,0,0,,744.90,0.00,0.0
1262,2025-09-01,1,0,0.0,0,0.00,0,0,,378.46,250.96,0.6631083866194578
1262,2025-10-01,0,0,,0,0.00,0,0,,359.28,238.25,0.6631318191939435
1262,2025-11-01,0,0,,0,0.00,0,0,,238.48,238.48,1.0
1262,2025-12-01,1,1,1.0,1,431.14,1,0,0.0,749.59,234.53,0.31287770647954216
1262,2026-01-01,0,0,,0,0.00,0,0,,661.05,233.58,0.35334694803721356
1262,2026-02-01,2,1,0.5,1,392.56,1,0,0.0,980.08,228.16,0.23279732266753733
1262,2026-03-01,1,1,1.0,0,0.00,0,0,,765.17,230.54,0.3012925232301319
1262,2026-04-01,4,3,0.75,3,776.43,3,0,0.0,1384.66,228.47,0.1650007944188465
1262,2026-05-01,0,0,,0,0.00,0,0,,942.89,226.33,0.24003860471529023
1262,2026-06-01,0,0,,0,0.00,0,0,,663.47,230.20,0.34696369089785517
1263,2025-01-01,3,2,0.6666666666666666,2,315.21,2,0,0.0,346.33,0.00,0.0
1263,2025-02-01,2,1,0.5,0,0.00,0,0,,279.87,0.00,0.0
1263,2025-03-01,1,1,1.0,2,459.73,2,0,0.0,768.80,0.00,0.0
1263,2025-04-01,2,1,0.5,1,535.28,1,0,0.0,1118.77,73.23,0.06545581308043656
1263,2025-05-01,3,2,0.6666666666666666,2,684.75,2,0,0.0,1475.62,35.50,0.024057684227646686
1263,2025-06-01,1,1,1.0,1,443.37,1,0,0.0,1640.29,0.00,0.0
1263,2025-07-01,1,0,0.0,0,0.00,0,0,,1112.86,0.00,0.0
1263,2025-08-01,2,2,1.0,2,194.04,2,0,0.0,913.54,348.23,0.381187468529019
1263,2025-09-01,0,0,,0,0.00,0,0,,648.58,0.00,0.0
1263,2025-10-01,0,0,,0,0.00,0,0,,316.48,0.00,0.0
1263,2025-11-01,4,2,0.5,2,448.28,2,1,0.5,670.61,0.00,0.0
1263,2025-12-01,1,1,1.0,1,94.35,1,0,0.0,622.06,0.00,0.0
1263,2026-01-01,2,0,0.0,0,0.00,0,0,,505.86,216.27,0.4275293559482861
1263,2026-02-01,3,2,0.6666666666666666,1,71.75,1,0,0.0,405.39,0.00,0.0
1263,2026-03-01,3,1,0.3333333333333333,1,255.23,1,0,0.0,470.47,63.76,0.13552405041766744
1263,2026-04-01,2,2,1.0,2,1140.84,2,0,0.0,1649.72,63.19,0.03830346967970322
1263,2026-05-01,3,0,0.0,0,0.00,0,0,,983.47,62.60,0.06365217037632058
1263,2026-06-01,2,2,1.0,1,221.12,0,0,,871.35,63.67,0.07307052275205142
1264,2025-02-01,1,0,0.0,0,0.00,0,0,,0.00,0.00,
1264,2025-03-01,2,1,0.5,0,0.00,0,0,,0.00,0.00,
1264,2025-04-01,0,0,,1,396.59,1,0,0.0,362.45,0.00,0.0
1264,2025-05-01,3,2,0.6666666666666666,1,110.60,1,0,0.0,426.92,0.00,0.0
1264,2025-06-01,2,0,0.0,1,2143.47,1,0,0.0,2521.97,0.00,0.0
1264,2025-07-01,0,0,,0,0.00,0,0,,2156.02,0.00,0.0
1264,2025-08-01,1,0,0.0,0,0.00,0,0,,2075.91,0.00,0.0
1264,2025-09-01,2,2,1.0,2,603.93,2,0,0.0,2049.78,0.00,0.0
1264,2025-10-01,0,0,,0,0.00,0,0,,1156.11,0.00,0.0
1264,2025-11-01,2,2,1.0,2,629.38,2,1,0.5,1763.33,651.10,0.36924455433753184
1264,2025-12-01,4,1,0.25,1,449.59,1,0,0.0,2037.90,640.31,0.31420089307620586
1264,2026-01-01,1,0,0.0,0,0.00,0,0,,1666.13,1212.37,0.7276563053303162
1264,2026-02-01,1,0,0.0,0,0.00,0,0,,1031.63,810.02,0.7851846107616102
1264,2026-03-01,2,0,0.0,0,0.00,0,0,,629.41,629.41,1.0
1264,2026-04-01,1,0,0.0,0,0.00,0,0,,623.77,623.77,1.0
1264,2026-05-01,1,1,1.0,0,0.00,0,0,,617.91,617.91,1.0
1264,2026-06-01,1,0,0.0,0,0.00,0,0,,628.49,628.49,1.0
1265,2025-01-01,2,2,1.0,2,459.35,2,0,0.0,503.04,0.00,0.0
1265,2025-02-01,1,0,0.0,0,0.00,0,0,,430.29,0.00,0.0
1265,2025-03-01,2,1,0.5,1,149.72,1,0,0.0,430.13,0.00,0.0
1265,2025-04-01,1,0,0.0,0,0.00,0,0,,256.25,0.00,0.0
1265,2025-05-01,1,1,1.0,1,182.08,1,0,0.0,444.96,0.00,0.0
1265,2025-06-01,1,1,1.0,1,125.34,1,0,0.0,492.53,0.00,0.0
1265,2025-07-01,4,2,0.5,2,259.26,2,0,0.0,657.82,0.00,0.0
1265,2025-08-01,0,0,,0,0.00,0,0,,529.04,0.00,0.0
1265,2025-09-01,0,0,,0,0.00,0,0,,361.00,0.00,0.0
1265,2025-10-01,0,0,,0,0.00,0,0,,212.39,0.00,0.0
1265,2025-11-01,0,0,,0,0.00,0,0,,70.56,0.00,0.0
1265,2025-12-01,1,0,0.0,0,0.00,0,0,,52.36,0.00,0.0
1265,2026-01-01,9,5,0.5555555555555556,4,1309.45,4,0,0.0,1461.78,0.00,0.0
1265,2026-02-01,1,0,0.0,0,0.00,0,0,,1329.17,0.00,0.0
1265,2026-03-01,0,0,,0,0.00,0,0,,878.33,0.00,0.0
1265,2026-04-01,4,4,1.0,4,985.18,4,0,0.0,1927.38,419.30,0.2175492118834895
1265,2026-05-01,2,1,0.5,1,619.22,0,0,,2221.76,290.75,0.13086471986173123
1265,2026-06-01,0,0,,0,0.00,0,0,,1650.16,546.32,0.3310709264556164
1266,2025-01-01,13,8,0.6153846153846154,7,1867.51,7,1,0.14285714285714285,2075.57,0.00,0.0
1266,2025-02-01,8,3,0.375,3,611.37,3,1,0.3333333333333333,2293.17,0.00,0.0
1266,2025-03-01,8,5,0.625,3,1113.78,3,0,0.0,3007.51,195.30,0.06493743994201183
1266,2025-04-01,10,6,0.6,5,2152.81,5,0,0.0,4308.96,164.75,0.03823428391073484
1266,2025-05-01,10,6,0.6,5,1565.69,5,1,0.2,4251.25,127.79,0.030059394295795357
1266,2025-06-01,8,4,0.5,3,1071.85,3,1,0.3333333333333333,4014.98,137.48,0.03424176459160444
1266,2025-07-01,13,5,0.38461538461538464,3,496.41,3,0,0.0,2832.94,377.02,0.13308435759317175
1266,2025-08-01,12,4,0.3333333333333333,4,1682.36,4,0,0.0,3692.27,378.75,0.10257917216238249
1266,2025-09-01,14,8,0.5714285714285714,3,625.77,3,0,0.0,3331.64,375.02,0.11256318209650502
1266,2025-10-01,12,6,0.5,6,1967.15,6,0,0.0,4140.42,356.02,0.08598644581950622
1266,2025-11-01,21,16,0.7619047619047619,15,4436.90,15,1,0.06666666666666667,7876.30,356.38,0.04524713380648274
1266,2025-12-01,14,8,0.5714285714285714,7,4145.84,7,1,0.14285714285714285,10121.80,350.47,0.034625264281056736
1266,2026-01-01,7,3,0.42857142857142855,5,1594.22,5,0,0.0,9239.96,382.44,0.0413897895661886
1266,2026-02-01,6,3,0.5,2,1802.42,2,0,0.0,8104.87,559.34,0.06901282808977813
1266,2026-03-01,8,6,0.75,4,1089.26,4,0,0.0,6727.21,644.77,0.09584508287982685
1266,2026-04-01,4,3,0.75,3,1208.73,3,0,0.0,6623.28,619.28,0.09350050126221449
1266,2026-05-01,15,9,0.6,6,2218.07,0,0,,6621.33,613.46,0.09264905993206804
1266,2026-06-01,13,4,0.3076923076923077,7,2409.05,0,0,,7754.35,623.96,0.0804658030653762
1267,2025-02-01,2,2,1.0,2,259.84,2,0,0.0,277.59,0.00,0.0
1267,2025-03-01,0,0,,0,0.00,0,0,,221.69,0.00,0.0
1267,2025-04-01,2,0,0.0,0,0.00,0,0,,41.53,0.00,0.0
1267,2025-05-01,0,0,,0,0.00,0,0,,0.00,0.00,
1267,2025-06-01,0,0,,0,0.00,0,0,,0.00,0.00,
1267,2025-07-01,1,1,1.0,1,184.14,1,0,0.0,200.60,0.00,0.0
1267,2025-08-01,2,1,0.5,1,79.42,1,0,0.0,245.72,0.00,0.0
1267,2025-09-01,2,2,1.0,0,0.00,0,0,,184.81,0.00,0.0
1267,2025-10-01,1,1,1.0,1,348.08,1,0,0.0,522.14,0.00,0.0
1267,2025-11-01,0,0,,0,0.00,0,0,,256.83,0.00,0.0
1267,2025-12-01,0,0,,0,0.00,0,0,,237.86,0.00,0.0
1267,2026-01-01,1,0,0.0,0,0.00,0,0,,214.85,0.00,0.0
1267,2026-02-01,0,0,,0,0.00,0,0,,0.00,0.00,
1267,2026-03-01,0,0,,0,0.00,0,0,,0.00,0.00,
1267,2026-04-01,3,1,0.3333333333333333,1,119.83,1,0,0.0,129.85,0.00,0.0
1267,2026-05-01,4,2,0.5,2,809.04,0,0,,1029.98,0.00,0.0
1267,2026-06-01,0,0,,0,0.00,0,0,,817.12,0.00,0.0
1268,2025-02-01,1,1,1.0,1,738.04,1,0,0.0,797.32,0.00,0.0
1268,2025-03-01,1,1,1.0,1,337.20,1,0,0.0,876.93,0.00,0.0
1268,2025-04-01,1,1,1.0,1,587.58,1,0,0.0,1345.90,0.00,0.0
1268,2025-05-01,1,1,1.0,0,0.00,0,0,,1043.75,0.00,0.0
1268,2025-06-01,0,0,,0,0.00,0,0,,966.15,232.46,0.24060446100501995
1268,2025-07-01,1,1,1.0,1,432.38,1,0,0.0,1511.64,232.73,0.15395861448493026
1268,2025-08-01,1,1,1.0,1,187.46,1,0,0.0,1689.26,236.48,0.13999029160697582
1268,2025-09-01,1,1,1.0,1,364.03,1,0,0.0,1941.14,243.80,0.12559629908198275
1268,2025-10-01,0,0,,0,0.00,0,0,,1770.09,245.16,0.13850143213056965
1268,2025-11-01,0,0,,0,0.00,0,0,,1564.43,251.12,0.16051852751481369
1268,2025-12-01,2,0,0.0,0,0.00,0,0,,1193.62,676.17,0.5664868216015148
1268,2026-01-01,0,0,,0,0.00,0,0,,1134.14,655.59,0.5780503288835593
1268,2026-02-01,1,0,0.0,0,0.00,0,0,,1006.16,655.99,0.6519738411385864
1268,2026-03-01,1,0,0.0,0,0.00,0,0,,945.32,646.07,0.6834405280751492
1268,2026-04-01,1,0,0.0,0,0.00,0,0,,907.28,656.14,0.7231946036504717
1268,2026-05-01,0,0,,0,0.00,0,0,,809.87,682.49,0.8427154975489893
1268,2026-06-01,1,1,1.0,1,371.03,0,0,,1228.78,681.74,0.55481046240987
1269,2025-05-01,1,0,0.0,0,0.00,0,0,,0.00,0.00,
1269,2025-06-01,1,0,0.0,0,0.00,0,0,,0.00,0.00,
1269,2025-08-01,1,1,1.0,1,444.26,1,0,0.0,484.50,0.00,0.0
1269,2025-09-01,0,0,,0,0.00,0,0,,332.98,0.00,0.0
1269,2025-10-01,2,1,0.5,1,73.08,1,0,0.0,259.93,0.00,0.0
1269,2025-11-01,0,0,,0,0.00,0,0,,86.88,0.00,0.0
1269,2025-12-01,1,0,0.0,0,0.00,0,0,,85.96,0.00,0.0
1269,2026-01-01,0,0,,0,0.00,0,0,,68.20,0.00,0.0
1269,2026-02-01,0,0,,0,0.00,0,0,,60.67,0.00,0.0
1269,2026-03-01,0,0,,0,0.00,0,0,,44.83,0.00,0.0
1269,2026-04-01,0,0,,0,0.00,0,0,,45.53,0.00,0.0
1269,2026-05-01,1,1,1.0,1,402.32,0,0,,486.38,0.00,0.0
1269,2026-06-01,1,1,1.0,1,284.00,0,0,,629.46,0.00,0.0
1270,2025-01-01,7,1,0.14285714285714285,1,95.64,1,0,0.0,105.00,0.00,0.0
1270,2025-02-01,3,2,0.6666666666666666,1,204.29,1,0,0.0,233.58,0.00,0.0
1270,2025-03-01,3,2,0.6666666666666666,1,132.03,1,0,0.0,363.65,0.00,0.0
1270,2025-04-01,7,4,0.5714285714285714,4,856.24,4,0,0.0,1112.69,0.00,0.0
1270,2025-05-01,5,4,0.8,4,1019.86,4,0,0.0,1959.15,0.00,0.0
1270,2025-06-01,9,6,0.6666666666666666,3,1955.34,3,0,0.0,3765.28,0.00,0.0
1270,2025-07-01,5,3,0.6,3,933.45,3,0,0.0,3869.23,0.00,0.0
1270,2025-08-01,3,2,0.6666666666666666,1,71.57,1,0,0.0,3081.76,342.48,0.1111313015938944
1270,2025-09-01,4,3,0.75,4,1125.71,4,0,0.0,3459.59,339.11,0.09802028564078402
1270,2025-10-01,7,4,0.5714285714285714,4,1195.12,4,0,0.0,4064.38,321.93,0.07920765282773756
1270,2025-11-01,7,7,1.0,7,2724.34,7,0,0.0,6061.60,322.25,0.05316253134485944
1270,2025-12-01,7,5,0.7142857142857143,3,792.25,3,0,0.0,5501.84,316.91,0.05760072993762087
1270,2026-01-01,5,3,0.6,3,625.82,3,0,0.0,4475.26,315.63,0.07052774587398274
1270,2026-02-01,8,4,0.5,4,1293.75,4,0,0.0,4913.79,308.30,0.06274179401236113
1270,2026-03-01,3,2,0.6666666666666666,1,500.72,1,0,0.0,4145.05,872.60,0.21051615782680547
1270,2026-04-01,1,1,1.0,2,212.81,2,0,0.0,3431.85,557.22,0.1623672363302592
1270,2026-05-01,2,2,1.0,2,360.70,0,0,,2915.85,815.29,0.2796062897611331
1270,2026-06-01,4,2,0.5,2,599.20,0,0,,2924.75,882.41,0.30170441918112656
1271,2025-01-01,1,0,0.0,0,0.00,0,0,,0.00,0.00,
1271,2025-02-01,1,1,1.0,1,1104.72,1,0,0.0,1222.47,0.00,0.0
1271,2025-03-01,2,1,0.5,1,406.54,1,0,0.0,1051.16,0.00,0.0
1271,2025-04-01,3,2,0.6666666666666666,1,578.45,1,0,0.0,1619.45,0.00,0.0
1271,2025-05-01,1,1,1.0,2,442.04,2,0,0.0,1481.98,0.00,0.0
1271,2025-06-01,3,3,1.0,2,283.00,2,0,0.0,1114.11,0.00,0.0
1271,2025-07-01,1,0,0.0,1,190.30,1,0,0.0,1009.35,0.00,0.0
1271,2025-08-01,3,2,0.6666666666666666,2,596.87,2,1,0.5,1124.36,0.00,0.0
1271,2025-09-01,1,0,0.0,0,0.00,0,0,,906.50,0.00,0.0
1271,2025-10-01,0,0,,0,0.00,0,0,,731.47,378.91,0.5180116751199639
1271,2025-11-01,3,1,0.3333333333333333,0,0.00,0,0,,738.03,388.13,0.5259000311640448
1271,2025-12-01,1,0,0.0,0,0.00,0,0,,694.83,482.48,0.6943856770720895
1271,2026-01-01,4,1,0.25,1,660.94,1,0,0.0,1359.93,467.79,0.3439809401954512
1271,2026-02-01,2,1,0.5,0,0.00,0,0,,1229.79,468.08,0.38061782906024605
1271,2026-03-01,1,0,0.0,0,0.00,0,0,,1058.99,461.00,0.4353204468408578
1271,2026-04-01,0,0,,0,0.00,0,0,,897.31,468.18,0.5217594811157794
1271,2026-05-01,0,0,,0,0.00,0,0,,797.10,486.98,0.6109396562539204
1271,2026-06-01,1,1,1.0,1,732.65,0,0,,1429.44,486.45,0.34030809267965073
1272,2025-01-01,2,0,0.0,0,0.00,0,0,,0.00,0.00,
1272,2025-03-01,1,0,0.0,0,0.00,0,0,,0.00,0.00,
1272,2025-04-01,1,0,0.0,0,0.00,0,0,,0.00,0.00,
1272,2025-06-01,2,1,0.5,0,0.00,0,0,,0.00,0.00,
1272,2025-07-01,2,1,0.5,1,1162.92,1,0,0.0,1261.48,0.00,0.0
1272,2025-08-01,3,2,0.6666666666666666,1,68.38,1,0,0.0,931.18,0.00,0.0
1272,2025-09-01,0,0,,1,24.12,1,0,0.0,510.95,0.00,0.0
1272,2025-10-01,1,0,0.0,0,0.00,0,0,,12.53,0.00,0.0
1272,2025-11-01,2,2,1.0,2,203.97,2,0,0.0,242.40,0.00,0.0
1272,2025-12-01,1,0,0.0,0,0.00,0,0,,182.72,0.00,0.0
1272,2026-01-01,0,0,,0,0.00,0,0,,130.58,0.00,0.0
1272,2026-02-01,1,0,0.0,0,0.00,0,0,,84.05,0.00,0.0
1272,2026-03-01,1,1,1.0,1,400.59,1,0,0.0,488.30,0.00,0.0
1272,2026-04-01,0,0,,0,0.00,0,0,,362.59,0.00,0.0
1272,2026-05-01,2,1,0.5,1,334.81,0,0,,607.52,0.00,0.0
1272,2026-06-01,2,2,1.0,1,291.93,0,0,,680.00,0.00,0.0
1273,2025-01-01,1,0,0.0,0,0.00,0,0,,0.00,0.00,
1273,2025-02-01,3,0,0.0,0,0.00,0,0,,0.00,0.00,
1273,2025-04-01,4,2,0.5,2,339.05,2,0,0.0,429.55,0.00,0.0
1273,2025-05-01,1,1,1.0,1,176.24,1,1,1.0,550.62,0.00,0.0
1273,2025-06-01,1,1,1.0,1,342.93,1,0,0.0,908.24,0.00,0.0
1273,2025-07-01,3,2,0.6666666666666666,1,416.41,1,0,0.0,1306.64,0.00,0.0
1273,2025-08-01,3,1,0.3333333333333333,1,134.42,1,0,0.0,1305.51,143.80,0.11014852433148732
1273,2025-09-01,3,1,0.3333333333333333,1,99.48,1,0,0.0,1238.61,148.24,0.1196825473716505
1273,2025-10-01,3,2,0.6666666666666666,2,574.47,2,0,0.0,1616.34,149.07,0.09222688295779354
1273,2025-11-01,1,0,0.0,0,0.00,0,0,,1261.76,152.69,0.12101350494547299
1273,2025-12-01,1,1,1.0,1,141.39,1,0,0.0,1075.61,151.09,0.1404691291453222
1273,2026-01-01,6,4,0.6666666666666666,3,734.69,3,0,0.0,1631.20,146.49,0.08980505149583129
1273,2026-02-01,4,3,0.75,3,872.29,3,1,0.3333333333333333,2238.51,146.58,0.06548105659568194
1273,2026-03-01,4,1,0.25,1,187.62,1,0,0.0,1956.79,357.92,0.1829118096474328
1273,2026-04-01,1,1,1.0,0,0.00,0,0,,1515.19,146.61,0.09676014229238578
1273,2026-05-01,1,0,0.0,1,91.11,0,0,,1415.91,528.68,0.3733853140383216
1273,2026-06-01,1,1,1.0,1,282.22,0,0,,1441.66,528.11,0.3663207691133832
1274,2025-01-01,1,1,1.0,1,416.72,1,0,0.0,450.82,0.00,0.0
1274,2025-02-01,0,0,,0,0.00,0,0,,335.15,0.00,0.0
1274,2025-03-01,1,1,1.0,1,194.38,1,0,0.0,425.10,0.00,0.0
1274,2025-04-01,1,1,1.0,1,312.27,1,0,0.0,569.87,0.00,0.0
1274,2025-05-01,4,2,0.5,2,619.52,2,0,0.0,1177.01,0.00,0.0
1274,2025-06-01,5,2,0.4,2,176.51,2,0,0.0,1062.98,0.00,0.0
1274,2025-07-01,2,1,0.5,1,199.53,1,0,0.0,1036.23,0.00,0.0
1274,2025-08-01,2,0,0.0,0,0.00,0,0,,655.01,0.00,0.0
1274,2025-09-01,1,1,1.0,1,501.89,1,0,0.0,1059.37,0.00,0.0
1274,2025-10-01,2,0,0.0,0,0.00,0,0,,601.55,36.61,0.06085944643005569
1274,2025-11-01,0,0,,0,0.00,0,0,,325.79,37.50,0.11510482212468154
1274,2025-12-01,1,1,1.0,1,178.35,1,0,0.0,274.08,37.10,0.13536193812025687
1274,2026-01-01,2,0,0.0,0,0.00,0,0,,163.69,35.97,0.2197446392571324
1274,2026-02-01,1,0,0.0,0,0.00,0,0,,99.89,35.99,0.36029632595855443
1274,2026-03-01,1,0,0.0,0,0.00,0,0,,35.45,35.45,1.0
1274,2026-04-01,0,0,,0,0.00,0,0,,36.00,36.00,1.0
1274,2026-05-01,3,2,0.6666666666666666,1,156.16,0,0,,199.90,37.45,0.18734367183591796
1274,2026-06-01,1,1,1.0,1,376.96,0,0,,551.32,37.41,0.06785532902851338
1275,2025-01-01,15,12,0.8,11,3154.43,11,1,0.09090909090909091,3719.75,0.00,0.0
1275,2025-02-01,12,6,0.5,4,1212.47,4,0,0.0,4388.52,0.00,0.0
1275,2025-03-01,14,9,0.6428571428571429,9,2620.27,9,0,0.0,6433.45,0.00,0.0
1275,2025-04-01,20,12,0.6,8,1570.89,8,1,0.125,6662.48,0.00,0.0
1275,2025-05-01,14,7,0.5,6,1829.40,6,1,0.16666666666666666,6927.22,0.00,0.0
1275,2025-06-01,22,14,0.6363636363636364,12,4547.85,12,2,0.16666666666666666,10385.15,675.00,0.06499665387596713
1275,2025-07-01,14,9,0.6428571428571429,7,2481.55,7,2,0.2857142857142857,11405.58,1566.13,0.13731261365051142
1275,2025-08-01,4,3,0.75,2,571.88,2,0,0.0,8667.82,1434.53,0.1655006679880293
1275,2025-09-01,22,12,0.5454545454545454,10,2685.48,10,1,0.1,9636.59,992.74,0.10301776873354579
1275,2025-10-01,16,10,0.625,8,1874.86,8,1,0.125,9168.96,1210.29,0.13199861271071092
1275,2025-11-01,20,12,0.6,9,3074.06,9,1,0.1111111111111111,9910.33,916.95,0.0925246687042712
1275,2025-12-01,24,10,0.4166666666666667,11,3762.82,11,0,0.0,11621.42,807.71,0.06950183368297506
1275,2026-01-01,15,8,0.5333333333333333,6,2049.36,6,0,0.0,11388.63,1634.03,0.14347906640219238
1275,2026-02-01,19,6,0.3157894736842105,7,1642.54,7,0,0.0,10079.07,1726.43,0.17128862087474342
1275,2026-03-01,15,8,0.5333333333333333,6,1648.15,6,0,0.0,9155.22,1652.53,0.1805013970172208
1275,2026-04-01,12,7,0.5833333333333334,7,2248.25,7,0,0.0,9073.19,1589.61,0.1751985795514036
1275,2026-05-01,26,14,0.5384615384615384,11,2495.95,0,0,,9343.28,1621.38,0.17353434768090006
1275,2026-06-01,16,8,0.5,7,1989.54,0,0,,9231.24,1555.66,0.1685212387501571
1276,2025-02-01,1,0,0.0,0,0.00,0,0,,0.00,0.00,
1276,2025-07-01,1,0,0.0,0,0.00,0,0,,0.00,0.00,
1276,2025-10-01,2,1,0.5,0,0.00,0,0,,0.00,0.00,
1276,2025-11-01,0,0,,1,197.33,1,0,0.0,219.50,0.00,0.0
1276,2025-12-01,0,0,,0,0.00,0,0,,108.60,0.00,0.0
1276,2026-01-01,0,0,,0,0.00,0,0,,105.29,0.00,0.0
1276,2026-02-01,0,0,,0,0.00,0,0,,0.00,0.00,
1276,2026-03-01,0,0,,0,0.00,0,0,,0.00,0.00,
1276,2026-04-01,1,1,1.0,1,316.23,1,0,0.0,342.98,0.00,0.0
1276,2026-05-01,0,0,,0,0.00,0,0,,237.83,0.00,0.0
1276,2026-06-01,1,1,1.0,0,0.00,0,0,,118.79,0.00,0.0
1277,2025-01-01,3,2,0.6666666666666666,2,718.91,2,1,0.5,793.62,0.00,0.0
1277,2025-02-01,1,1,1.0,1,409.72,1,0,0.0,1128.36,0.00,0.0
1277,2025-03-01,1,0,0.0,0,0.00,0,0,,695.02,0.00,0.0
1277,2025-04-01,1,1,1.0,0,0.00,0,0,,409.27,0.00,0.0
1277,2025-05-01,0,0,,1,218.30,1,0,0.0,367.11,0.00,0.0
1277,2025-06-01,1,1,1.0,0,0.00,0,0,,218.25,0.00,0.0
1277,2025-07-01,1,1,1.0,0,0.00,0,0,,73.31,0.00,0.0
1277,2025-08-01,3,1,0.3333333333333333,0,0.00,0,0,,74.50,0.00,0.0
1277,2025-09-01,0,0,,0,0.00,0,0,,76.80,76.80,1.0
1277,2025-10-01,3,2,0.6666666666666666,2,497.98,2,0,0.0,638.74,77.23,0.12090991639790839
1277,2025-11-01,0,0,,0,0.00,0,0,,517.41,79.11,0.15289615585319186
1277,2025-12-01,1,1,1.0,1,327.84,1,0,0.0,729.85,78.27,0.10724121394807151
1277,2026-01-01,2,0,0.0,0,0.00,0,0,,448.89,75.89,0.16906146271915168
1277,2026-02-01,5,1,0.2,1,266.57,1,0,0.0,494.61,75.94,0.15353510846929905
1277,2026-03-01,1,1,1.0,0,0.00,0,0,,361.54,74.79,0.2068650771698844
1277,2026-04-01,1,1,1.0,2,349.72,2,0,0.0,631.29,75.95,0.12030920812938588
1277,2026-05-01,0,0,,0,0.00,0,0,,395.94,79.00,0.1995251805829166
1277,2026-06-01,1,1,1.0,0,0.00,0,0,,207.27,78.92,0.38075939595696434
1278,2025-01-01,1,0,0.0,0,0.00,0,0,,0.00,0.00,
1278,2025-03-01,2,2,1.0,0,0.00,0,0,,0.00,0.00,
1278,2025-04-01,0,0,,1,195.77,1,0,0.0,228.92,0.00,0.0
1278,2025-05-01,0,0,,0,0.00,0,0,,184.95,0.00,0.0
1278,2025-06-01,2,1,0.5,0,0.00,0,0,,133.09,0.00,0.0
1278,2025-07-01,0,0,,1,82.50,1,0,0.0,215.50,0.00,0.0
1278,2025-08-01,1,1,1.0,1,258.35,1,0,0.0,347.55,0.00,0.0
1278,2025-09-01,0,0,,0,0.00,0,0,,289.11,0.00,0.0
1278,2025-10-01,0,0,,0,0.00,0,0,,86.29,0.00,0.0
1278,2025-11-01,1,0,0.0,0,0.00,0,0,,86.37,0.00,0.0
1278,2025-12-01,1,1,1.0,1,192.28,1,0,0.0,298.34,84.94,0.2847087215928136
1278,2026-01-01,0,0,,0,0.00,0,0,,177.11,0.00,0.0
1278,2026-02-01,0,0,,0,0.00,0,0,,138.40,0.00,0.0
1278,2026-03-01,0,0,,0,0.00,0,0,,104.88,0.00,0.0
1278,2026-04-01,0,0,,0,0.00,0,0,,69.29,0.00,0.0
1278,2026-05-01,1,0,0.0,0,0.00,0,0,,34.32,0.00,0.0
1278,2026-06-01,0,0,,0,0.00,0,0,,0.00,0.00,
1279,2025-01-01,3,2,0.6666666666666666,1,87.90,1,1,1.0,94.41,0.00,0.0
1279,2025-02-01,2,1,0.5,0,0.00,0,0,,93.59,0.00,0.0
1279,2025-03-01,8,5,0.625,4,1157.89,4,1,0.25,1383.44,0.00,0.0
1279,2025-04-01,3,2,0.6666666666666666,1,155.45,1,0,0.0,1466.40,62.35,0.042519094380796506
1279,2025-05-01,4,3,0.75,2,572.76,2,0,0.0,1682.27,411.67,0.24471101547314048
1279,2025-06-01,5,2,0.4,2,618.33,2,0,0.0,1811.61,361.02,0.19928130226704424
1279,2025-07-01,7,3,0.42857142857142855,3,552.02,3,0,0.0,1956.19,59.67,0.030503171982271662
1279,2025-08-01,2,2,1.0,0,0.00,0,0,,1263.25,60.64,0.048003166435780724
1279,2025-09-01,8,3,0.375,4,1064.95,4,1,0.25,2061.53,62.51,0.03032213938191537
1279,2025-10-01,2,1,0.5,1,89.94,1,0,0.0,1447.21,62.86,0.04343529964552484
1279,2025-11-01,2,1,0.5,1,260.11,1,0,0.0,1297.24,64.39,0.04963615059665135
1279,2025-12-01,3,1,0.3333333333333333,0,0.00,0,0,,575.63,63.71,0.11067873460382538
1279,2026-01-01,7,5,0.7142857142857143,3,823.30,3,0,0.0,1224.38,61.77,0.050450023685457125
1279,2026-02-01,4,2,0.5,2,408.31,2,0,0.0,1146.36,61.81,0.053918489828675115
1279,2026-03-01,4,4,1.0,4,1567.33,4,0,0.0,2649.21,120.15,0.045353143012445224
1279,2026-04-01,2,1,0.5,1,98.02,1,0,0.0,1764.99,61.82,0.03502569419656769
1279,2026-05-01,1,0,0.0,1,41.14,0,0,,1073.04,64.31,0.05993252814433759
1279,2026-06-01,6,3,0.5,2,596.76,0,0,,1533.35,64.24,0.041895196791339226
1280,2025-01-01,1,1,1.0,1,62.43,1,0,0.0,65.50,0.00,0.0
1280,2025-02-01,3,1,0.3333333333333333,1,273.10,1,0,0.0,329.92,0.00,0.0
1280,2025-03-01,0,0,,0,0.00,0,0,,186.91,0.00,0.0
1280,2025-04-01,1,1,1.0,0,0.00,0,0,,95.46,0.00,0.0
1280,2025-05-01,1,0,0.0,1,372.66,1,1,1.0,431.42,0.00,0.0
1280,2025-06-01,1,0,0.0,0,0.00,0,0,,426.92,0.00,0.0
1280,2025-07-01,1,1,1.0,1,56.15,1,0,0.0,343.37,0.00,0.0
1280,2025-08-01,1,0,0.0,0,0.00,0,0,,256.75,0.00,0.0
1280,2025-09-01,2,2,1.0,0,0.00,0,0,,244.29,0.00,0.0
1280,2025-10-01,1,0,0.0,0,0.00,0,0,,225.14,225.14,1.0
1280,2025-11-01,5,5,1.0,3,1000.52,3,1,0.3333333333333333,1382.89,230.61,0.16675946749199141
1280,2025-12-01,1,0,0.0,1,648.75,1,0,0.0,2062.00,228.18,0.11065955383123181
1280,2026-01-01,3,0,0.0,0,0.00,0,0,,1601.56,221.24,0.13814031319463524
1280,2026-02-01,2,2,1.0,1,570.92,1,0,0.0,1979.47,221.37,0.11183296538972554
1280,2026-03-01,1,1,1.0,1,168.43,1,0,0.0,1854.74,218.03,0.11755286455244401
1280,2026-04-01,0,0,,0,0.00,0,0,,1603.19,221.42,0.1381121389230222
1280,2026-05-01,0,0,,0,0.00,0,0,,1308.89,230.32,0.1759658947657939
1280,2026-06-01,1,0,0.0,0,0.00,0,0,,1075.71,260.35,0.2420261966515139
1281,2025-01-01,2,0,0.0,0,0.00,0,0,,0.00,0.00,
1281,2025-02-01,1,0,0.0,0,0.00,0,0,,0.00,0.00,
1281,2025-03-01,1,0,0.0,0,0.00,0,0,,0.00,0.00,
1281,2025-04-01,1,1,1.0,1,285.88,1,0,0.0,306.32,0.00,0.0
1281,2025-05-01,1,0,0.0,0,0.00,0,0,,197.99,0.00,0.0
1281,2025-06-01,0,0,,0,0.00,0,0,,104.76,0.00,0.0
1281,2025-07-01,1,1,1.0,1,355.72,1,0,0.0,493.25,0.00,0.0
1281,2025-08-01,1,1,1.0,0,0.00,0,0,,288.41,0.00,0.0
1281,2025-09-01,1,1,1.0,2,1542.75,2,0,0.0,1505.43,0.00,0.0
1281,2025-10-01,0,0,,0,0.00,0,0,,1071.01,0.00,0.0
1281,2025-11-01,3,1,0.3333333333333333,1,786.64,1,0,0.0,1365.08,0.00,0.0
1281,2025-12-01,0,0,,0,0.00,0,0,,835.00,0.00,0.0
1281,2026-01-01,0,0,,0,0.00,0,0,,624.19,209.34,0.3353786507313478
1281,2026-02-01,1,0,0.0,0,0.00,0,0,,202.61,0.00,0.0
1281,2026-03-01,0,0,,0,0.00,0,0,,204.72,0.00,0.0
1281,2026-04-01,2,1,0.5,1,327.22,1,0,0.0,469.58,0.00,0.0
1281,2026-05-01,0,0,,0,0.00,0,0,,387.64,0.00,0.0
1281,2026-06-01,0,0,,0,0.00,0,0,,394.27,0.00,0.0
1282,2025-06-01,1,0,0.0,0,0.00,0,0,,0.00,0.00,
1282,2025-07-01,1,1,1.0,0,0.00,0,0,,0.00,0.00,
1282,2026-02-01,1,1,1.0,1,264.83,1,0,0.0,296.96,0.00,0.0
1282,2026-03-01,0,0,,0,0.00,0,0,,219.35,0.00,0.0
1282,2026-04-01,0,0,,0,0.00,0,0,,222.77,0.00,0.0
1282,2026-05-01,1,0,0.0,0,0.00,0,0,,77.24,0.00,0.0
1282,2026-06-01,0,0,,0,0.00,0,0,,0.00,0.00,
1283,2025-01-01,3,1,0.3333333333333333,1,384.69,1,0,0.0,416.37,0.00,0.0
1283,2025-02-01,2,2,1.0,1,103.71,1,0,0.0,387.69,0.00,0.0
1283,2025-03-01,2,1,0.5,2,567.79,2,0,0.0,795.15,0.00,0.0
1283,2025-04-01,1,1,1.0,1,49.99,1,0,0.0,540.10,0.00,0.0
1283,2025-05-01,6,3,0.5,3,1412.94,3,0,0.0,1993.84,0.00,0.0
1283,2025-06-01,3,1,0.3333333333333333,0,0.00,0,0,,1567.78,317.01,0.20220311523300463
1283,2025-07-01,3,2,0.6666666666666666,0,0.00,0,0,,1341.79,288.52,0.2150261963496523
1283,2025-08-01,2,0,0.0,1,395.71,1,0,0.0,1340.48,0.00,0.0
1283,2025-09-01,2,0,0.0,0,0.00,0,0,,1150.67,0.00,0.0
1283,2025-10-01,3,3,1.0,3,605.33,3,0,0.0,1732.21,212.76,0.12282575438312905
1283,2025-11-01,1,0,0.0,0,0.00,0,0,,1235.22,168.12,0.1361053091756934
1283,2025-12-01,0,0,,0,0.00,0,0,,875.78,0.00,0.0
1283,2026-01-01,2,0,0.0,0,0.00,0,0,,577.59,119.48,0.2068595370418463
1283,2026-02-01,1,0,0.0,0,0.00,0,0,,325.19,0.00,0.0
1283,2026-03-01,1,0,0.0,0,0.00,0,0,,203.68,0.00,0.0
1283,2026-04-01,0,0,,0,0.00,0,0,,88.41,0.00,0.0
1283,2026-05-01,1,1,1.0,1,184.64,0,0,,211.73,0.00,0.0
1283,2026-06-01,2,1,0.5,1,200.36,0,0,,451.29,0.00,0.0
1284,2025-01-01,3,2,0.6666666666666666,1,558.19,1,0,0.0,590.71,0.00,0.0
1284,2025-02-01,4,4,1.0,3,1419.68,3,0,0.0,1792.48,0.00,0.0
1284,2025-03-01,2,0,0.0,0,0.00,0,0,,1521.83,0.00,0.0
1284,2025-04-01,3,1,0.3333333333333333,1,61.29,1,0,0.0,806.45,0.00,0.0
1284,2025-05-01,4,4,1.0,3,821.05,3,1,0.3333333333333333,954.75,0.00,0.0
1284,2025-06-01,2,2,1.0,1,454.08,1,0,0.0,1286.69,0.00,0.0
1284,2025-07-01,0,0,,0,0.00,0,0,,1018.84,245.83,0.24128420556711555
1284,2025-08-01,3,1,0.3333333333333333,1,165.77,1,0,0.0,920.45,249.80,0.27138899451355314
1284,2025-09-01,2,1,0.5,1,67.03,1,0,0.0,753.39,257.52,0.3418149962170987
1284,2025-10-01,3,2,0.6666666666666666,0,0.00,0,0,,467.11,258.96,0.5543876174776818
1284,2025-11-01,3,3,1.0,1,1214.50,1,0,0.0,1689.34,265.25,0.15701398179170564
1284,2025-12-01,3,1,0.3333333333333333,1,200.84,1,0,0.0,1462.76,262.46,0.1794279307610271
1284,2026-01-01,7,5,0.7142857142857143,1,389.64,1,0,0.0,1498.27,254.47,0.16984255174301027
1284,2026-02-01,1,1,1.0,3,908.97,3,0,0.0,1898.02,254.63,0.13415559372398606
1284,2026-03-01,6,3,0.5,1,226.28,1,0,0.0,1301.91,250.78,0.19262468219769416
1284,2026-04-01,3,2,0.6666666666666666,2,1850.07,2,0,0.0,1837.32,254.68,0.13861493915050183
1284,2026-05-01,4,3,0.75,3,814.05,0,0,,2452.20,264.91,0.10802952450860454
1284,2026-06-01,5,3,0.6,2,692.34,0,0,,2187.44,264.62,0.12097246095892916
1285,2025-05-01,1,1,1.0,1,74.10,1,0,0.0,78.58,0.00,0.0
1285,2025-06-01,1,1,1.0,1,388.83,1,0,0.0,475.41,0.00,0.0
1285,2025-07-01,0,0,,0,0.00,0,0,,352.12,0.00,0.0
1285,2025-08-01,0,0,,0,0.00,0,0,,338.04,0.00,0.0
1285,2025-09-01,1,0,0.0,0,0.00,0,0,,328.07,328.07,1.0
1285,2025-10-01,0,0,,0,0.00,0,0,,329.90,329.90,1.0
1285,2025-11-01,0,0,,0,0.00,0,0,,337.92,337.92,1.0
1285,2025-12-01,1,1,1.0,1,311.48,1,0,0.0,672.12,334.36,0.49747068975778136
1285,2026-01-01,0,0,,0,0.00,0,0,,542.50,324.19,0.5975852534562212
1285,2026-02-01,0,0,,0,0.00,0,0,,433.59,324.38,0.7481261099195092
1285,2026-03-01,0,0,,0,0.00,0,0,,319.48,319.48,1.0
1285,2026-04-01,0,0,,0,0.00,0,0,,324.45,324.45,1.0
1285,2026-05-01,3,1,0.3333333333333333,0,0.00,0,0,,337.48,337.48,1.0
1285,2026-06-01,1,0,0.0,0,0.00,0,0,,337.12,337.12,1.0
1286,2024-12-01,1,1,1.0,0,0.00,0,0,,0.00,0.00,
1286,2025-01-01,49,31,0.6326530612244898,22,8971.20,22,2,0.09090909090909091,9867.84,0.00,0.0
1286,2025-02-01,52,24,0.46153846153846156,24,4781.66,24,0,0.0,12536.41,0.00,0.0
1286,2025-03-01,62,36,0.5806451612903226,31,8946.42,31,2,0.06451612903225806,17555.03,498.77,0.02841179992287111
1286,2025-04-01,65,34,0.5230769230769231,34,12588.72,34,5,0.14705882352941177,26378.59,0.00,0.0
1286,2025-05-01,58,29,0.5,22,7076.48,22,3,0.13636363636363635,25459.09,435.54,0.01710744570996057
1286,2025-06-01,55,31,0.5636363636363636,25,6468.37,25,4,0.16,24192.97,747.35,0.030891205172411656
1286,2025-07-01,48,23,0.4791666666666667,18,5924.26,18,4,0.2222222222222222,22981.54,1523.08,0.06627406170343675
1286,2025-08-01,59,37,0.6271186440677966,32,9839.99,32,3,0.09375,26992.04,1519.59,0.05629770850961987
1286,2025-09-01,49,23,0.46938775510204084,26,7027.70,26,3,0.11538461538461539,27156.34,2559.66,0.0942564425102941
1286,2025-10-01,63,34,0.5396825396825397,32,9704.85,32,4,0.125,29052.29,2592.89,0.08924907468567882
1286,2025-11-01,66,42,0.6363636363636364,37,13312.81,37,5,0.13513513513513514,35994.20,3325.26,0.09238321729611994
1286,2025-12-01,53,23,0.4339622641509434,18,4140.26,18,1,0.05555555555555555,31834.12,3423.89,0.10755409604537522
1286,2026-01-01,57,35,0.6140350877192983,28,8217.68,28,2,0.07142857142857142,29573.61,4821.16,0.16302237028215358
1286,2026-02-01,56,31,0.5535714285714286,25,8211.19,25,1,0.04,30258.81,4978.97,0.16454612722707865
1286,2026-03-01,58,32,0.5517241379310345,27,6671.12,27,1,0.037037037037037035,29501.81,6395.68,0.21678941054803078
1286,2026-04-01,47,26,0.5531914893617021,27,7419.37,27,3,0.1111111111111111,29065.74,6497.46,0.22354359462377354
1286,2026-05-01,67,29,0.43283582089552236,26,9618.92,0,0,,32983.76,6877.98,0.20852625655777265
1286,2026-06-01,50,27,0.54,23,9317.14,0,0,,36145.30,8268.78,0.2287650123252539
1287,2025-02-01,2,1,0.5,1,556.74,1,0,0.0,602.03,0.00,0.0
1287,2025-03-01,0,0,,0,0.00,0,0,,407.33,0.00,0.0
1287,2025-04-01,0,0,,0,0.00,0,0,,206.17,0.00,0.0
1287,2025-05-01,1,1,1.0,1,313.22,1,0,0.0,537.10,0.00,0.0
1287,2025-06-01,2,1,0.5,0,0.00,0,0,,479.14,211.52,0.44145761155403435
1287,2025-07-01,1,1,1.0,0,0.00,0,0,,188.15,0.00,0.0
1287,2025-08-01,1,1,1.0,0,0.00,0,0,,94.50,0.00,0.0
1287,2025-09-01,0,0,,0,0.00,0,0,,0.00,0.00,
1287,2025-10-01,0,0,,0,0.00,0,0,,0.00,0.00,
1287,2025-11-01,0,0,,0,0.00,0,0,,0.00,0.00,
1287,2025-12-01,0,0,,0,0.00,0,0,,0.00,0.00,
1287,2026-01-01,2,1,0.5,1,99.20,1,0,0.0,104.35,0.00,0.0
1287,2026-02-01,0,0,,0,0.00,0,0,,67.95,0.00,0.0
1287,2026-03-01,1,0,0.0,0,0.00,0,0,,34.33,0.00,0.0
1287,2026-04-01,0,0,,0,0.00,0,0,,0.00,0.00,
1287,2026-05-01,0,0,,0,0.00,0,0,,0.00,0.00,
1287,2026-06-01,1,1,1.0,1,79.23,0,0,,85.18,0.00,0.0
1288,2025-04-01,1,1,1.0,1,430.16,1,1,1.0,513.46,0.00,0.0
1288,2025-05-01,0,0,,0,0.00,0,0,,497.82,0.00,0.0
1288,2025-06-01,0,0,,0,0.00,0,0,,526.79,526.79,1.0
1288,2025-07-01,1,1,1.0,1,743.17,1,0,0.0,1205.36,0.00,0.0
1288,2025-08-01,2,0,0.0,0,0.00,0,0,,745.25,0.00,0.0
1288,2025-09-01,0,0,,0,0.00,0,0,,737.93,0.00,0.0
1288,2025-10-01,1,1,1.0,1,101.70,1,0,0.0,591.61,0.00,0.0
1288,2025-11-01,1,0,0.0,0,0.00,0,0,,433.14,87.52,0.20205938033892043
1288,2025-12-01,1,0,0.0,0,0.00,0,0,,183.48,0.00,0.0
1288,2026-01-01,0,0,,0,0.00,0,0,,26.94,0.00,0.0
1288,2026-02-01,0,0,,0,0.00,0,0,,0.00,0.00,
1288,2026-03-01,0,0,,0,0.00,0,0,,0.00,0.00,
1288,2026-04-01,0,0,,0,0.00,0,0,,0.00,0.00,
1288,2026-05-01,0,0,,0,0.00,0,0,,0.00,0.00,
1288,2026-06-01,1,1,1.0,1,282.21,0,0,,293.11,0.00,0.0
1289,2025-03-01,1,1,1.0,1,135.32,1,0,0.0,151.93,0.00,0.0
1289,2025-04-01,0,0,,0,0.00,0,0,,102.53,0.00,0.0
1289,2025-05-01,0,0,,0,0.00,0,0,,49.70,0.00,0.0
1289,2025-06-01,0,0,,0,0.00,0,0,,0.00,0.00,
1289,2025-07-01,0,0,,0,0.00,0,0,,0.00,0.00,
1289,2025-08-01,0,0,,0,0.00,0,0,,0.00,0.00,
1289,2025-09-01,0,0,,0,0.00,0,0,,0.00,0.00,
1289,2025-10-01,0,0,,0,0.00,0,0,,0.00,0.00,
1289,2025-11-01,0,0,,0,0.00,0,0,,0.00,0.00,
1289,2025-12-01,0,0,,0,0.00,0,0,,0.00,0.00,
1289,2026-01-01,0,0,,0,0.00,0,0,,0.00,0.00,
1289,2026-02-01,0,0,,0,0.00,0,0,,0.00,0.00,
1289,2026-03-01,0,0,,0,0.00,0,0,,0.00,0.00,
1289,2026-04-01,0,0,,0,0.00,0,0,,0.00,0.00,
1289,2026-05-01,0,0,,0,0.00,0,0,,0.00,0.00,
1289,2026-06-01,1,1,1.0,0,0.00,0,0,,0.00,0.00,
1290,2025-01-01,28,15,0.5357142857142857,12,3353.99,12,3,0.25,3731.61,0.00,0.0
1290,2025-02-01,43,27,0.627906976744186,20,5055.26,20,3,0.15,8928.06,0.00,0.0
1290,2025-03-01,24,17,0.7083333333333334,15,4690.72,15,2,0.13333333333333333,12371.44,1413.70,0.11427125702424293
1290,2025-04-01,32,16,0.5,14,4934.51,14,1,0.07142857142857142,15430.58,533.54,0.034576794909847844
1290,2025-05-01,34,15,0.4411764705882353,17,4643.78,17,1,0.058823529411764705,14678.62,1689.84,0.1151225387672683
1290,2025-06-01,40,18,0.45,13,3708.86,13,2,0.15384615384615385,14754.31,1905.96,0.12917988031971675
1290,2025-07-01,22,13,0.5909090909090909,12,3529.09,12,1,0.08333333333333333,14466.06,1954.23,0.13509068813484806
1290,2025-08-01,31,20,0.6451612903225806,18,6112.72,18,1,0.05555555555555555,16226.71,1483.94,0.0914504542202332
1290,2025-09-01,29,13,0.4482758620689655,7,1212.22,7,2,0.2857142857142857,13149.16,2265.94,0.17232583678349037
1290,2025-10-01,32,15,0.46875,18,4478.50,18,0,0.0,14316.92,1901.86,0.13284002425102606
1290,2025-11-01,33,17,0.5151515151515151,11,3972.90,11,0,0.0,15395.61,3706.63,0.24075889165807654
1290,2025-12-01,28,15,0.5357142857142857,13,3867.91,13,1,0.07692307692307693,14230.26,2594.55,0.1823262540529829
1290,2026-01-01,43,25,0.5813953488372093,20,6325.18,20,0,0.0,17247.10,2823.92,0.1637330333795247
1290,2026-02-01,35,26,0.7428571428571429,20,6613.32,20,4,0.2,19570.43,2752.68,0.1406550596997613
1290,2026-03-01,30,12,0.4,13,3441.38,13,2,0.15384615384615385,17783.75,2711.06,0.15244591270120195
1290,2026-04-01,34,22,0.6470588235294118,17,4778.92,17,1,0.058823529411764705,18942.09,3479.83,0.18370887267455702
1290,2026-05-01,22,11,0.5,12,2960.91,0,0,,16834.34,3842.41,0.22824833049587925
1290,2026-06-01,37,19,0.5135135135135135,13,3344.01,0,0,,16778.14,3431.15,0.20450121407974903
1291,2025-01-01,5,2,0.4,2,1727.46,2,0,0.0,1899.56,0.00,0.0
1291,2025-02-01,4,1,0.25,1,404.36,1,0,0.0,1827.19,0.00,0.0
1291,2025-03-01,3,2,0.6666666666666666,2,696.81,2,0,0.0,1995.20,0.00,0.0
1291,2025-04-01,4,3,0.75,2,165.80,2,0,0.0,1384.90,0.00,0.0
1291,2025-05-01,3,0,0.0,1,342.11,1,0,0.0,1155.50,0.00,0.0
1291,2025-06-01,2,1,0.5,1,195.41,1,0,0.0,1040.52,0.00,0.0
1291,2025-07-01,1,0,0.0,0,0.00,0,0,,977.43,0.00,0.0
1291,2025-08-01,2,2,1.0,2,724.37,2,1,0.5,1511.61,481.42,0.3184816189361013
1291,2025-09-01,4,2,0.5,2,628.59,2,0,0.0,1966.83,496.31,0.2523400598933309
1291,2025-10-01,6,4,0.6666666666666666,4,1521.67,4,0,0.0,3447.80,682.20,0.1978653054121469
1291,2025-11-01,2,2,1.0,2,1405.63,2,0,0.0,3423.90,610.34,0.1782587108268349
1291,2025-12-01,4,1,0.25,1,331.04,1,0,0.0,2649.62,603.91,0.227923249371608
1291,2026-01-01,5,4,0.8,1,266.53,1,0,0.0,1902.06,585.53,0.30783992092783613
1291,2026-02-01,5,2,0.4,5,1811.28,5,0,0.0,2916.30,585.88,0.200898398655831
1291,2026-03-01,1,1,1.0,1,265.01,1,0,0.0,2175.03,589.15,0.2708698270828448
1291,2026-04-01,4,1,0.25,1,57.41,1,0,0.0,1619.29,586.02,0.3618993509501078
1291,2026-05-01,2,2,1.0,2,623.23,0,0,,2025.39,609.55,0.30095438409392755
1291,2026-06-01,3,1,0.3333333333333333,0,0.00,0,0,,1084.14,608.89,0.5616341062962348
1292,2025-05-01,1,0,0.0,0,0.00,0,0,,0.00,0.00,
1292,2025-06-01,1,1,1.0,1,42.98,1,0,0.0,45.73,0.00,0.0
1292,2025-07-01,2,1,0.5,1,125.04,1,0,0.0,165.09,0.00,0.0
1292,2025-08-01,0,0,,0,0.00,0,0,,61.12,0.00,0.0
1292,2025-09-01,0,0,,0,0.00,0,0,,47.00,0.00,0.0
1292,2025-10-01,0,0,,0,0.00,0,0,,0.00,0.00,
1292,2025-11-01,0,0,,0,0.00,0,0,,0.00,0.00,
1292,2025-12-01,1,0,0.0,0,0.00,0,0,,0.00,0.00,
1292,2026-01-01,1,1,1.0,1,337.02,1,0,0.0,364.96,0.00,0.0
1292,2026-02-01,0,0,,0,0.00,0,0,,243.45,0.00,0.0
1292,2026-03-01,0,0,,0,0.00,0,0,,119.87,0.00,0.0
1292,2026-04-01,2,0,0.0,0,0.00,0,0,,0.00,0.00,
1292,2026-05-01,0,0,,0,0.00,0,0,,0.00,0.00,
1292,2026-06-01,0,0,,0,0.00,0,0,,0.00,0.00,
1293,2025-01-01,1,1,1.0,0,0.00,0,0,,0.00,0.00,
1293,2025-03-01,2,1,0.5,1,95.41,1,0,0.0,120.98,0.00,0.0
1293,2025-04-01,3,2,0.6666666666666666,2,454.11,2,1,0.5,609.86,0.00,0.0
1293,2025-05-01,1,1,1.0,1,303.46,1,0,0.0,841.71,0.00,0.0
1293,2025-06-01,0,0,,0,0.00,0,0,,658.10,156.57,0.23791217140252238
1293,2025-07-01,1,1,1.0,0,0.00,0,0,,483.82,156.74,0.32396345748418837
1293,2025-08-01,0,0,,1,179.42,1,0,0.0,446.80,159.27,0.35646821844225607
1293,2025-09-01,0,0,,0,0.00,0,0,,363.30,164.20,0.4519680704651802
1293,2025-10-01,4,3,0.75,3,1670.53,3,1,0.3333333333333333,2205.55,165.12,0.07486567976241754
1293,2025-11-01,2,1,0.5,0,0.00,0,0,,2056.62,169.13,0.08223687409438789
1293,2025-12-01,2,1,0.5,1,451.23,1,0,0.0,1700.57,167.35,0.09840818078644219
1293,2026-01-01,1,1,1.0,0,0.00,0,0,,1077.27,162.26,0.15062147836661188
1293,2026-02-01,0,0,,1,436.08,1,0,0.0,1252.98,162.35,0.12957110249165987
1293,2026-03-01,0,0,,0,0.00,0,0,,1143.27,159.90,0.13986197486158125
1293,2026-04-01,0,0,,0,0.00,0,0,,809.72,162.39,0.20055080768660768
1293,2026-05-01,1,0,0.0,0,0.00,0,0,,752.74,168.91,0.22439354890134708
1293,2026-06-01,0,0,,0,0.00,0,0,,662.52,168.73,0.25467910402704824
1294,2025-01-01,3,3,1.0,3,860.70,3,1,0.3333333333333333,974.64,0.00,0.0
1294,2025-02-01,0,0,,0,0.00,0,0,,829.31,0.00,0.0
1294,2025-03-01,0,0,,0,0.00,0,0,,677.38,330.65,0.4881307390238861
1294,2025-04-01,1,0,0.0,0,0.00,0,0,,499.02,281.49,0.5640856077912709
1294,2025-05-01,1,0,0.0,0,0.00,0,0,,202.21,0.00,0.0
1294,2025-06-01,0,0,,0,0.00,0,0,,92.46,0.00,0.0
1294,2025-07-01,3,1,0.3333333333333333,1,313.95,1,0,0.0,384.13,0.00,0.0
1294,2025-08-01,0,0,,0,0.00,0,0,,278.47,54.76,0.1966459582719862
1294,2025-09-01,3,2,0.6666666666666666,1,238.12,1,0,0.0,389.76,0.00,0.0
1294,2025-10-01,1,1,1.0,0,0.00,0,0,,206.99,0.00,0.0
1294,2025-11-01,2,2,1.0,3,1057.03,3,0,0.0,1289.45,0.00,0.0
1294,2025-12-01,0,0,,0,0.00,0,0,,779.14,0.00,0.0
1294,2026-01-01,2,1,0.5,1,184.38,1,0,0.0,610.47,0.00,0.0
1294,2026-02-01,0,0,,0,0.00,0,0,,214.36,0.00,0.0
1294,2026-03-01,2,0,0.0,0,0.00,0,0,,99.07,0.00,0.0
1294,2026-04-01,0,0,,0,0.00,0,0,,50.32,0.00,0.0
1294,2026-05-01,1,1,1.0,0,0.00,0,0,,0.00,0.00,
1294,2026-06-01,0,0,,0,0.00,0,0,,0.00,0.00,
1295,2025-03-01,1,0,0.0,0,0.00,0,0,,0.00,0.00,
1295,2025-04-01,1,0,0.0,0,0.00,0,0,,0.00,0.00,
1295,2025-05-01,1,1,1.0,1,219.99,1,0,0.0,233.64,0.00,0.0
1295,2025-06-01,3,2,0.6666666666666666,1,302.26,1,0,0.0,502.10,0.00,0.0
1295,2025-07-01,1,0,0.0,1,141.24,1,0,0.0,411.09,0.00,0.0
1295,2025-08-01,1,0,0.0,0,0.00,0,0,,253.10,0.00,0.0
1295,2025-09-01,2,1,0.5,1,903.39,1,0,0.0,1170.69,0.00,0.0
1295,2025-10-01,0,0,,0,0.00,0,0,,736.79,0.00,0.0
1295,2025-11-01,1,1,1.0,1,192.60,1,0,0.0,569.21,0.00,0.0
1295,2025-12-01,1,1,1.0,1,209.55,1,0,0.0,295.73,0.00,0.0
1295,2026-01-01,0,0,,0,0.00,0,0,,213.76,0.00,0.0
1295,2026-02-01,1,0,0.0,0,0.00,0,0,,73.01,0.00,0.0
1295,2026-03-01,0,0,,0,0.00,0,0,,0.00,0.00,
1295,2026-04-01,1,0,0.0,0,0.00,0,0,,0.00,0.00,
1295,2026-05-01,1,0,0.0,0,0.00,0,0,,0.00,0.00,
1295,2026-06-01,2,2,1.0,2,259.72,0,0,,319.51,0.00,0.0
1296,2025-01-01,1,1,1.0,0,0.00,0,0,,0.00,0.00,
1296,2025-02-01,4,1,0.25,1,461.46,1,0,0.0,483.75,0.00,0.0
1296,2025-03-01,5,1,0.2,1,246.05,1,0,0.0,761.42,0.00,0.0
1296,2025-04-01,2,1,0.5,0,0.00,0,0,,513.84,0.00,0.0
1296,2025-05-01,3,1,0.3333333333333333,1,481.78,1,0,0.0,866.06,0.00,0.0
1296,2025-06-01,4,2,0.5,1,123.48,1,0,0.0,777.55,169.96,0.21858401388978202
1296,2025-07-01,3,1,0.3333333333333333,2,494.35,2,0,0.0,809.78,179.23,0.2213317197263454
1296,2025-08-01,4,3,0.75,3,1032.04,3,1,0.3333333333333333,1732.28,180.05,0.1039381624217794
1296,2025-09-01,5,1,0.2,1,91.95,1,0,0.0,1538.10,178.28,0.11590923867108771
1296,2025-10-01,2,2,1.0,2,380.47,2,0,0.0,1359.77,169.25,0.12446957941416563
1296,2025-11-01,2,1,0.5,1,207.43,1,0,0.0,1301.73,169.42,0.13014987747075046
1296,2025-12-01,3,2,0.6666666666666666,2,482.60,2,1,0.5,1562.78,166.61,0.10661129525589015
1296,2026-01-01,3,1,0.3333333333333333,1,37.82,1,0,0.0,1040.32,165.94,0.15950861273454323
1296,2026-02-01,3,2,0.6666666666666666,1,187.07,1,0,0.0,762.94,162.08,0.21244134532204367
1296,2026-03-01,2,1,0.5,2,316.33,2,0,0.0,920.20,163.77,0.17797217996087808
1296,2026-04-01,2,1,0.5,1,202.56,1,0,0.0,1033.75,162.31,0.15701088270858524
1296,2026-05-01,1,0,0.0,0,0.00,0,0,,880.57,160.78,0.18258627934178998
1296,2026-06-01,4,4,1.0,4,982.19,0,0,,2044.44,163.53,0.07998767388624757
1297,2025-01-01,1,0,0.0,0,0.00,0,0,,0.00,0.00,
1297,2025-02-01,1,1,1.0,0,0.00,0,0,,0.00,0.00,
1297,2025-04-01,2,1,0.5,0,0.00,0,0,,0.00,0.00,
1297,2025-05-01,1,0,0.0,1,113.64,1,0,0.0,105.70,0.00,0.0
1297,2025-06-01,0,0,,0,0.00,0,0,,92.06,0.00,0.0
1297,2025-07-01,1,1,1.0,1,130.62,1,0,0.0,203.61,0.00,0.0
1297,2025-08-01,2,1,0.5,1,385.47,1,0,0.0,594.58,0.00,0.0
1297,2025-09-01,1,1,1.0,1,291.04,1,0,0.0,799.59,0.00,0.0
1297,2025-10-01,2,1,0.5,0,0.00,0,0,,587.08,0.00,0.0
1297,2025-11-01,0,0,,1,371.26,1,0,0.0,854.87,0.00,0.0
1297,2025-12-01,2,2,1.0,2,780.22,2,0,0.0,1331.88,0.00,0.0
1297,2026-01-01,0,0,,0,0.00,0,0,,1008.45,0.00,0.0
1297,2026-02-01,0,0,,0,0.00,0,0,,711.15,0.00,0.0
1297,2026-03-01,2,1,0.5,0,0.00,0,0,,514.89,0.00,0.0
1297,2026-04-01,0,0,,0,0.00,0,0,,253.13,0.00,0.0
1297,2026-05-01,1,1,1.0,1,223.15,0,0,,448.69,0.00,0.0
1297,2026-06-01,1,1,1.0,1,212.72,0,0,,624.82,0.00,0.0
1298,2025-02-01,1,1,1.0,0,0.00,0,0,,0.00,0.00,
1298,2025-03-01,0,0,,1,76.74,1,0,0.0,86.65,0.00,0.0
1298,2025-04-01,1,1,1.0,1,111.38,1,0,0.0,186.54,0.00,0.0
1298,2025-05-01,0,0,,0,0.00,0,0,,141.53,0.00,0.0
1298,2025-06-01,0,0,,0,0.00,0,0,,59.43,0.00,0.0
1298,2025-07-01,1,0,0.0,0,0.00,0,0,,0.00,0.00,
1298,2025-08-01,0,0,,0,0.00,0,0,,0.00,0.00,
1298,2025-09-01,1,1,1.0,1,546.86,1,0,0.0,642.49,0.00,0.0
1298,2025-10-01,1,0,0.0,0,0.00,0,0,,538.38,0.00,0.0
1298,2025-11-01,2,1,0.5,0,0.00,0,0,,441.16,0.00,0.0
1298,2025-12-01,2,1,0.5,1,253.23,1,0,0.0,622.59,0.00,0.0
1298,2026-01-01,0,0,,0,0.00,0,0,,450.12,0.00,0.0
1298,2026-02-01,0,0,,0,0.00,0,0,,315.87,0.00,0.0
1298,2026-03-01,1,1,1.0,1,115.56,1,0,0.0,263.66,0.00,0.0
1298,2026-04-01,0,0,,0,0.00,0,0,,236.65,0.00,0.0
1298,2026-05-01,0,0,,0,0.00,0,0,,146.84,0.00,0.0
1298,2026-06-01,0,0,,0,0.00,0,0,,52.22,0.00,0.0
1299,2025-03-01,2,1,0.5,0,0.00,0,0,,0.00,0.00,
1299,2025-04-01,3,3,1.0,3,937.66,3,0,0.0,1055.12,0.00,0.0
1299,2025-05-01,1,1,1.0,2,521.38,2,0,0.0,1334.13,0.00,0.0
1299,2025-06-01,3,1,0.3333333333333333,1,405.86,1,0,0.0,1691.03,0.00,0.0
1299,2025-07-01,2,1,0.5,1,194.92,1,0,0.0,1313.34,0.00,0.0
1299,2025-08-01,2,2,1.0,1,438.22,1,0,0.0,1515.66,0.00,0.0
1299,2025-09-01,0,0,,1,307.01,1,0,0.0,1669.83,400.47,0.23982680871705506
1299,2025-10-01,0,0,,0,0.00,0,0,,945.97,289.83,0.306383923380234
1299,2025-11-01,3,1,0.3333333333333333,1,179.85,1,0,0.0,965.77,290.12,0.3004027874131522
1299,2025-12-01,0,0,,0,0.00,0,0,,789.53,285.31,0.36136688916190646
1299,2026-01-01,1,0,0.0,0,0.00,0,0,,666.75,284.16,0.4261867266591676
1299,2026-02-01,3,2,0.6666666666666666,0,0.00,0,0,,534.47,277.56,0.5193182030796863
1299,2026-03-01,2,1,0.5,1,842.91,1,0,0.0,1388.56,280.45,0.2019718269286167
1299,2026-04-01,2,1,0.5,1,331.48,1,1,1.0,1494.41,277.94,0.18598644281020602
1299,2026-05-01,1,1,1.0,0,0.00,0,0,,1203.94,275.33,0.22869079854477795
1299,2026-06-01,1,1,1.0,1,654.35,0,0,,1735.67,644.06,0.371072842187743
1300,2025-02-01,1,0,0.0,0,0.00,0,0,,0.00,0.00,
1300,2025-03-01,2,2,1.0,2,179.31,2,0,0.0,202.61,0.00,0.0
1300,2025-04-01,1,1,1.0,1,101.84,1,0,0.0,283.11,0.00,0.0
1300,2025-05-01,3,2,0.6666666666666666,1,415.38,1,0,0.0,652.36,0.00,0.0
1300,2025-06-01,1,1,1.0,1,41.31,1,0,0.0,528.54,0.00,0.0
1300,2025-07-01,0,0,,0,0.00,0,0,,360.06,0.00,0.0
1300,2025-08-01,0,0,,0,0.00,0,0,,211.28,0.00,0.0
1300,2025-09-01,2,1,0.5,0,0.00,0,0,,36.94,0.00,0.0
1300,2025-10-01,0,0,,1,235.25,1,0,0.0,221.50,0.00,0.0
1300,2025-11-01,2,1,0.5,0,0.00,0,0,,148.36,0.00,0.0
1300,2025-12-01,1,1,1.0,2,878.95,2,0,0.0,1057.12,0.00,0.0
1300,2026-01-01,1,1,1.0,1,98.07,1,0,0.0,762.32,0.00,0.0
1300,2026-02-01,1,1,1.0,0,0.00,0,0,,569.08,0.00,0.0
1300,2026-03-01,4,1,0.25,2,579.06,2,0,0.0,920.17,0.00,0.0
1300,2026-04-01,1,0,0.0,0,0.00,0,0,,630.87,0.00,0.0
1300,2026-05-01,0,0,,0,0.00,0,0,,411.51,0.00,0.0
1300,2026-06-01,1,0,0.0,0,0.00,0,0,,166.63,0.00,0.0
1301,2025-01-01,2,1,0.5,1,170.22,1,0,0.0,177.30,0.00,0.0
1301,2025-02-01,4,4,1.0,3,1139.35,3,2,0.6666666666666666,1453.34,0.00,0.0
1301,2025-03-01,2,2,1.0,3,597.28,3,0,0.0,1604.37,0.00,0.0
1301,2025-04-01,4,2,0.5,1,159.38,1,0,0.0,1604.56,705.41,0.43962830931844243
1301,2025-05-01,1,0,0.0,1,364.96,1,0,0.0,994.72,163.40,0.1642673315103748
1301,2025-06-01,2,1,0.5,1,184.23,1,0,0.0,1073.73,0.00,0.0
1301,2025-07-01,1,0,0.0,0,0.00,0,0,,673.52,0.00,0.0
1301,2025-08-01,1,0,0.0,0,0.00,0,0,,509.21,0.00,0.0
1301,2025-09-01,1,1,1.0,0,0.00,0,0,,263.02,0.00,0.0
1301,2025-10-01,2,1,0.5,0,0.00,0,0,,227.46,0.00,0.0
1301,2025-11-01,1,1,1.0,1,106.68,1,0,0.0,250.89,79.40,0.31647335485671013
1301,2025-12-01,3,3,1.0,2,461.78,2,0,0.0,678.54,0.00,0.0
1301,2026-01-01,4,1,0.25,1,879.77,1,1,1.0,1436.19,0.00,0.0
1301,2026-02-01,0,0,,0,0.00,0,0,,1260.42,0.00,0.0
1301,2026-03-01,5,4,0.8,4,1096.82,4,0,0.0,2072.82,15.01,0.007241342711861136
1301,2026-04-01,1,0,0.0,0,0.00,0,0,,1826.31,718.10,0.3931972118643604
1301,2026-05-01,1,1,1.0,1,276.56,0,0,,1968.55,746.94,0.37943664118259635
1301,2026-06-01,2,1,0.5,1,310.39,0,0,,1552.43,746.12,0.4806142628008992
1302,2025-01-01,4,1,0.25,0,0.00,0,0,,0.00,0.00,
1302,2025-02-01,2,0,0.0,1,851.02,1,0,0.0,912.53,0.00,0.0
1302,2025-03-01,3,2,0.6666666666666666,0,0.00,0,0,,694.59,0.00,0.0
1302,2025-04-01,0,0,,2,174.84,2,0,0.0,680.45,0.00,0.0
1302,2025-05-01,1,0,0.0,0,0.00,0,0,,402.63,0.00,0.0
1302,2025-06-01,0,0,,0,0.00,0,0,,107.32,0.00,0.0
1302,2025-07-01,2,2,1.0,2,879.58,2,0,0.0,1099.58,0.00,0.0
1302,2025-08-01,0,0,,0,0.00,0,0,,833.92,0.00,0.0
1302,2025-09-01,2,1,0.5,1,450.33,1,0,0.0,1040.59,0.00,0.0
1302,2025-10-01,2,1,0.5,0,0.00,0,0,,681.87,0.00,0.0
1302,2025-11-01,1,1,1.0,2,397.46,2,0,0.0,788.26,0.00,0.0
1302,2025-12-01,1,1,1.0,0,0.00,0,0,,612.18,0.00,0.0
1302,2026-01-01,1,0,0.0,1,156.15,1,0,0.0,543.56,0.00,0.0
1302,2026-02-01,2,0,0.0,0,0.00,0,0,,432.28,0.00,0.0
1302,2026-03-01,0,0,,0,0.00,0,0,,192.65,0.00,0.0
1302,2026-04-01,3,3,1.0,1,165.52,1,0,0.0,301.06,0.00,0.0
1302,2026-05-01,1,0,0.0,2,664.66,0,0,,865.89,0.00,0.0
1302,2026-06-01,3,1,0.3333333333333333,1,711.44,0,0,,1471.08,0.00,0.0
1303,2025-01-01,5,3,0.6,3,448.58,3,0,0.0,490.84,0.00,0.0
1303,2025-02-01,4,2,0.5,2,1158.38,2,0,0.0,1633.61,0.00,0.0
1303,2025-03-01,0,0,,0,0.00,0,0,,1189.07,0.00,0.0
1303,2025-04-01,2,2,1.0,0,0.00,0,0,,669.92,0.00,0.0
1303,2025-05-01,3,2,0.6666666666666666,2,897.77,2,0,0.0,1246.45,0.00,0.0
1303,2025-06-01,2,1,0.5,0,0.00,0,0,,555.11,0.00,0.0
1303,2025-07-01,4,1,0.25,1,396.60,1,0,0.0,830.84,0.00,0.0
1303,2025-08-01,1,0,0.0,0,0.00,0,0,,403.93,0.00,0.0
1303,2025-09-01,1,0,0.0,0,0.00,0,0,,319.97,0.00,0.0
1303,2025-10-01,2,2,1.0,1,125.36,1,1,1.0,369.49,0.00,0.0
1303,2025-11-01,4,2,0.5,3,1348.03,3,0,0.0,1752.30,0.00,0.0
1303,2025-12-01,3,3,1.0,2,205.47,2,0,0.0,1369.06,139.47,0.10187281784582122
1303,2026-01-01,5,2,0.4,1,229.24,1,0,0.0,1122.99,0.00,0.0
1303,2026-02-01,2,1,0.5,1,48.22,1,0,0.0,477.08,0.00,0.0
1303,2026-03-01,2,1,0.5,1,339.88,1,0,0.0,695.51,0.00,0.0
1303,2026-04-01,1,1,1.0,0,0.00,0,0,,477.53,0.00,0.0
1303,2026-05-01,4,3,0.75,4,1617.09,0,0,,1785.75,0.00,0.0
1303,2026-06-01,2,0,0.0,0,0.00,0,0,,1372.75,0.00,0.0
1304,2025-01-01,2,1,0.5,1,354.94,1,0,0.0,395.52,0.00,0.0
1304,2025-02-01,1,1,1.0,1,47.45,1,0,0.0,379.53,0.00,0.0
1304,2025-03-01,0,0,,0,0.00,0,0,,315.65,0.00,0.0
1304,2025-04-01,1,0,0.0,0,0.00,0,0,,213.45,0.00,0.0
1304,2025-05-01,0,0,,0,0.00,0,0,,126.15,0.00,0.0
1304,2025-06-01,0,0,,0,0.00,0,0,,87.38,0.00,0.0
1304,2025-07-01,0,0,,0,0.00,0,0,,0.00,0.00,
1304,2025-08-01,1,1,1.0,0,0.00,0,0,,0.00,0.00,
1304,2025-09-01,0,0,,0,0.00,0,0,,0.00,0.00,
1304,2025-10-01,0,0,,0,0.00,0,0,,0.00,0.00,
1304,2025-11-01,0,0,,0,0.00,0,0,,0.00,0.00,
1304,2025-12-01,0,0,,0,0.00,0,0,,0.00,0.00,
1304,2026-01-01,0,0,,0,0.00,0,0,,0.00,0.00,
1304,2026-02-01,0,0,,0,0.00,0,0,,0.00,0.00,
1304,2026-03-01,0,0,,0,0.00,0,0,,0.00,0.00,
1304,2026-04-01,0,0,,0,0.00,0,0,,0.00,0.00,
1304,2026-05-01,1,1,1.0,1,415.60,0,0,,439.94,0.00,0.0
1304,2026-06-01,0,0,,0,0.00,0,0,,329.58,0.00,0.0
1305,2025-01-01,15,12,0.8,8,1621.14,8,0,0.0,1843.57,0.00,0.0
1305,2025-02-01,14,9,0.6428571428571429,8,2498.17,8,0,0.0,4282.80,0.00,0.0
1305,2025-03-01,20,11,0.55,6,1573.47,6,0,0.0,4751.77,0.00,0.0
1305,2025-04-01,19,14,0.7368421052631579,12,3749.06,12,0,0.0,7166.75,0.00,0.0
1305,2025-05-01,13,8,0.6153846153846154,6,1831.71,6,1,0.16666666666666666,6060.56,25.00,0.0041250313502382615
1305,2025-06-01,22,15,0.6818181818181818,11,5629.51,11,1,0.09090909090909091,10280.97,54.41,0.00529230218549417
1305,2025-07-01,19,12,0.631578947368421,15,3948.25,15,1,0.06666666666666667,11659.46,217.13,0.018622646331819828
1305,2025-08-01,17,10,0.5882352941176471,9,1647.43,9,0,0.0,10686.45,761.97,0.07130244374885954
1305,2025-09-01,16,12,0.75,10,3419.98,10,0,0.0,11339.08,394.84,0.034821167149363084
1305,2025-10-01,24,13,0.5416666666666666,11,3344.42,11,1,0.09090909090909091,10900.17,303.64,0.027856446275608543
1305,2025-11-01,19,8,0.42105263157894735,6,1065.54,6,0,0.0,9448.57,234.29,0.02479634484371709
1305,2025-12-01,25,15,0.6,11,2806.49,11,1,0.09090909090909091,9866.30,592.58,0.06006101578099187
1305,2026-01-01,19,10,0.5263157894736842,8,2061.04,8,1,0.125,8679.01,483.77,0.055740228436192606
1305,2026-02-01,19,11,0.5789473684210527,11,4042.99,11,1,0.09090909090909091,11097.94,678.81,0.06116540547164608
1305,2026-03-01,15,8,0.5333333333333333,6,887.56,6,2,0.3333333333333333,8859.84,661.95,0.07471353884494529
1305,2026-04-01,20,10,0.5,9,2540.78,9,2,0.2222222222222222,8641.42,519.27,0.060090818407159935
1305,2026-05-01,19,13,0.6842105263157895,10,3194.67,0,0,,10352.16,855.75,0.08266390782213567
1305,2026-06-01,15,9,0.6,8,2493.59,0,0,,10267.21,1831.15,0.17834932761675276
1306,2025-03-01,1,0,0.0,0,0.00,0,0,,0.00,0.00,
1306,2025-06-01,2,1,0.5,1,97.71,1,0,0.0,84.88,0.00,0.0
1306,2025-07-01,3,2,0.6666666666666666,2,793.70,2,0,0.0,1006.81,0.00,0.0
1306,2025-08-01,0,0,,0,0.00,0,0,,737.00,0.00,0.0
1306,2025-09-01,1,1,1.0,1,120.90,1,0,0.0,588.68,0.00,0.0
1306,2025-10-01,0,0,,0,0.00,0,0,,259.55,0.00,0.0
1306,2025-11-01,0,0,,0,0.00,0,0,,118.02,0.00,0.0
1306,2025-12-01,1,0,0.0,0,0.00,0,0,,58.04,0.00,0.0
1306,2026-01-01,1,0,0.0,0,0.00,0,0,,0.00,0.00,
1306,2026-02-01,1,0,0.0,0,0.00,0,0,,0.00,0.00,
1306,2026-03-01,0,0,,0,0.00,0,0,,0.00,0.00,
1306,2026-04-01,2,2,1.0,1,489.49,1,0,0.0,533.53,0.00,0.0
1306,2026-05-01,0,0,,1,164.40,0,0,,437.60,0.00,0.0
1306,2026-06-01,0,0,,0,0.00,0,0,,386.32,0.00,0.0
1307,2025-03-01,2,2,1.0,2,950.65,2,0,0.0,1087.18,0.00,0.0
1307,2025-04-01,0,0,,0,0.00,0,0,,897.25,0.00,0.0
1307,2025-05-01,1,1,1.0,1,528.52,1,0,0.0,1399.33,0.00,0.0
1307,2025-06-01,0,0,,0,0.00,0,0,,837.10,0.00,0.0
1307,2025-07-01,0,0,,0,0.00,0,0,,687.95,0.00,0.0
1307,2025-08-01,3,2,0.6666666666666666,0,0.00,0,0,,305.03,0.00,0.0
1307,2025-09-01,0,0,,2,496.61,2,0,0.0,568.20,0.00,0.0
1307,2025-10-01,0,0,,0,0.00,0,0,,340.08,158.10,0.46489061397318276
1307,2025-11-01,0,0,,0,0.00,0,0,,348.35,161.94,0.46487727859911004
1307,2025-12-01,0,0,,0,0.00,0,0,,160.23,160.23,1.0
1307,2026-01-01,0,0,,0,0.00,0,0,,155.36,155.36,1.0
1307,2026-02-01,2,1,0.5,1,152.77,1,0,0.0,315.11,155.45,0.4933197930881279
1307,2026-03-01,0,0,,0,0.00,0,0,,257.94,153.10,0.5935488873381406
1307,2026-04-01,0,0,,0,0.00,0,0,,208.73,155.49,0.7449336463373737
1307,2026-05-01,0,0,,0,0.00,0,0,,217.12,161.73,0.7448876197494473
1307,2026-06-01,1,1,1.0,1,247.57,0,0,,436.25,161.56,0.3703381088825215
1308,2025-02-01,1,0,0.0,0,0.00,0,0,,0.00,0.00,
1308,2025-04-01,2,0,0.0,0,0.00,0,0,,0.00,0.00,
1308,2025-07-01,1,1,1.0,1,240.39,1,0,0.0,300.31,0.00,0.0
1308,2025-08-01,1,0,0.0,0,0.00,0,0,,251.40,0.00,0.0
1308,2025-09-01,1,1,1.0,0,0.00,0,0,,199.15,0.00,0.0
1308,2025-10-01,1,0,0.0,0,0.00,0,0,,141.79,0.00,0.0
1308,2025-11-01,0,0,,0,0.00,0,0,,94.62,0.00,0.0
1308,2025-12-01,0,0,,0,0.00,0,0,,46.52,0.00,0.0
1308,2026-01-01,0,0,,0,0.00,0,0,,0.00,0.00,
1308,2026-02-01,0,0,,0,0.00,0,0,,0.00,0.00,
1308,2026-03-01,1,1,1.0,1,174.78,1,0,0.0,194.52,0.00,0.0
1308,2026-04-01,2,1,0.5,1,173.53,1,0,0.0,336.63,0.00,0.0
1308,2026-05-01,0,0,,0,0.00,0,0,,209.45,0.00,0.0
1308,2026-06-01,0,0,,0,0.00,0,0,,193.68,0.00,0.0
1309,2025-01-01,2,0,0.0,0,0.00,0,0,,0.00,0.00,
1309,2025-02-01,3,2,0.6666666666666666,2,714.13,2,0,0.0,801.09,0.00,0.0
1309,2025-03-01,2,2,1.0,2,575.84,2,1,0.5,1288.41,0.00,0.0
1309,2025-04-01,3,1,0.3333333333333333,0,0.00,0,0,,1038.11,0.00,0.0
1309,2025-05-01,1,0,0.0,1,136.18,1,0,0.0,846.08,0.00,0.0
1309,2025-06-01,1,0,0.0,0,0.00,0,0,,509.09,0.00,0.0
1309,2025-07-01,0,0,,0,0.00,0,0,,221.08,0.00,0.0
1309,2025-08-01,2,1,0.5,1,753.57,1,0,0.0,898.65,0.00,0.0
1309,2025-09-01,2,1,0.5,1,116.97,1,0,0.0,590.79,23.55,0.03986187985578633
1309,2025-10-01,0,0,,0,0.00,0,0,,571.56,23.68,0.04143047099167192
1309,2025-11-01,0,0,,0,0.00,0,0,,339.45,24.25,0.0714390926498748
1309,2025-12-01,1,1,1.0,1,514.77,1,0,0.0,635.24,24.00,0.03778099615893206
1309,2026-01-01,2,0,0.0,0,0.00,0,0,,427.20,23.27,0.054470973782771534
1309,2026-02-01,1,1,1.0,1,184.73,1,1,1.0,419.30,23.28,0.05552110660624851
1309,2026-03-01,1,1,1.0,1,283.87,1,0,0.0,511.67,22.93,0.04481404029941173
1309,2026-04-01,0,0,,0,0.00,0,0,,420.33,221.70,0.5274427235743344
1309,2026-05-01,1,1,1.0,1,98.94,0,0,,380.31,24.22,0.06368488864347506
1309,2026-06-01,0,0,,0,0.00,0,0,,125.72,24.20,0.1924912503977092
1310,2025-02-01,1,0,0.0,0,0.00,0,0,,0.00,0.00,
1310,2025-03-01,2,1,0.5,1,169.78,1,0,0.0,189.90,0.00,0.0
1310,2025-04-01,1,1,1.0,1,105.10,1,0,0.0,240.96,0.00,0.0
1310,2025-05-01,2,2,1.0,1,189.19,1,0,0.0,351.13,0.00,0.0
1310,2025-06-01,0,0,,0,0.00,0,0,,222.13,0.00,0.0
1310,2025-07-01,1,1,1.0,1,863.13,1,0,0.0,1087.73,0.00,0.0
1310,2025-08-01,0,0,,0,0.00,0,0,,688.71,0.00,0.0
1310,2025-09-01,2,2,1.0,1,399.83,1,0,0.0,734.53,0.00,0.0
1310,2025-10-01,1,1,1.0,0,0.00,0,0,,267.26,0.00,0.0
1310,2025-11-01,2,1,0.5,1,282.93,1,0,0.0,466.70,0.00,0.0
1310,2025-12-01,1,0,0.0,0,0.00,0,0,,272.85,0.00,0.0
1310,2026-01-01,2,0,0.0,0,0.00,0,0,,217.40,0.00,0.0
1310,2026-02-01,2,0,0.0,0,0.00,0,0,,159.27,0.00,0.0
1310,2026-03-01,0,0,,0,0.00,0,0,,107.28,0.00,0.0
1310,2026-04-01,0,0,,0,0.00,0,0,,0.00,0.00,
1310,2026-05-01,3,3,1.0,2,1187.74,0,0,,1272.20,0.00,0.0
1310,2026-06-01,0,0,,1,241.61,0,0,,1483.21,0.00,0.0
1311,2025-04-01,1,0,0.0,0,0.00,0,0,,0.00,0.00,
1311,2025-07-01,1,1,1.0,1,1403.25,1,0,0.0,1557.80,0.00,0.0
1311,2025-08-01,0,0,,0,0.00,0,0,,1582.96,0.00,0.0
1311,2025-09-01,0,0,,0,0.00,0,0,,0.00,0.00,
1311,2025-10-01,1,1,1.0,0,0.00,0,0,,0.00,0.00,
1311,2025-11-01,0,0,,0,0.00,0,0,,0.00,0.00,
1311,2025-12-01,0,0,,0,0.00,0,0,,0.00,0.00,
1311,2026-01-01,1,0,0.0,0,0.00,0,0,,0.00,0.00,
1311,2026-02-01,0,0,,0,0.00,0,0,,0.00,0.00,
1311,2026-03-01,1,0,0.0,0,0.00,0,0,,0.00,0.00,
1311,2026-04-01,1,1,1.0,1,151.40,1,0,0.0,160.67,0.00,0.0
1311,2026-05-01,1,1,1.0,1,242.81,0,0,,469.60,0.00,0.0
1311,2026-06-01,0,0,,0,0.00,0,0,,398.70,0.00,0.0
1312,2025-01-01,1,1,1.0,1,399.08,1,0,0.0,484.04,0.00,0.0
1312,2025-02-01,0,0,,0,0.00,0,0,,431.83,0.00,0.0
1312,2025-03-01,0,0,,0,0.00,0,0,,391.10,0.00,0.0
1312,2025-04-01,0,0,,0,0.00,0,0,,319.65,0.00,0.0
1312,2025-05-01,0,0,,0,0.00,0,0,,308.82,308.82,1.0
1312,2025-06-01,0,0,,0,0.00,0,0,,152.82,0.00,0.0
1312,2025-07-01,0,0,,0,0.00,0,0,,0.00,0.00,
1312,2025-08-01,1,1,1.0,1,1091.58,1,1,1.0,1245.74,0.00,0.0
1312,2025-09-01,0,0,,0,0.00,0,0,,1284.27,0.00,0.0
1312,2025-10-01,0,0,,0,0.00,0,0,,1291.43,1291.43,1.0
1312,2025-11-01,0,0,,0,0.00,0,0,,661.42,0.00,0.0
1312,2025-12-01,0,0,,0,0.00,0,0,,327.22,0.00,0.0
1312,2026-01-01,0,0,,0,0.00,0,0,,0.00,0.00,
1312,2026-02-01,1,1,1.0,0,0.00,0,0,,0.00,0.00,
1312,2026-03-01,0,0,,0,0.00,0,0,,0.00,0.00,
1312,2026-04-01,0,0,,0,0.00,0,0,,0.00,0.00,
1312,2026-05-01,1,1,1.0,1,403.49,0,0,,519.67,0.00,0.0
1312,2026-06-01,0,0,,0,0.00,0,0,,475.85,0.00,0.0
1313,2025-02-01,2,2,1.0,2,332.16,2,1,0.5,363.56,0.00,0.0
1313,2025-03-01,1,0,0.0,0,0.00,0,0,,355.61,0.00,0.0
1313,2025-04-01,0,0,,0,0.00,0,0,,195.73,0.00,0.0
1313,2025-05-01,1,1,1.0,1,591.86,1,0,0.0,776.29,144.18,0.1857295598294452
1313,2025-06-01,0,0,,0,0.00,0,0,,559.69,142.67,0.2549089674641319
1313,2025-07-01,0,0,,0,0.00,0,0,,351.58,142.83,0.4062517776892884
1313,2025-08-01,0,0,,0,0.00,0,0,,145.14,145.14,1.0
1313,2025-09-01,1,0,0.0,0,0.00,0,0,,149.63,149.63,1.0
1313,2025-10-01,2,2,1.0,2,681.50,2,1,0.5,884.54,150.46,0.17009971284509465
1313,2025-11-01,0,0,,0,0.00,0,0,,762.09,154.12,0.20223333202115235
1313,2025-12-01,0,0,,0,0.00,0,0,,506.04,152.50,0.30135957631807764
1313,2026-01-01,0,0,,0,0.00,0,0,,352.56,147.86,0.4193896074427048
1313,2026-02-01,1,0,0.0,0,0.00,0,0,,301.56,147.95,0.49061546624220714
1313,2026-03-01,0,0,,0,0.00,0,0,,297.00,297.00,1.0
1313,2026-04-01,0,0,,0,0.00,0,0,,301.63,301.63,1.0
1313,2026-05-01,1,1,1.0,1,485.18,0,0,,899.17,313.74,0.34892178342248964
1313,2026-06-01,0,0,,0,0.00,0,0,,849.46,313.40,0.3689402679349233
1314,2025-01-01,2,1,0.5,1,274.26,1,0,0.0,387.88,0.00,0.0
1314,2025-02-01,0,0,,0,0.00,0,0,,346.51,0.00,0.0
1314,2025-03-01,0,0,,0,0.00,0,0,,319.70,0.00,0.0
1314,2025-04-01,1,1,1.0,1,194.15,1,0,0.0,517.77,0.00,0.0
1314,2025-05-01,2,0,0.0,0,0.00,0,0,,434.02,0.00,0.0
1314,2025-06-01,1,0,0.0,0,0.00,0,0,,387.34,0.00,0.0
1314,2025-07-01,0,0,,0,0.00,0,0,,332.61,0.00,0.0
1314,2025-08-01,0,0,,0,0.00,0,0,,257.93,0.00,0.0
1314,2025-09-01,0,0,,0,0.00,0,0,,179.94,0.00,0.0
1314,2025-10-01,1,0,0.0,0,0.00,0,0,,99.19,0.00,0.0
1314,2025-11-01,1,1,1.0,0,0.00,0,0,,33.09,0.00,0.0
1314,2025-12-01,0,0,,0,0.00,0,0,,32.54,0.00,0.0
1314,2026-01-01,0,0,,0,0.00,0,0,,0.00,0.00,
1314,2026-02-01,0,0,,0,0.00,0,0,,0.00,0.00,
1314,2026-03-01,2,2,1.0,1,930.00,1,0,0.0,658.61,0.00,0.0
1314,2026-04-01,1,1,1.0,1,157.63,1,0,0.0,828.96,0.00,0.0
1314,2026-05-01,1,0,0.0,0,0.00,0,0,,130.94,0.00,0.0
1314,2026-06-01,0,0,,0,0.00,0,0,,44.40,0.00,0.0
1315,2025-02-01,1,1,1.0,0,0.00,0,0,,0.00,0.00,
1315,2025-03-01,0,0,,1,478.25,1,0,0.0,507.33,0.00,0.0
1315,2025-04-01,0,0,,0,0.00,0,0,,259.15,0.00,0.0
1315,2025-05-01,2,1,0.5,1,190.32,1,0,0.0,521.93,0.00,0.0
1315,2025-06-01,0,0,,0,0.00,0,0,,223.95,0.00,0.0
1315,2025-07-01,1,0,0.0,0,0.00,0,0,,224.20,0.00,0.0
1315,2025-08-01,2,2,1.0,2,343.90,2,0,0.0,589.20,0.00,0.0
1315,2025-09-01,2,0,0.0,0,0.00,0,0,,472.67,0.00,0.0
1315,2025-10-01,2,1,0.5,1,171.00,1,0,0.0,509.86,0.00,0.0
1315,2025-11-01,1,1,1.0,1,334.79,1,0,0.0,726.19,0.00,0.0
1315,2025-12-01,1,1,1.0,1,352.04,1,0,0.0,935.25,0.00,0.0
1315,2026-01-01,0,0,,0,0.00,0,0,,711.81,0.00,0.0
1315,2026-02-01,0,0,,0,0.00,0,0,,517.17,0.00,0.0
1315,2026-03-01,1,1,1.0,1,233.41,1,0,0.0,623.30,0.00,0.0
1315,2026-04-01,0,0,,0,0.00,0,0,,506.67,0.00,0.0
1315,2026-05-01,1,0,0.0,0,0.00,0,0,,444.00,0.00,0.0
1315,2026-06-01,0,0,,0,0.00,0,0,,378.83,0.00,0.0
1316,2025-02-01,1,1,1.0,1,1108.01,1,0,0.0,1203.26,0.00,0.0
1316,2025-03-01,2,2,1.0,1,421.53,1,0,0.0,1298.16,0.00,0.0
1316,2025-04-01,1,1,1.0,1,433.31,1,0,0.0,1383.43,0.00,0.0
1316,2025-05-01,6,3,0.5,2,202.51,2,0,0.0,876.99,0.00,0.0
1316,2025-06-01,2,1,0.5,2,670.29,2,1,0.5,1319.30,0.00,0.0
1316,2025-07-01,1,1,1.0,1,445.97,1,1,1.0,1577.82,0.00,0.0
1316,2025-08-01,4,3,0.75,2,456.44,2,0,0.0,1481.11,0.00,0.0
1316,2025-09-01,2,0,0.0,1,349.84,1,0,0.0,1496.95,486.02,0.3246735027890043
1316,2025-10-01,0,0,,0,0.00,0,0,,703.00,83.02,0.11809388335704124
1316,2025-11-01,1,0,0.0,0,0.00,0,0,,207.09,0.00,0.0
1316,2025-12-01,1,1,1.0,0,0.00,0,0,,134.08,0.00,0.0
1316,2026-01-01,2,0,0.0,1,347.97,1,0,0.0,329.85,0.00,0.0
1316,2026-02-01,2,0,0.0,0,0.00,0,0,,243.31,0.00,0.0
1316,2026-03-01,1,1,1.0,1,851.41,1,0,0.0,1134.12,0.00,0.0
1316,2026-04-01,4,2,0.5,1,186.82,1,0,0.0,979.59,0.00,0.0
1316,2026-05-01,2,1,0.5,1,567.87,0,0,,886.07,0.00,0.0
1316,2026-06-01,1,0,0.0,0,0.00,0,0,,863.25,0.00,0.0
1317,2025-03-01,1,1,1.0,0,0.00,0,0,,0.00,0.00,
1317,2025-05-01,1,0,0.0,0,0.00,0,0,,0.00,0.00,
1317,2025-12-01,1,1,1.0,0,0.00,0,0,,0.00,0.00,
1317,2026-02-01,1,1,1.0,1,127.27,1,0,0.0,136.21,0.00,0.0
1317,2026-03-01,0,0,,0,0.00,0,0,,91.75,0.00,0.0
1317,2026-04-01,1,1,1.0,0,0.00,0,0,,45.47,0.00,0.0
1317,2026-05-01,1,0,0.0,1,283.70,0,0,,309.01,0.00,0.0
1317,2026-06-01,0,0,,0,0.00,0,0,,235.72,0.00,0.0
1318,2025-02-01,1,0,0.0,0,0.00,0,0,,0.00,0.00,
1318,2025-03-01,1,1,1.0,1,318.62,1,0,0.0,337.06,0.00,0.0
1318,2025-04-01,0,0,,0,0.00,0,0,,255.90,0.00,0.0
1318,2025-05-01,0,0,,0,0.00,0,0,,248.11,0.00,0.0
1318,2025-06-01,2,0,0.0,0,0.00,0,0,,262.54,262.54,1.0
1318,2025-07-01,0,0,,0,0.00,0,0,,276.86,276.86,1.0
1318,2025-08-01,0,0,,0,0.00,0,0,,278.13,278.13,1.0
1318,2025-09-01,2,1,0.5,1,468.80,1,0,0.0,775.54,275.40,0.3551074090311267
1318,2025-10-01,1,1,1.0,1,328.01,1,0,0.0,919.05,261.44,0.28446765681954195
1318,2025-11-01,1,0,0.0,0,0.00,0,0,,711.11,261.71,0.3680302625472852
1318,2025-12-01,1,0,0.0,0,0.00,0,0,,257.37,257.37,1.0
1318,2026-01-01,0,0,,0,0.00,0,0,,256.32,256.32,1.0
1318,2026-02-01,0,0,,0,0.00,0,0,,250.38,250.38,1.0
1318,2026-03-01,0,0,,0,0.00,0,0,,252.98,252.98,1.0
1318,2026-04-01,0,0,,0,0.00,0,0,,250.72,250.72,1.0
1318,2026-05-01,0,0,,0,0.00,0,0,,248.37,248.37,1.0
1318,2026-06-01,0,0,,0,0.00,0,0,,252.62,252.62,1.0
1319,2025-01-01,8,6,0.75,4,1332.97,4,1,0.25,1418.92,0.00,0.0
1319,2025-02-01,3,3,1.0,2,507.28,2,0,0.0,1736.77,0.00,0.0
1319,2025-03-01,4,3,0.75,4,882.30,4,0,0.0,2375.52,399.04,0.16798006331245371
1319,2025-04-01,9,7,0.7777777777777778,5,834.70,5,0,0.0,2132.67,135.89,0.0637182498933262
1319,2025-05-01,8,5,0.625,4,787.93,4,0,0.0,2389.15,0.00,0.0
1319,2025-06-01,5,2,0.4,3,891.23,3,1,0.3333333333333333,2552.59,0.00,0.0
1319,2025-07-01,7,5,0.7142857142857143,4,2422.87,4,1,0.25,4419.94,0.00,0.0
1319,2025-08-01,5,1,0.2,0,0.00,0,0,,3432.70,410.00,0.11943950825880503
1319,2025-09-01,3,2,0.6666666666666666,2,688.31,2,0,0.0,2801.66,387.46,0.13829658131250758
1319,2025-10-01,9,7,0.7777777777777778,5,1565.07,5,0,0.0,3966.75,537.76,0.13556689985504505
1319,2025-11-01,2,0,0.0,1,43.34,1,0,0.0,2806.85,793.78,0.28280100468496716
1319,2025-12-01,7,5,0.7142857142857143,3,924.73,3,0,0.0,3217.50,1069.33,0.3323480963480963
1319,2026-01-01,7,5,0.7142857142857143,7,2293.98,7,1,0.14285714285714285,4301.94,761.51,0.17701548603653236
1319,2026-02-01,8,5,0.625,3,828.94,3,1,0.3333333333333333,4160.77,853.80,0.20520240243993296
1319,2026-03-01,7,4,0.5714285714285714,6,1964.01,6,1,0.16666666666666666,5523.01,1514.54,0.27422365702759904
1319,2026-04-01,9,8,0.8888888888888888,5,2318.89,5,0,0.0,6784.19,853.99,0.12587943439084107
1319,2026-05-01,6,3,0.5,2,472.46,0,0,,6221.26,1152.26,0.1852132847686803
1319,2026-06-01,7,2,0.2857142857142857,2,639.28,0,0,,5329.82,1290.78,0.24218078659316825
1320,2025-01-01,2,1,0.5,0,0.00,0,0,,0.00,0.00,
1320,2025-03-01,4,2,0.5,2,492.33,2,0,0.0,543.65,0.00,0.0
1320,2025-04-01,2,1,0.5,1,1283.08,1,0,0.0,1851.60,0.00,0.0
1320,2025-05-01,0,0,,0,0.00,0,0,,1208.82,0.00,0.0
1320,2025-06-01,2,0,0.0,0,0.00,0,0,,769.47,0.00,0.0
1320,2025-07-01,2,2,1.0,1,75.26,1,0,0.0,430.72,0.00,0.0
1320,2025-08-01,2,0,0.0,0,0.00,0,0,,55.83,0.00,0.0
1320,2025-09-01,0,0,,0,0.00,0,0,,28.76,0.00,0.0
1320,2025-10-01,1,0,0.0,0,0.00,0,0,,0.00,0.00,
1320,2025-11-01,1,1,1.0,1,179.32,1,0,0.0,267.00,0.00,0.0
1320,2025-12-01,2,1,0.5,1,488.21,1,0,0.0,778.39,0.00,0.0
1320,2026-01-01,1,1,1.0,1,209.43,1,0,0.0,778.63,0.00,0.0
1320,2026-02-01,1,0,0.0,0,0.00,0,0,,511.43,0.00,0.0
1320,2026-03-01,1,0,0.0,0,0.00,0,0,,168.30,0.00,0.0
1320,2026-04-01,4,2,0.5,1,306.83,1,0,0.0,481.45,0.00,0.0
1320,2026-05-01,0,0,,0,0.00,0,0,,392.26,0.00,0.0
1320,2026-06-01,4,4,1.0,1,493.60,0,0,,796.45,0.00,0.0
1321,2025-01-01,2,2,1.0,2,329.03,2,0,0.0,365.78,0.00,0.0
1321,2025-02-01,2,1,0.5,1,771.51,1,0,0.0,1096.79,0.00,0.0
1321,2025-03-01,2,2,1.0,2,356.77,2,0,0.0,1203.22,0.00,0.0
1321,2025-04-01,2,1,0.5,1,75.55,1,0,0.0,766.94,0.00,0.0
1321,2025-05-01,4,4,1.0,3,693.66,3,1,0.3333333333333333,1132.17,0.00,0.0
1321,2025-06-01,1,0,0.0,1,396.28,1,0,0.0,1181.42,0.00,0.0
1321,2025-07-01,3,2,0.6666666666666666,2,483.33,2,0,0.0,1216.50,0.00,0.0
1321,2025-08-01,0,0,,0,0.00,0,0,,645.28,0.00,0.0
1321,2025-09-01,2,1,0.5,1,191.54,1,0,0.0,598.54,0.00,0.0
1321,2025-10-01,1,1,1.0,1,258.16,1,0,0.0,436.08,0.00,0.0
1321,2025-11-01,1,0,0.0,0,0.00,0,0,,353.51,0.00,0.0
1321,2025-12-01,2,1,0.5,1,88.49,1,1,1.0,211.59,0.00,0.0
1321,2026-01-01,4,1,0.25,1,97.55,1,0,0.0,256.38,0.00,0.0
1321,2026-02-01,1,1,1.0,1,329.61,1,0,0.0,449.44,0.00,0.0
1321,2026-03-01,2,2,1.0,1,114.95,1,0,0.0,443.40,0.00,0.0
1321,2026-04-01,2,2,1.0,2,621.08,2,0,0.0,837.79,0.00,0.0
1321,2026-05-01,1,0,0.0,0,0.00,0,0,,620.19,0.00,0.0
1321,2026-06-01,2,2,1.0,2,2193.45,0,0,,2887.32,0.00,0.0
1322,2025-03-01,1,0,0.0,0,0.00,0,0,,0.00,0.00,
1322,2025-04-01,1,1,1.0,1,230.65,1,0,0.0,244.53,0.00,0.0
1322,2025-05-01,3,1,0.3333333333333333,1,110.14,1,0,0.0,279.74,0.00,0.0
1322,2025-06-01,0,0,,0,0.00,0,0,,190.92,0.00,0.0
1322,2025-07-01,0,0,,0,0.00,0,0,,90.52,0.00,0.0
1322,2025-08-01,0,0,,0,0.00,0,0,,68.20,0.00,0.0
1322,2025-09-01,0,0,,0,0.00,0,0,,45.02,0.00,0.0
1322,2025-10-01,0,0,,0,0.00,0,0,,21.37,0.00,0.0
1322,2025-11-01,1,0,0.0,0,0.00,0,0,,0.00,0.00,
1322,2025-12-01,0,0,,0,0.00,0,0,,0.00,0.00,
1322,2026-01-01,1,0,0.0,0,0.00,0,0,,0.00,0.00,
1322,2026-02-01,0,0,,0,0.00,0,0,,0.00,0.00,
1322,2026-03-01,0,0,,0,0.00,0,0,,0.00,0.00,
1322,2026-04-01,1,1,1.0,0,0.00,0,0,,0.00,0.00,
1322,2026-05-01,1,1,1.0,1,98.23,0,0,,100.36,0.00,0.0
1322,2026-06-01,1,0,0.0,0,0.00,0,0,,68.05,0.00,0.0
1323,2025-01-01,1,1,1.0,0,0.00,0,0,,0.00,0.00,
1323,2025-02-01,1,1,1.0,1,187.35,1,0,0.0,203.22,0.00,0.0
1323,2025-03-01,1,1,1.0,1,191.29,1,0,0.0,363.52,0.00,0.0
1323,2025-04-01,2,1,0.5,1,113.24,1,0,0.0,334.91,0.00,0.0
1323,2025-05-01,3,2,0.6666666666666666,2,658.29,2,1,0.5,998.03,0.00,0.0
1323,2025-06-01,0,0,,0,0.00,0,0,,946.38,157.08,0.1659798389653205
1323,2025-07-01,1,1,1.0,1,536.91,1,0,0.0,1441.37,788.47,0.5470281745839028
1323,2025-08-01,1,1,1.0,1,253.14,1,0,0.0,1379.83,159.80,0.11581136806708074
1323,2025-09-01,1,0,0.0,0,0.00,0,0,,997.28,164.74,0.16518931493662764
1323,2025-10-01,2,1,0.5,1,1020.21,1,0,0.0,1892.43,165.66,0.08753824447932024
1323,2025-11-01,1,1,1.0,1,210.49,1,0,0.0,1663.97,169.69,0.10197900202527689
1323,2025-12-01,2,1,0.5,1,100.43,1,0,0.0,1327.05,167.90,0.1265212313025131
1323,2026-01-01,0,0,,0,0.00,0,0,,906.14,489.46,0.5401593572737104
1323,2026-02-01,0,0,,0,0.00,0,0,,416.98,162.89,0.3906422370377476
1323,2026-03-01,3,3,1.0,3,479.31,3,1,0.3333333333333333,779.51,160.42,0.20579594873702708
1323,2026-04-01,2,2,1.0,2,548.48,2,0,0.0,1295.30,162.92,0.12577781208986336
1323,2026-05-01,0,0,,0,0.00,0,0,,946.96,457.15,0.48275534341471654
1323,2026-06-01,3,0,0.0,0,0.00,0,0,,467.57,169.28,0.36204204718010136
1324,2025-01-01,5,3,0.6,2,302.46,2,0,0.0,321.79,0.00,0.0
1324,2025-02-01,4,1,0.25,0,0.00,0,0,,219.79,0.00,0.0
1324,2025-03-01,4,2,0.5,2,1067.91,2,0,0.0,1333.10,0.00,0.0
1324,2025-04-01,5,3,0.6,3,690.16,3,1,0.3333333333333333,1856.89,0.00,0.0
1324,2025-05-01,9,7,0.7777777777777778,5,1800.46,5,0,0.0,3272.22,0.00,0.0
1324,2025-06-01,5,2,0.4,3,335.59,3,0,0.0,2791.08,0.00,0.0
1324,2025-07-01,4,3,0.75,3,241.66,3,0,0.0,2401.91,0.00,0.0
1324,2025-08-01,3,2,0.6666666666666666,0,0.00,0,0,,1698.03,0.00,0.0
1324,2025-09-01,4,1,0.25,2,561.19,2,0,0.0,1919.03,0.00,0.0
1324,2025-10-01,2,1,0.5,0,0.00,0,0,,1303.59,0.00,0.0
1324,2025-11-01,3,2,0.6666666666666666,2,615.06,2,1,0.5,1591.94,0.00,0.0
1324,2025-12-01,3,2,0.6666666666666666,3,876.77,3,0,0.0,2119.76,0.00,0.0
1324,2026-01-01,5,1,0.2,0,0.00,0,0,,1584.72,309.37,0.1952206067948912
1324,2026-02-01,4,3,0.75,4,1089.79,4,1,0.25,2158.34,226.64,0.10500662546216072
1324,2026-03-01,2,1,0.5,1,76.82,1,0,0.0,1322.81,229.00,0.17311632056001997
1324,2026-04-01,2,1,0.5,1,170.05,1,0,0.0,1004.57,226.95,0.22591755676558128
1324,2026-05-01,0,0,,0,0.00,0,0,,684.37,224.82,0.32850650963660005
1324,2026-06-01,1,1,1.0,1,61.28,0,0,,438.09,228.67,0.5219703713848752
1325,2025-04-01,1,0,0.0,0,0.00,0,0,,0.00,0.00,
1325,2025-05-01,1,0,0.0,0,0.00,0,0,,0.00,0.00,
1325,2025-08-01,1,0,0.0,0,0.00,0,0,,0.00,0.00,
1325,2026-03-01,1,1,1.0,0,0.00,0,0,,0.00,0.00,
1325,2026-06-01,1,0,0.0,0,0.00,0,0,,0.00,0.00,
1326,2025-06-01,1,1,1.0,1,167.77,1,0,0.0,197.15,0.00,0.0
1326,2025-07-01,0,0,,0,0.00,0,0,,164.48,0.00,0.0
1326,2025-08-01,0,0,,0,0.00,0,0,,133.72,0.00,0.0
1326,2025-09-01,0,0,,0,0.00,0,0,,103.40,0.00,0.0
1326,2025-10-01,0,0,,0,0.00,0,0,,34.69,0.00,0.0
1326,2025-11-01,0,0,,0,0.00,0,0,,35.53,0.00,0.0
1326,2025-12-01,0,0,,0,0.00,0,0,,0.00,0.00,
1326,2026-01-01,0,0,,0,0.00,0,0,,0.00,0.00,
1326,2026-02-01,0,0,,0,0.00,0,0,,0.00,0.00,
1326,2026-03-01,0,0,,0,0.00,0,0,,0.00,0.00,
1326,2026-04-01,1,0,0.0,0,0.00,0,0,,0.00,0.00,
1326,2026-05-01,0,0,,0,0.00,0,0,,0.00,0.00,
1326,2026-06-01,0,0,,0,0.00,0,0,,0.00,0.00,
1327,2025-01-01,4,2,0.5,2,355.14,2,0,0.0,382.69,0.00,0.0
1327,2025-02-01,2,1,0.5,0,0.00,0,0,,265.00,0.00,0.0
1327,2025-03-01,2,0,0.0,0,0.00,0,0,,147.36,0.00,0.0
1327,2025-04-01,5,4,0.8,3,614.21,3,0,0.0,736.80,0.00,0.0
1327,2025-05-01,5,3,0.6,3,884.92,3,0,0.0,1541.45,0.00,0.0
1327,2025-06-01,1,1,1.0,1,304.86,1,0,0.0,1313.87,0.00,0.0
1327,2025-07-01,3,0,0.0,1,589.72,1,0,0.0,1382.72,0.00,0.0
1327,2025-08-01,2,1,0.5,1,129.02,1,1,1.0,1136.02,0.00,0.0
1327,2025-09-01,1,0,0.0,0,0.00,0,0,,838.18,0.00,0.0
1327,2025-10-01,2,1,0.5,0,0.00,0,0,,632.41,146.16,0.2311158900080644
1327,2025-11-01,3,2,0.6666666666666666,1,149.94,1,0,0.0,337.97,0.00,0.0
1327,2025-12-01,5,4,0.8,4,1231.38,4,0,0.0,1665.12,49.36,0.029643509176515807
1327,2026-01-01,7,2,0.2857142857142857,2,662.39,2,0,0.0,1989.07,0.00,0.0
1327,2026-02-01,2,1,0.5,0,0.00,0,0,,1580.50,0.00,0.0
1327,2026-03-01,6,4,0.6666666666666666,5,1618.83,5,0,0.0,2860.93,0.00,0.0
1327,2026-04-01,4,3,0.75,3,1525.73,3,0,0.0,4035.63,0.00,0.0
1327,2026-05-01,2,2,1.0,1,123.61,0,0,,3031.17,0.00,0.0
1327,2026-06-01,7,5,0.7142857142857143,3,869.54,0,0,,3084.67,0.00,0.0
1328,2025-01-01,7,3,0.42857142857142855,3,1129.55,3,0,0.0,1218.86,0.00,0.0
1328,2025-02-01,4,3,0.75,1,200.87,1,0,0.0,1316.03,0.00,0.0
1328,2025-03-01,7,2,0.2857142857142857,1,102.97,1,0,0.0,854.34,0.00,0.0
1328,2025-04-01,5,1,0.2,1,450.43,1,0,0.0,1036.08,0.00,0.0
1328,2025-05-01,5,3,0.6,3,1220.38,3,1,0.3333333333333333,1946.92,0.00,0.0
1328,2025-06-01,2,2,1.0,2,236.99,2,0,0.0,1768.62,0.00,0.0
1328,2025-07-01,8,6,0.75,3,980.52,3,0,0.0,2210.35,0.00,0.0
1328,2025-08-01,8,5,0.625,4,1197.77,4,0,0.0,3105.81,281.98,0.09079113017216121
1328,2025-09-01,8,3,0.375,3,991.67,3,0,0.0,3377.60,159.31,0.04716662719090479
1328,2025-10-01,5,4,0.8,2,169.25,2,0,0.0,2443.04,160.20,0.06557403890235117
1328,2025-11-01,4,3,0.75,4,2086.19,4,1,0.25,3966.51,164.10,0.041371381894915175
1328,2025-12-01,3,3,1.0,3,551.30,3,0,0.0,3856.07,162.37,0.04210763808748285
1328,2026-01-01,4,3,0.75,3,823.94,3,0,0.0,3217.98,157.42,0.04891888700364825
1328,2026-02-01,9,3,0.3333333333333333,3,619.13,3,0,0.0,2926.03,157.52,0.05383403451092436
1328,2026-03-01,1,0,0.0,0,0.00,0,0,,1775.11,225.37,0.12696114606982103
1328,2026-04-01,5,4,0.8,3,608.05,3,1,0.3333333333333333,2234.75,580.83,0.25990826714397586
1328,2026-05-01,4,2,0.5,2,810.38,0,0,,2693.90,304.46,0.1130183006050707
1328,2026-06-01,4,2,0.5,2,1617.91,0,0,,3919.29,504.30,0.12867126443820182
1329,2025-01-01,1,1,1.0,1,214.33,1,0,0.0,251.27,0.00,0.0
1329,2025-02-01,0,0,,0,0.00,0,0,,207.56,0.00,0.0
1329,2025-03-01,1,1,1.0,1,149.54,1,0,0.0,323.54,0.00,0.0
1329,2025-04-01,0,0,,0,0.00,0,0,,247.88,0.00,0.0
1329,2025-05-01,0,0,,0,0.00,0,0,,159.64,0.00,0.0
1329,2025-06-01,1,1,1.0,0,0.00,0,0,,78.97,0.00,0.0
1329,2025-07-01,2,2,1.0,1,82.48,1,0,0.0,90.27,0.00,0.0
1329,2025-08-01,0,0,,1,194.26,1,0,0.0,132.33,0.00,0.0
1329,2025-09-01,0,0,,0,0.00,0,0,,73.37,0.00,0.0
1329,2025-10-01,1,1,1.0,0,0.00,0,0,,73.78,0.00,0.0
1329,2025-11-01,0,0,,0,0.00,0,0,,0.00,0.00,
1329,2025-12-01,1,0,0.0,0,0.00,0,0,,0.00,0.00,
1329,2026-01-01,1,1,1.0,1,834.03,1,0,0.0,869.22,0.00,0.0
1329,2026-02-01,1,0,0.0,0,0.00,0,0,,579.82,0.00,0.0
1329,2026-03-01,0,0,,0,0.00,0,0,,285.51,0.00,0.0
1329,2026-04-01,0,0,,0,0.00,0,0,,0.00,0.00,
1329,2026-05-01,1,0,0.0,0,0.00,0,0,,0.00,0.00,
1329,2026-06-01,1,0,0.0,0,0.00,0,0,,0.00,0.00,
1330,2025-01-01,1,1,1.0,1,124.30,1,0,0.0,146.99,0.00,0.0
1330,2025-02-01,4,1,0.25,0,0.00,0,0,,121.40,0.00,0.0
1330,2025-03-01,5,1,0.2,1,245.26,1,0,0.0,386.15,0.00,0.0
1330,2025-04-01,5,3,0.6,2,168.95,2,1,0.5,591.67,0.00,0.0
1330,2025-05-01,8,3,0.375,3,1599.22,3,1,0.3333333333333333,2177.05,0.00,0.0
1330,2025-06-01,1,0,0.0,0,0.00,0,0,,1881.81,0.00,0.0
1330,2025-07-01,10,5,0.5,3,863.83,3,2,0.6666666666666666,2441.96,611.96,0.25060197546233354
1330,2025-08-01,5,2,0.4,2,661.34,2,0,0.0,2289.72,0.00,0.0
1330,2025-09-01,5,5,1.0,3,793.01,3,0,0.0,2620.11,411.19,0.15693615916888984
1330,2025-10-01,9,6,0.6666666666666666,5,1141.40,5,0,0.0,3192.84,536.82,0.16813244634870522
1330,2025-11-01,6,3,0.5,3,2166.94,3,0,0.0,5034.52,423.54,0.08412718590848779
1330,2025-12-01,11,5,0.45454545454545453,2,768.03,2,0,0.0,4277.16,444.07,0.10382356516941148
1330,2026-01-01,2,2,1.0,4,1258.58,4,0,0.0,4295.64,406.32,0.09458893203341061
1330,2026-02-01,2,0,0.0,0,0.00,0,0,,2885.69,406.57,0.1408917797823051
1330,2026-03-01,3,1,0.3333333333333333,0,0.00,0,0,,2153.10,400.42,0.18597371232176862
1330,2026-04-01,3,2,0.6666666666666666,3,1947.60,3,0,0.0,3679.57,577.16,0.15685528472076898
1330,2026-05-01,8,6,0.75,4,1081.36,0,0,,4145.06,600.34,0.14483264415955377
1330,2026-06-01,2,2,1.0,4,1912.32,0,0,,5468.63,599.69,0.10966000625385153
1331,2025-01-01,13,7,0.5384615384615384,5,1108.59,5,1,0.2,1218.91,0.00,0.0
1331,2025-02-01,1,1,1.0,2,747.23,2,1,0.5,1692.56,0.00,0.0
1331,2025-03-01,5,2,0.4,2,368.30,2,0,0.0,1731.15,0.00,0.0
1331,2025-04-01,6,3,0.5,2,656.25,2,0,0.0,1758.43,168.45,0.09579568137486279
1331,2025-05-01,6,2,0.3333333333333333,2,542.95,2,1,0.5,1956.65,163.32,0.08346919479722995
1331,2025-06-01,6,5,0.8333333333333334,5,1103.08,5,0,0.0,2693.25,172.82,0.06416782697484452
1331,2025-07-01,2,2,1.0,2,553.09,2,0,0.0,2721.71,182.24,0.06695790514051828
1331,2025-08-01,2,0,0.0,0,0.00,0,0,,1928.98,183.08,0.09491026345529763
1331,2025-09-01,8,3,0.375,3,760.03,3,1,0.3333333333333333,2071.22,181.28,0.08752329544905901
1331,2025-10-01,7,2,0.2857142857142857,2,450.56,2,0,0.0,1844.04,172.10,0.09332769354243943
1331,2025-11-01,9,4,0.4444444444444444,2,971.74,2,0,0.0,2521.88,172.27,0.068310149570955
1331,2025-12-01,4,3,0.75,4,692.97,4,1,0.25,2809.66,462.73,0.16469252507420828
1331,2026-01-01,3,1,0.3333333333333333,2,272.32,2,1,0.5,2181.39,390.98,0.17923434140616765
1331,2026-02-01,5,1,0.2,0,0.00,0,0,,1446.94,340.96,0.2356421137020194
1331,2026-03-01,2,1,0.5,2,478.18,2,1,0.5,1438.32,414.71,0.288329439902108
1331,2026-04-01,2,2,1.0,1,2021.36,1,0,0.0,3374.05,314.09,0.09308990678857751
1331,2026-05-01,4,1,0.25,2,382.33,0,0,,2712.82,594.67,0.2192073193208543
1331,2026-06-01,5,3,0.6,3,1088.59,0,0,,2661.13,555.45,0.20872711968224025
1332,2025-01-01,4,3,0.75,3,1106.10,3,1,0.3333333333333333,1193.85,0.00,0.0
1332,2025-02-01,0,0,,0,0.00,0,0,,860.48,0.00,0.0
1332,2025-03-01,9,5,0.5555555555555556,4,866.42,4,1,0.25,1546.99,209.97,0.1357280913257358
1332,2025-04-01,3,3,1.0,2,907.57,2,0,0.0,2029.26,71.51,0.03523944689197048
1332,2025-05-01,9,6,0.6666666666666666,5,1740.56,5,0,0.0,3520.25,0.00,0.0
1332,2025-06-01,10,3,0.3,3,1209.49,3,1,0.3333333333333333,4037.19,0.00,0.0
1332,2025-07-01,2,1,0.5,1,210.12,1,0,0.0,3089.86,0.00,0.0
1332,2025-08-01,2,2,1.0,2,1748.52,2,0,0.0,4005.95,147.72,0.03687514821702717
1332,2025-09-01,3,2,0.6666666666666666,1,201.40,1,0,0.0,2821.37,0.00,0.0
1332,2025-10-01,5,1,0.2,1,796.51,1,0,0.0,2442.58,0.00,0.0
1332,2025-11-01,5,4,0.8,3,859.48,3,1,0.3333333333333333,2364.80,0.00,0.0
1332,2025-12-01,7,5,0.7142857142857143,5,2282.46,5,1,0.2,4604.00,0.00,0.0
1332,2026-01-01,2,2,1.0,1,455.87,1,0,0.0,3859.55,68.48,0.0177430011270744
1332,2026-02-01,3,1,0.3333333333333333,2,465.11,2,0,0.0,2715.48,68.52,0.02523310795881391
1332,2026-03-01,4,1,0.25,1,178.54,1,0,0.0,1684.80,67.49,0.04005816714150047
1332,2026-04-01,4,4,1.0,4,1421.66,4,0,0.0,2456.88,68.54,0.027897170394972488
1332,2026-05-01,4,2,0.5,1,135.20,0,0,,1851.16,71.29,0.03851098770500659
1332,2026-06-01,5,1,0.2,2,901.16,0,0,,2481.07,71.21,0.028701326443832696
1333,2025-01-01,1,1,1.0,1,292.79,1,0,0.0,332.58,0.00,0.0
1333,2025-02-01,0,0,,0,0.00,0,0,,274.71,0.00,0.0
1333,2025-03-01,0,0,,0,0.00,0,0,,214.95,0.00,0.0
1333,2025-04-01,0,0,,0,0.00,0,0,,164.68,0.00,0.0
1333,2025-05-01,0,0,,0,0.00,0,0,,52.99,0.00,0.0
1333,2025-06-01,0,0,,0,0.00,0,0,,52.43,0.00,0.0
1333,2025-07-01,0,0,,0,0.00,0,0,,0.00,0.00,
1333,2025-08-01,2,0,0.0,0,0.00,0,0,,0.00,0.00,
1333,2025-09-01,0,0,,0,0.00,0,0,,0.00,0.00,
1333,2025-10-01,0,0,,0,0.00,0,0,,0.00,0.00,
1333,2025-11-01,0,0,,0,0.00,0,0,,0.00,0.00,
1333,2025-12-01,3,1,0.3333333333333333,1,525.88,1,0,0.0,559.14,0.00,0.0
1333,2026-01-01,1,1,1.0,0,0.00,0,0,,361.41,0.00,0.0
1333,2026-02-01,0,0,,1,351.85,1,0,0.0,565.67,0.00,0.0
1333,2026-03-01,1,1,1.0,0,0.00,0,0,,252.70,0.00,0.0
1333,2026-04-01,0,0,,1,79.70,1,1,1.0,217.50,0.00,0.0
1333,2026-05-01,0,0,,0,0.00,0,0,,92.76,0.00,0.0
1333,2026-06-01,0,0,,0,0.00,0,0,,69.50,0.00,0.0
1334,2025-03-01,1,0,0.0,0,0.00,0,0,,0.00,0.00,
1334,2025-04-01,1,0,0.0,0,0.00,0,0,,0.00,0.00,
1334,2025-05-01,1,0,0.0,0,0.00,0,0,,0.00,0.00,
1334,2025-06-01,3,1,0.3333333333333333,1,205.24,1,0,0.0,223.21,0.00,0.0
1334,2025-07-01,2,1,0.5,1,305.37,1,0,0.0,543.83,0.00,0.0
1334,2025-08-01,0,0,,0,0.00,0,0,,432.14,0.00,0.0
1334,2025-09-01,5,2,0.4,2,371.20,2,0,0.0,789.41,0.00,0.0
1334,2025-10-01,0,0,,0,0.00,0,0,,645.43,0.00,0.0
1334,2025-11-01,0,0,,0,0.00,0,0,,520.97,0.00,0.0
1334,2025-12-01,1,0,0.0,0,0.00,0,0,,376.80,0.00,0.0
1334,2026-01-01,1,0,0.0,0,0.00,0,0,,230.85,0.00,0.0
1334,2026-02-01,0,0,,0,0.00,0,0,,161.40,0.00,0.0
1334,2026-03-01,1,0,0.0,0,0.00,0,0,,136.24,0.00,0.0
1334,2026-04-01,1,0,0.0,0,0.00,0,0,,115.28,0.00,0.0
1334,2026-05-01,0,0,,0,0.00,0,0,,95.90,0.00,0.0
1334,2026-06-01,0,0,,0,0.00,0,0,,71.82,0.00,0.0
1335,2025-01-01,1,1,1.0,0,0.00,0,0,,0.00,0.00,
1335,2025-02-01,1,0,0.0,1,68.73,1,0,0.0,72.04,0.00,0.0
1335,2025-03-01,1,1,1.0,1,177.46,1,0,0.0,239.29,0.00,0.0
1335,2025-04-01,1,0,0.0,0,0.00,0,0,,142.98,0.00,0.0
1335,2025-05-01,1,0,0.0,0,0.00,0,0,,78.28,0.00,0.0
1335,2025-06-01,1,1,1.0,0,0.00,0,0,,0.00,0.00,
1335,2025-07-01,1,1,1.0,1,327.49,1,1,1.0,371.62,0.00,0.0
1335,2025-08-01,1,1,1.0,1,147.92,1,0,0.0,532.85,0.00,0.0
1335,2025-09-01,1,0,0.0,0,0.00,0,0,,395.71,0.00,0.0
1335,2025-10-01,0,0,,0,0.00,0,0,,162.71,0.00,0.0
1335,2025-11-01,0,0,,0,0.00,0,0,,125.35,0.00,0.0
1335,2025-12-01,3,1,0.3333333333333333,1,58.60,1,0,0.0,63.46,0.00,0.0
1335,2026-01-01,3,1,0.3333333333333333,1,231.22,1,0,0.0,296.63,0.00,0.0
1335,2026-02-01,0,0,,0,0.00,0,0,,219.88,0.00,0.0
1335,2026-03-01,2,0,0.0,0,0.00,0,0,,151.58,0.00,0.0
1335,2026-04-01,2,1,0.5,0,0.00,0,0,,80.26,0.00,0.0
1335,2026-05-01,0,0,,1,112.52,0,0,,158.53,0.00,0.0
1335,2026-06-01,0,0,,0,0.00,0,0,,120.61,60.11,0.4983832186385872
1336,2025-02-01,1,0,0.0,0,0.00,0,0,,0.00,0.00,
1336,2025-06-01,3,2,0.6666666666666666,1,182.08,1,1,1.0,207.12,0.00,0.0
1336,2025-07-01,1,0,0.0,1,294.73,1,1,1.0,523.69,0.00,0.0
1336,2025-08-01,0,0,,0,0.00,0,0,,532.14,210.70,0.39594843462246776
1336,2025-09-01,1,0,0.0,0,0.00,0,0,,439.98,331.38,0.7531705986635756
1336,2025-10-01,0,0,,0,0.00,0,0,,387.82,333.23,0.8592388221339797
1336,2025-11-01,2,2,1.0,1,1811.81,1,0,0.0,2572.41,341.33,0.13268880155185214
1336,2025-12-01,2,1,0.5,1,113.07,1,0,0.0,2487.61,337.74,0.13576887052230857
1336,2026-01-01,1,1,1.0,1,22.27,1,0,0.0,2243.38,327.46,0.1459672458522408
1336,2026-02-01,2,1,0.5,0,0.00,0,0,,2043.30,327.66,0.16035824401703128
1336,2026-03-01,0,0,,0,0.00,0,0,,1814.01,322.70,0.1778931758920844
1336,2026-04-01,0,0,,0,0.00,0,0,,1640.79,327.73,0.1997391500435766
1336,2026-05-01,0,0,,0,0.00,0,0,,1497.11,340.89,0.22769869949435914
1336,2026-06-01,2,2,1.0,1,300.88,0,0,,1611.04,340.52,0.21136657066242923
1337,2025-01-01,2,0,0.0,0,0.00,0,0,,0.00,0.00,
1337,2025-02-01,3,2,0.6666666666666666,2,504.14,2,0,0.0,572.58,0.00,0.0
1337,2025-03-01,5,4,0.8,3,385.47,3,1,0.3333333333333333,910.20,0.00,0.0
1337,2025-04-01,2,2,1.0,1,183.70,1,0,0.0,939.59,0.00,0.0
1337,2025-05-01,4,3,0.75,2,249.87,2,1,0.5,944.89,167.95,0.1777455576839632
1337,2025-06-01,1,0,0.0,0,0.00,0,0,,577.61,0.00,0.0
1337,2025-07-01,1,0,0.0,0,0.00,0,0,,450.65,147.41,0.3271052923554865
1337,2025-08-01,2,2,1.0,2,693.99,2,0,0.0,1110.47,148.08,0.13334894233973002
1337,2025-09-01,3,3,1.0,3,675.21,3,1,0.3333333333333333,1660.81,201.46,0.12130225612803391
1337,2025-10-01,5,3,0.6,1,188.59,1,0,0.0,1645.61,139.20,0.08458869355436585
1337,2025-11-01,8,5,0.625,5,1016.50,5,1,0.2,2400.47,579.38,0.24136106679108676
1337,2025-12-01,1,1,1.0,1,52.64,1,0,0.0,1993.77,569.78,0.28578020533963294
1337,2026-01-01,4,2,0.5,2,285.37,2,0,0.0,1862.11,962.73,0.5170102732921257
1337,2026-02-01,2,1,0.5,0,0.00,0,0,,1397.49,554.30,0.39663968972944347
1337,2026-03-01,8,4,0.5,3,1280.15,3,0,0.0,2417.96,560.08,0.2316332776390015
1337,2026-04-01,1,0,0.0,0,0.00,0,0,,1722.02,555.06,0.32233075109464465
1337,2026-05-01,1,1,1.0,1,182.76,0,0,,1423.09,549.85,0.38637753058485413
1337,2026-06-01,5,4,0.8,2,242.80,0,0,,1480.80,559.26,0.3776742301458671
1338,2024-12-01,1,0,0.0,0,0.00,0,0,,0.00,0.00,
1338,2025-01-01,10,7,0.7,5,1996.87,5,1,0.2,2213.54,0.00,0.0
1338,2025-02-01,17,10,0.5882352941176471,8,1313.33,8,1,0.125,3228.20,0.00,0.0
1338,2025-03-01,14,7,0.5,5,1306.74,5,0,0.0,3806.61,323.88,0.0850835783019537
1338,2025-04-01,15,11,0.7333333333333333,7,1957.34,7,1,0.14285714285714285,5392.98,747.53,0.13861167666114096
1338,2025-05-01,21,13,0.6190476190476191,15,4775.63,15,0,0.0,9005.42,924.39,0.10264818298313683
1338,2025-06-01,15,8,0.5333333333333333,7,1495.85,7,0,0.0,8677.88,1005.16,0.11583013362710709
1338,2025-07-01,12,6,0.5,6,1367.83,6,0,0.0,7156.64,763.48,0.106681347671533
1338,2025-08-01,24,9,0.375,8,2637.82,8,1,0.125,8157.87,1069.05,0.1310452360726513
1338,2025-09-01,14,4,0.2857142857142857,3,1252.85,3,0,0.0,7243.00,1139.69,0.15735054535413504
1338,2025-10-01,18,9,0.5,10,3435.72,10,0,0.0,8642.54,1041.81,0.12054442328297003
1338,2025-11-01,20,10,0.5,6,1620.63,6,1,0.16666666666666666,7988.85,1013.30,0.12683928224963542
1338,2025-12-01,22,12,0.5454545454545454,10,2916.58,10,1,0.1,8537.90,1002.63,0.11743285819698053
1338,2026-01-01,14,9,0.6428571428571429,5,1233.88,5,0,0.0,6434.26,1036.86,0.16114673637683274
1338,2026-02-01,8,4,0.5,3,440.83,3,0,0.0,5029.83,1090.56,0.21681846106130823
1338,2026-03-01,18,11,0.6111111111111112,9,3144.86,9,1,0.1111111111111111,7048.27,1245.57,0.17671996106846075
1338,2026-04-01,11,3,0.2727272727272727,2,870.43,2,1,0.5,6427.79,1409.35,0.2192588743565051
1338,2026-05-01,13,10,0.7692307692307693,9,3175.09,0,0,,8325.15,1766.79,0.2122232031855282
1338,2026-06-01,14,8,0.5714285714285714,9,3467.36,0,0,,10481.82,1961.84,0.1871659692686957
1339,2025-01-01,1,1,1.0,1,560.18,1,0,0.0,593.67,0.00,0.0
1339,2025-02-01,1,0,0.0,0,0.00,0,0,,392.31,0.00,0.0
1339,2025-03-01,1,1,1.0,1,320.71,1,0,0.0,352.67,0.00,0.0
1339,2025-04-01,0,0,,0,0.00,0,0,,270.22,0.00,0.0
1339,2025-05-01,1,1,1.0,0,0.00,0,0,,174.04,0.00,0.0
1339,2025-06-01,1,0,0.0,1,56.05,1,0,0.0,138.66,0.00,0.0
1339,2025-07-01,2,1,0.5,1,187.70,1,0,0.0,261.81,0.00,0.0
1339,2025-08-01,0,0,,0,0.00,0,0,,188.77,0.00,0.0
1339,2025-09-01,1,1,1.0,0,0.00,0,0,,183.59,0.00,0.0
1339,2025-10-01,0,0,,0,0.00,0,0,,135.69,0.00,0.0
1339,2025-11-01,0,0,,0,0.00,0,0,,88.89,0.00,0.0
1339,2025-12-01,0,0,,0,0.00,0,0,,38.37,0.00,0.0
1339,2026-01-01,1,0,0.0,0,0.00,0,0,,0.00,0.00,
1339,2026-02-01,2,1,0.5,0,0.00,0,0,,0.00,0.00,
1339,2026-03-01,0,0,,0,0.00,0,0,,0.00,0.00,
1339,2026-04-01,2,2,1.0,2,689.02,2,0,0.0,769.95,0.00,0.0
1339,2026-05-01,0,0,,0,0.00,0,0,,617.31,0.00,0.0
1339,2026-06-01,0,0,,0,0.00,0,0,,433.28,0.00,0.0
1340,2024-12-01,1,1,1.0,0,0.00,0,0,,0.00,0.00,
1340,2025-01-01,20,9,0.45,8,2095.79,8,1,0.125,2270.87,0.00,0.0
1340,2025-02-01,20,13,0.65,11,4159.54,11,2,0.18181818181818182,6092.25,0.00,0.0
1340,2025-03-01,14,10,0.7142857142857143,10,5334.03,10,1,0.1,10722.25,106.94,0.009973652917997622
1340,2025-04-01,17,12,0.7058823529411765,13,5592.25,13,0,0.0,13853.13,655.35,0.047306998490593825
1340,2025-05-01,18,9,0.5,6,2031.97,6,0,0.0,12033.08,0.00,0.0
1340,2025-06-01,15,6,0.4,4,903.70,4,0,0.0,9279.50,887.43,0.09563338541947303
1340,2025-07-01,15,8,0.5333333333333333,7,2008.64,7,0,0.0,8219.97,1454.99,0.17700672873501974
1340,2025-08-01,16,11,0.6875,10,2674.91,10,0,0.0,8202.88,1162.99,0.14177825349145667
1340,2025-09-01,13,6,0.46153846153846156,3,736.69,3,1,0.3333333333333333,6666.32,1411.71,0.21176751191061938
1340,2025-10-01,22,11,0.5,8,3260.35,8,3,0.375,8292.33,1115.59,0.13453275496754227
1340,2025-11-01,26,8,0.3076923076923077,9,2555.44,9,2,0.2222222222222222,9521.85,1105.51,0.11610243807663426
1340,2025-12-01,14,5,0.35714285714285715,6,2284.85,6,1,0.16666666666666666,10077.68,2982.25,0.2959262449293885
1340,2026-01-01,21,10,0.47619047619047616,5,1849.01,5,1,0.2,9729.82,2891.50,0.29717918728198467
1340,2026-02-01,17,8,0.47058823529411764,6,2322.24,6,1,0.16666666666666666,9960.92,3331.02,0.3344088698634263
1340,2026-03-01,12,8,0.6666666666666666,8,3738.24,8,1,0.125,11707.00,3993.94,0.34115828137012044
1340,2026-04-01,20,12,0.6,11,2980.35,11,0,0.0,13250.58,4399.48,0.3320216926353412
1340,2026-05-01,18,12,0.6666666666666666,9,2258.28,0,0,,13592.32,4584.78,0.33730665552311895
1340,2026-06-01,12,8,0.6666666666666666,8,1766.39,0,0,,12619.87,4578.72,0.3628183174628582
1341,2025-02-01,1,1,1.0,1,345.83,1,0,0.0,364.66,0.00,0.0
1341,2025-03-01,1,1,1.0,0,0.00,0,0,,237.80,0.00,0.0
1341,2025-04-01,0,0,,1,89.29,1,0,0.0,221.79,0.00,0.0
1341,2025-05-01,1,1,1.0,1,133.01,1,0,0.0,217.79,0.00,0.0
1341,2025-06-01,0,0,,0,0.00,0,0,,170.32,0.00,0.0
1341,2025-07-01,1,1,1.0,1,23.28,1,0,0.0,125.65,0.00,0.0
1341,2025-08-01,2,0,0.0,0,0.00,0,0,,65.45,0.00,0.0
1341,2025-09-01,1,0,0.0,0,0.00,0,0,,64.65,0.00,0.0
1341,2025-10-01,2,2,1.0,2,1592.62,2,2,1.0,1812.82,0.00,0.0
1341,2025-11-01,0,0,,0,0.00,0,0,,1853.99,17.31,0.00933661993861887
1341,2025-12-01,1,1,1.0,0,0.00,0,0,,1831.58,1808.52,0.9874097773507027
1341,2026-01-01,0,0,,0,0.00,0,0,,641.24,307.86,0.480101054207473
1341,2026-02-01,0,0,,0,0.00,0,0,,305.26,305.26,1.0
1341,2026-03-01,1,1,1.0,1,874.32,1,0,0.0,1204.06,281.35,0.23366775742072657
1341,2026-04-01,2,1,0.5,1,333.41,1,0,0.0,1276.15,285.73,0.22390001175410415
1341,2026-05-01,0,0,,0,0.00,0,0,,909.13,297.21,0.3269169425714694
1341,2026-06-01,1,1,1.0,1,313.22,0,0,,953.66,296.88,0.31130591615460435
1342,2025-01-01,1,0,0.0,0,0.00,0,0,,0.00,0.00,
1342,2025-07-01,1,1,1.0,1,103.48,1,0,0.0,112.98,0.00,0.0
1342,2025-08-01,0,0,,0,0.00,0,0,,38.25,0.00,0.0
1342,2025-09-01,0,0,,0,0.00,0,0,,39.43,0.00,0.0
1342,2025-10-01,1,1,1.0,0,0.00,0,0,,0.00,0.00,
1342,2025-11-01,1,0,0.0,1,695.46,1,0,0.0,765.48,0.00,0.0
1342,2025-12-01,0,0,,0,0.00,0,0,,353.46,0.00,0.0
1342,2026-01-01,1,1,1.0,0,0.00,0,0,,244.79,0.00,0.0
1342,2026-02-01,0,0,,0,0.00,0,0,,244.94,0.00,0.0
1342,2026-03-01,0,0,,0,0.00,0,0,,0.00,0.00,
1342,2026-04-01,0,0,,0,0.00,0,0,,0.00,0.00,
1342,2026-05-01,0,0,,0,0.00,0,0,,0.00,0.00,
1342,2026-06-01,1,1,1.0,0,0.00,0,0,,0.00,0.00,
1343,2025-01-01,10,3,0.3,3,1476.09,3,0,0.0,1621.45,0.00,0.0
1343,2025-02-01,7,4,0.5714285714285714,3,515.47,3,0,0.0,1694.76,0.00,0.0
1343,2025-03-01,8,3,0.375,3,995.16,3,0,0.0,2491.65,0.00,0.0
1343,2025-04-01,5,3,0.6,1,221.15,1,0,0.0,2035.06,0.00,0.0
1343,2025-05-01,8,4,0.5,5,1555.08,5,0,0.0,2750.38,0.00,0.0
1343,2025-06-01,7,4,0.5714285714285714,3,956.17,3,0,0.0,2610.49,0.00,0.0
1343,2025-07-01,6,1,0.16666666666666666,0,0.00,0,0,,1942.38,0.00,0.0
1343,2025-08-01,10,5,0.5,4,1443.67,4,2,0.5,2658.53,0.00,0.0
1343,2025-09-01,9,4,0.4444444444444444,5,991.06,5,2,0.4,2956.40,0.00,0.0
1343,2025-10-01,8,5,0.625,4,2980.04,4,0,0.0,5755.19,1234.08,0.21442906315864463
1343,2025-11-01,6,0,0.0,1,185.04,1,0,0.0,5125.99,1945.03,0.37944475116026366
1343,2025-12-01,8,3,0.375,2,404.86,2,0,0.0,4054.89,1611.04,0.3973079417690739
1343,2026-01-01,6,2,0.3333333333333333,2,1056.82,2,0,0.0,4179.92,1690.43,0.4044168309441329
1343,2026-02-01,5,2,0.4,3,538.56,3,1,0.3333333333333333,3563.93,1761.97,0.4943896204470907
1343,2026-03-01,10,8,0.8,7,2296.83,7,0,0.0,5734.74,1800.26,0.31392181685656195
1343,2026-04-01,13,6,0.46153846153846156,5,1675.73,5,0,0.0,6698.50,1828.30,0.2729417033664253
1343,2026-05-01,8,7,0.875,5,2713.39,0,0,,8451.05,1993.04,0.23583341714934833
1343,2026-06-01,9,5,0.5555555555555556,6,2701.50,0,0,,9699.10,1994.06,0.2055922714478663
1344,2025-03-01,2,2,1.0,2,604.45,2,0,0.0,640.07,0.00,0.0
1344,2025-04-01,0,0,,0,0.00,0,0,,435.92,0.00,0.0
1344,2025-05-01,2,2,1.0,2,362.43,2,0,0.0,464.96,0.00,0.0
1344,2025-06-01,1,0,0.0,0,0.00,0,0,,332.76,0.00,0.0
1344,2025-07-01,0,0,,0,0.00,0,0,,260.92,0.00,0.0
1344,2025-08-01,1,1,1.0,1,97.67,1,0,0.0,294.70,0.00,0.0
1344,2025-09-01,1,1,1.0,1,96.58,1,0,0.0,310.19,0.00,0.0
1344,2025-10-01,0,0,,0,0.00,0,0,,205.69,0.00,0.0
1344,2025-11-01,3,3,1.0,3,1792.33,3,0,0.0,2151.88,0.00,0.0
1344,2025-12-01,2,1,0.5,1,646.68,1,0,0.0,2457.29,0.00,0.0
1344,2026-01-01,0,0,,0,0.00,0,0,,1902.64,0.00,0.0
1344,2026-02-01,1,1,1.0,1,143.74,1,0,0.0,1783.26,0.00,0.0
1344,2026-03-01,0,0,,0,0.00,0,0,,1239.92,380.42,0.30681011678172787
1344,2026-04-01,0,0,,0,0.00,0,0,,702.39,0.00,0.0
1344,2026-05-01,0,0,,0,0.00,0,0,,500.45,0.00,0.0
1344,2026-06-01,0,0,,0,0.00,0,0,,428.47,0.00,0.0
1345,2025-02-01,2,1,0.5,1,857.08,1,0,0.0,949.04,0.00,0.0
1345,2025-03-01,2,1,0.5,1,256.45,1,0,0.0,917.70,0.00,0.0
1345,2025-04-01,0,0,,0,0.00,0,0,,742.99,0.00,0.0
1345,2025-05-01,0,0,,0,0.00,0,0,,562.81,0.00,0.0
1345,2025-06-01,2,2,1.0,2,839.86,2,0,0.0,1265.10,0.00,0.0
1345,2025-07-01,0,0,,0,0.00,0,0,,947.48,0.00,0.0
1345,2025-08-01,0,0,,0,0.00,0,0,,680.62,0.00,0.0
1345,2025-09-01,1,1,1.0,0,0.00,0,0,,464.22,0.00,0.0
1345,2025-10-01,0,0,,1,503.47,1,0,0.0,949.12,440.70,0.46432484828051246
1345,2025-11-01,1,1,1.0,1,147.12,1,0,0.0,652.79,0.00,0.0
1345,2025-12-01,1,0,0.0,0,0.00,0,0,,516.85,0.00,0.0
1345,2026-01-01,0,0,,0,0.00,0,0,,186.77,108.02,0.57835840873802
1345,2026-02-01,1,0,0.0,0,0.00,0,0,,182.44,105.51,0.5783271212453409
1345,2026-03-01,1,1,1.0,1,207.78,1,0,0.0,415.78,184.34,0.4433594689499255
1345,2026-04-01,2,0,0.0,0,0.00,0,0,,296.80,105.66,0.35599730458221024
1345,2026-05-01,1,0,0.0,0,0.00,0,0,,256.14,104.67,0.4086437104708363
1345,2026-06-01,2,1,0.5,1,212.29,0,0,,445.65,106.46,0.2388870189610681
1346,2025-02-01,1,1,1.0,1,296.47,1,0,0.0,406.01,0.00,0.0
1346,2025-03-01,1,0,0.0,0,0.00,0,0,,364.03,0.00,0.0
1346,2025-04-01,1,1,1.0,1,237.84,1,0,0.0,604.14,0.00,0.0
1346,2025-05-01,2,1,0.5,1,274.99,1,0,0.0,814.59,0.00,0.0
1346,2025-06-01,0,0,,0,0.00,0,0,,660.16,0.00,0.0
1346,2025-07-01,0,0,,0,0.00,0,0,,514.83,0.00,0.0
1346,2025-08-01,0,0,,0,0.00,0,0,,460.95,0.00,0.0
1346,2025-09-01,0,0,,0,0.00,0,0,,411.10,0.00,0.0
1346,2025-10-01,0,0,,0,0.00,0,0,,314.82,0.00,0.0
1346,2025-11-01,0,0,,0,0.00,0,0,,291.37,0.00,0.0
1346,2025-12-01,0,0,,0,0.00,0,0,,222.96,0.00,0.0
1346,2026-01-01,0,0,,0,0.00,0,0,,152.83,0.00,0.0
1346,2026-02-01,0,0,,0,0.00,0,0,,89.67,0.00,0.0
1346,2026-03-01,2,2,1.0,1,237.29,1,0,0.0,326.55,0.00,0.0
1346,2026-04-01,1,0,0.0,0,0.00,0,0,,233.81,0.00,0.0
1346,2026-05-01,3,2,0.6666666666666666,2,766.17,0,0,,1030.49,0.00,0.0
1346,2026-06-01,1,1,1.0,1,155.60,0,0,,966.36,0.00,0.0
1347,2025-04-01,1,0,0.0,0,0.00,0,0,,0.00,0.00,
1347,2026-01-01,1,0,0.0,0,0.00,0,0,,0.00,0.00,
1347,2026-02-01,1,0,0.0,0,0.00,0,0,,0.00,0.00,
1347,2026-05-01,2,0,0.0,0,0.00,0,0,,0.00,0.00,
1347,2026-06-01,1,1,1.0,1,154.67,0,0,,168.63,0.00,0.0
1348,2025-01-01,3,2,0.6666666666666666,2,350.29,2,0,0.0,379.31,0.00,0.0
1348,2025-02-01,3,1,0.3333333333333333,1,456.54,1,0,0.0,751.39,0.00,0.0
1348,2025-03-01,1,0,0.0,0,0.00,0,0,,474.53,0.00,0.0
1348,2025-04-01,1,0,0.0,0,0.00,0,0,,206.43,0.00,0.0
1348,2025-05-01,3,2,0.6666666666666666,2,544.13,2,0,0.0,573.04,0.00,0.0
1348,2025-06-01,2,0,0.0,0,0.00,0,0,,378.02,0.00,0.0
1348,2025-07-01,3,1,0.3333333333333333,1,443.80,1,1,1.0,677.36,0.00,0.0
1348,2025-08-01,4,2,0.5,2,506.32,2,0,0.0,1148.97,0.00,0.0
1348,2025-09-01,3,2,0.6666666666666666,1,120.41,1,0,0.0,1135.49,511.38,0.45036063725792386
1348,2025-10-01,1,1,1.0,1,205.06,1,0,0.0,701.60,0.00,0.0
1348,2025-11-01,3,3,1.0,4,1156.84,4,0,0.0,1838.45,0.00,0.0
1348,2025-12-01,2,2,1.0,1,171.71,1,0,0.0,1482.80,0.00,0.0
1348,2026-01-01,2,1,0.5,1,277.37,1,0,0.0,1362.88,0.00,0.0
1348,2026-02-01,2,1,0.5,1,706.81,1,0,0.0,1819.02,0.00,0.0
1348,2026-03-01,1,0,0.0,0,0.00,0,0,,1098.90,0.00,0.0
1348,2026-04-01,4,1,0.25,1,132.74,1,0,0.0,657.88,0.00,0.0
1348,2026-05-01,0,0,,0,0.00,0,0,,269.89,0.00,0.0
1348,2026-06-01,1,0,0.0,0,0.00,0,0,,223.50,0.00,0.0
1349,2025-01-01,1,1,1.0,1,87.82,1,0,0.0,95.62,0.00,0.0
1349,2025-02-01,0,0,,0,0.00,0,0,,63.19,0.00,0.0
1349,2025-03-01,1,1,1.0,1,160.59,1,1,1.0,238.88,0.00,0.0
1349,2025-04-01,1,0,0.0,0,0.00,0,0,,212.47,0.00,0.0
1349,2025-05-01,1,0,0.0,0,0.00,0,0,,116.51,0.00,0.0
1349,2025-06-01,0,0,,0,0.00,0,0,,0.00,0.00,
1349,2025-07-01,0,0,,0,0.00,0,0,,0.00,0.00,
1349,2025-08-01,1,0,0.0,0,0.00,0,0,,0.00,0.00,
1349,2025-09-01,1,1,1.0,1,631.56,1,0,0.0,824.41,0.00,0.0
1349,2025-10-01,3,1,0.3333333333333333,1,133.49,1,0,0.0,978.52,0.00,0.0
1349,2025-11-01,0,0,,0,0.00,0,0,,893.26,0.00,0.0
1349,2025-12-01,2,2,1.0,0,0.00,0,0,,775.95,0.00,0.0
1349,2026-01-01,1,0,0.0,0,0.00,0,0,,647.72,0.00,0.0
1349,2026-02-01,2,0,0.0,0,0.00,0,0,,543.45,0.00,0.0
1349,2026-03-01,1,1,1.0,1,218.59,1,0,0.0,703.12,0.00,0.0
1349,2026-04-01,2,0,0.0,0,0.00,0,0,,419.23,0.00,0.0
1349,2026-05-01,0,0,,0,0.00,0,0,,365.41,0.00,0.0
1349,2026-06-01,1,1,1.0,1,84.45,0,0,,335.99,0.00,0.0
1350,2025-02-01,1,0,0.0,0,0.00,0,0,,0.00,0.00,
1350,2025-03-01,2,2,1.0,0,0.00,0,0,,0.00,0.00,
1350,2025-04-01,1,1,1.0,2,285.28,2,0,0.0,313.34,0.00,0.0
1350,2025-05-01,1,1,1.0,1,167.41,1,0,0.0,391.61,0.00,0.0
1350,2025-06-01,2,1,0.5,1,434.00,1,0,0.0,838.54,0.00,0.0
1350,2025-07-01,1,0,0.0,0,0.00,0,0,,542.36,0.00,0.0
1350,2025-08-01,1,0,0.0,0,0.00,0,0,,397.44,67.22,0.16913244766505636
1350,2025-09-01,1,0,0.0,0,0.00,0,0,,255.34,0.00,0.0
1350,2025-10-01,1,0,0.0,0,0.00,0,0,,171.19,0.00,0.0
1350,2025-11-01,1,1,1.0,1,210.88,1,0,0.0,413.64,0.00,0.0
1350,2025-12-01,1,1,1.0,0,0.00,0,0,,157.19,0.00,0.0
1350,2026-01-01,3,1,0.3333333333333333,1,465.53,1,0,0.0,594.36,0.00,0.0
1350,2026-02-01,0,0,,0,0.00,0,0,,388.84,0.00,0.0
1350,2026-03-01,1,1,1.0,1,238.32,1,0,0.0,514.14,0.00,0.0
1350,2026-04-01,1,1,1.0,0,0.00,0,0,,304.88,0.00,0.0
1350,2026-05-01,1,0,0.0,0,0.00,0,0,,91.14,0.00,0.0
1350,2026-06-01,3,2,0.6666666666666666,1,139.28,0,0,,162.42,0.00,0.0
1351,2025-01-01,3,2,0.6666666666666666,1,361.55,1,0,0.0,403.73,0.00,0.0
1351,2025-02-01,2,1,0.5,1,440.48,1,0,0.0,817.84,0.00,0.0
1351,2025-03-01,3,2,0.6666666666666666,2,242.70,2,0,0.0,861.03,0.00,0.0
1351,2025-04-01,2,1,0.5,1,293.23,1,0,0.0,1011.33,0.00,0.0
1351,2025-05-01,1,1,1.0,1,176.77,1,0,0.0,807.23,0.00,0.0
1351,2025-06-01,2,1,0.5,0,0.00,0,0,,627.18,0.00,0.0
1351,2025-07-01,3,1,0.3333333333333333,1,606.58,1,0,0.0,1041.83,0.00,0.0
1351,2025-08-01,2,2,1.0,1,103.34,1,0,0.0,921.36,0.00,0.0
1351,2025-09-01,1,1,1.0,2,1228.24,2,0,0.0,2119.37,0.00,0.0
1351,2025-10-01,3,0,0.0,0,0.00,0,0,,1746.36,0.00,0.0
1351,2025-11-01,0,0,,0,0.00,0,0,,1337.91,0.00,0.0
1351,2025-12-01,4,3,0.75,1,275.07,1,0,0.0,1202.14,39.21,0.0326168333139235
1351,2026-01-01,0,0,,0,0.00,0,0,,786.47,38.02,0.04834259412310705
1351,2026-02-01,1,1,1.0,1,545.12,1,0,0.0,1039.46,38.04,0.03659592480711138
1351,2026-03-01,2,1,0.5,1,747.40,1,0,0.0,1356.58,37.46,0.02761355762284569
1351,2026-04-01,5,3,0.6,2,517.60,2,0,0.0,1418.79,38.05,0.02681862714002777
1351,2026-05-01,4,2,0.5,2,367.39,0,0,,1210.93,39.57,0.03267736367915569
1351,2026-06-01,3,2,0.6666666666666666,1,154.48,0,0,,985.22,39.53,0.04012301820913096
1352,2025-01-01,4,1,0.25,1,316.91,1,0,0.0,336.34,0.00,0.0
1352,2025-02-01,13,6,0.46153846153846156,4,1501.64,4,0,0.0,2026.83,0.00,0.0
1352,2025-03-01,9,6,0.6666666666666666,3,1318.51,3,0,0.0,2971.76,0.00,0.0
1352,2025-04-01,7,3,0.42857142857142855,3,1070.34,3,0,0.0,3215.26,0.00,0.0
1352,2025-05-01,13,8,0.6153846153846154,6,1253.50,6,0,0.0,4050.93,0.00,0.0
1352,2025-06-01,13,9,0.6923076923076923,5,1528.05,5,0,0.0,4760.93,563.27,0.11831091824496473
1352,2025-07-01,7,4,0.5714285714285714,4,1397.77,4,0,0.0,5539.30,594.00,0.10723376599931399
1352,2025-08-01,8,5,0.625,3,733.83,3,1,0.3333333333333333,4966.95,596.73,0.12014012623440945
1352,2025-09-01,6,3,0.5,3,677.49,3,0,0.0,4384.57,590.86,0.13475893873287462
1352,2025-10-01,11,7,0.6363636363636364,4,942.47,4,0,0.0,4193.97,560.93,0.1337467840733243
1352,2025-11-01,14,8,0.5714285714285714,7,1519.66,7,0,0.0,4928.41,561.49,0.11392923884173597
1352,2025-12-01,12,9,0.75,7,3396.69,7,0,0.0,6980.81,552.18,0.0790997033295563
1352,2026-01-01,10,7,0.7,6,1411.83,6,0,0.0,6721.40,549.94,0.08181926384384207
1352,2026-02-01,6,3,0.5,4,666.75,4,0,0.0,5543.69,561.64,0.10131158127528776
1352,2026-03-01,14,8,0.5714285714285714,6,1141.11,6,1,0.16666666666666666,4980.84,931.60,0.18703672472916213
1352,2026-04-01,10,8,0.8,7,2089.68,7,0,0.0,5885.80,562.42,0.09555540453294369
1352,2026-05-01,4,3,0.75,4,1105.81,0,0,,4953.77,707.51,0.14282253717875476
1352,2026-06-01,12,7,0.5833333333333334,6,1796.74,0,0,,5143.58,682.78,0.13274411985426493
1353,2025-02-01,1,0,0.0,0,0.00,0,0,,0.00,0.00,
1353,2025-03-01,1,1,1.0,1,491.88,1,0,0.0,598.21,0.00,0.0
1353,2025-04-01,1,0,0.0,0,0.00,0,0,,504.63,0.00,0.0
1353,2025-05-01,2,2,1.0,2,560.51,2,0,0.0,1017.12,0.00,0.0
1353,2025-06-01,0,0,,0,0.00,0,0,,794.56,0.00,0.0
1353,2025-07-01,3,2,0.6666666666666666,2,898.72,2,0,0.0,1566.15,0.00,0.0
1353,2025-08-01,2,0,0.0,0,0.00,0,0,,1191.12,0.00,0.0
1353,2025-09-01,0,0,,0,0.00,0,0,,628.89,0.00,0.0
1353,2025-10-01,1,1,1.0,0,0.00,0,0,,184.50,0.00,0.0
1353,2025-11-01,0,0,,0,0.00,0,0,,84.76,0.00,0.0
1353,2025-12-01,0,0,,0,0.00,0,0,,69.47,0.00,0.0
1353,2026-01-01,3,2,0.6666666666666666,1,494.53,1,0,0.0,598.43,0.00,0.0
1353,2026-02-01,2,2,1.0,2,393.65,2,1,0.5,858.49,0.00,0.0
1353,2026-03-01,1,0,0.0,1,307.12,1,0,0.0,811.03,0.00,0.0
1353,2026-04-01,3,2,0.6666666666666666,2,980.91,2,0,0.0,1822.56,188.80,0.1035905539460978
1353,2026-05-01,1,0,0.0,0,0.00,0,0,,1226.74,359.29,0.2928819472748912
1353,2026-06-01,0,0,,0,0.00,0,0,,723.25,365.44,0.505274801244383
1354,2025-01-01,1,0,0.0,0,0.00,0,0,,0.00,0.00,
1354,2025-03-01,1,0,0.0,0,0.00,0,0,,0.00,0.00,
1354,2025-04-01,1,0,0.0,0,0.00,0,0,,0.00,0.00,
1354,2025-06-01,1,0,0.0,0,0.00,0,0,,0.00,0.00,
1354,2025-07-01,1,0,0.0,0,0.00,0,0,,0.00,0.00,
1354,2025-08-01,1,1,1.0,1,88.80,1,0,0.0,109.00,0.00,0.0
1354,2025-09-01,1,0,0.0,0,0.00,0,0,,89.94,0.00,0.0
1354,2025-10-01,1,1,1.0,1,408.54,1,0,0.0,484.72,0.00,0.0
1354,2025-11-01,1,1,1.0,1,302.98,1,0,0.0,701.63,0.00,0.0
1354,2025-12-01,0,0,,0,0.00,0,0,,519.74,0.00,0.0
1354,2026-01-01,0,0,,0,0.00,0,0,,284.27,0.00,0.0
1354,2026-02-01,0,0,,0,0.00,0,0,,194.52,0.00,0.0
1354,2026-03-01,2,1,0.5,0,0.00,0,0,,180.03,0.00,0.0
1354,2026-04-01,0,0,,1,59.98,1,0,0.0,170.18,0.00,0.0
1354,2026-05-01,1,1,1.0,1,156.49,0,0,,221.26,0.00,0.0
1354,2026-06-01,0,0,,0,0.00,0,0,,158.02,0.00,0.0
1355,2025-01-01,7,4,0.5714285714285714,2,526.17,2,0,0.0,586.19,0.00,0.0
1355,2025-02-01,2,2,1.0,2,2582.64,2,1,0.5,3218.28,0.00,0.0
1355,2025-03-01,2,0,0.0,0,0.00,0,0,,2563.83,0.00,0.0
1355,2025-04-01,1,0,0.0,0,0.00,0,0,,2231.25,1299.33,0.5823327731092437
1355,2025-05-01,2,1,0.5,0,0.00,0,0,,1467.06,941.51,0.6417665262497785
1355,2025-06-01,2,2,1.0,2,290.64,2,0,0.0,1416.44,931.68,0.6577617124622291
1355,2025-07-01,4,3,0.75,3,940.42,3,1,0.3333333333333333,2319.26,932.74,0.4021713822512353
1355,2025-08-01,1,1,1.0,1,873.20,1,0,0.0,3046.84,947.80,0.3110763939031915
1355,2025-09-01,0,0,,0,0.00,0,0,,2536.60,977.11,0.3852046045888197
1355,2025-10-01,0,0,,0,0.00,0,0,,1934.59,1325.32,0.685065052543433
1355,2025-11-01,1,0,0.0,0,0.00,0,0,,1886.91,1357.54,0.7194513781791394
1355,2025-12-01,3,2,0.6666666666666666,1,316.49,1,0,0.0,1772.30,1343.24,0.7579078034192857
1355,2026-01-01,3,2,0.6666666666666666,3,1519.57,3,1,0.3333333333333333,3286.37,1302.36,0.3962913488134324
1355,2026-02-01,2,0,0.0,0,0.00,0,0,,2850.44,1303.15,0.4571750326265419
1355,2026-03-01,1,1,1.0,0,0.00,0,0,,2439.30,1497.08,0.6137334481203623
1355,2026-04-01,3,1,0.3333333333333333,2,716.00,2,0,0.0,2914.69,1859.61,0.6380129619273405
1355,2026-05-01,3,2,0.6666666666666666,1,468.03,0,0,,3306.76,1821.47,0.5508322345740241
1355,2026-06-01,3,3,1.0,3,677.71,0,0,,3591.93,1819.49,0.5065494038024126
1356,2025-04-01,1,1,1.0,1,412.79,1,0,0.0,460.95,0.00,0.0
1356,2025-05-01,4,1,0.25,1,478.02,1,0,0.0,825.07,0.00,0.0
1356,2025-06-01,0,0,,0,0.00,0,0,,544.29,0.00,0.0
1356,2025-07-01,0,0,,0,0.00,0,0,,272.43,0.00,0.0
1356,2025-08-01,1,0,0.0,0,0.00,0,0,,0.00,0.00,
1356,2025-09-01,4,1,0.25,1,148.61,1,0,0.0,167.68,0.00,0.0
1356,2025-10-01,2,2,1.0,2,1392.40,2,0,0.0,1656.52,0.00,0.0
1356,2025-11-01,0,0,,0,0.00,0,0,,1103.06,0.00,0.0
1356,2025-12-01,0,0,,0,0.00,0,0,,617.87,0.00,0.0
1356,2026-01-01,0,0,,0,0.00,0,0,,234.47,0.00,0.0
1356,2026-02-01,0,0,,0,0.00,0,0,,0.00,0.00,
1356,2026-03-01,2,2,1.0,2,633.91,2,1,0.5,685.94,0.00,0.0
1356,2026-04-01,1,1,1.0,1,297.80,1,0,0.0,916.26,0.00,0.0
1356,2026-05-01,0,0,,0,0.00,0,0,,733.42,334.58,0.45619154099970005
1356,2026-06-01,1,1,1.0,0,0.00,0,0,,513.26,334.22,0.6511709464988505
1357,2025-04-01,3,1,0.3333333333333333,1,154.74,1,0,0.0,197.79,0.00,0.0
1357,2025-05-01,0,0,,0,0.00,0,0,,175.18,0.00,0.0
1357,2025-06-01,0,0,,0,0.00,0,0,,173.35,0.00,0.0
1357,2025-07-01,0,0,,0,0.00,0,0,,173.55,173.55,1.0
1357,2025-08-01,0,0,,0,0.00,0,0,,144.30,0.00,0.0
1357,2025-09-01,0,0,,0,0.00,0,0,,122.33,0.00,0.0
1357,2025-10-01,0,0,,0,0.00,0,0,,116.36,0.00,0.0
1357,2025-11-01,0,0,,0,0.00,0,0,,102.18,0.00,0.0
1357,2025-12-01,0,0,,0,0.00,0,0,,101.10,101.10,1.0
1357,2026-01-01,0,0,,0,0.00,0,0,,65.37,0.00,0.0
1357,2026-02-01,0,0,,0,0.00,0,0,,65.41,65.41,1.0
1357,2026-03-01,1,0,0.0,0,0.00,0,0,,32.25,0.00,0.0
1357,2026-04-01,0,0,,0,0.00,0,0,,16.41,0.00,0.0
1357,2026-05-01,1,1,1.0,1,474.57,0,0,,544.30,17.07,0.03136138159103436
1357,2026-06-01,1,1,1.0,1,571.57,0,0,,973.87,0.00,0.0
1358,2025-04-01,1,1,1.0,1,370.31,1,0,0.0,411.07,0.00,0.0
1358,2025-05-01,0,0,,0,0.00,0,0,,265.70,0.00,0.0
1358,2025-06-01,0,0,,0,0.00,0,0,,140.58,0.00,0.0
1358,2025-07-01,0,0,,0,0.00,0,0,,0.00,0.00,
1358,2025-08-01,1,0,0.0,0,0.00,0,0,,0.00,0.00,
1358,2025-09-01,0,0,,0,0.00,0,0,,0.00,0.00,
1358,2025-10-01,1,1,1.0,1,203.27,1,0,0.0,215.05,0.00,0.0
1358,2025-11-01,0,0,,0,0.00,0,0,,161.44,0.00,0.0
1358,2025-12-01,2,1,0.5,1,60.79,1,0,0.0,172.88,0.00,0.0
1358,2026-01-01,0,0,,0,0.00,0,0,,102.78,0.00,0.0
1358,2026-02-01,0,0,,0,0.00,0,0,,16.30,0.00,0.0
1358,2026-03-01,0,0,,0,0.00,0,0,,16.47,0.00,0.0
1358,2026-04-01,0,0,,0,0.00,0,0,,0.00,0.00,
1358,2026-05-01,1,0,0.0,0,0.00,0,0,,0.00,0.00,
1358,2026-06-01,0,0,,0,0.00,0,0,,0.00,0.00,
1359,2025-01-01,9,6,0.6666666666666666,4,1185.56,4,1,0.25,1420.20,0.00,0.0
1359,2025-02-01,16,8,0.5,7,2976.28,7,0,0.0,4649.10,0.00,0.0
1359,2025-03-01,9,7,0.7777777777777778,7,1726.10,7,1,0.14285714285714285,5466.94,178.22,0.032599589532718486
1359,2025-04-01,5,2,0.4,1,351.75,1,0,0.0,4698.03,182.07,0.03875454179730653
1359,2025-05-01,13,7,0.5384615384615384,6,2573.83,6,0,0.0,5832.08,740.11,0.12690326607316774
1359,2025-06-01,16,9,0.5625,8,2356.50,8,1,0.125,6846.74,732.39,0.10696915612393636
1359,2025-07-01,6,3,0.5,3,435.74,3,0,0.0,5076.05,801.64,0.15792594635592636
1359,2025-08-01,13,7,0.5384615384615384,7,1573.18,7,2,0.2857142857142857,5418.74,995.63,0.18373828602221182
1359,2025-09-01,14,9,0.6428571428571429,9,2244.35,9,2,0.2222222222222222,6873.25,909.90,0.13238278834612446
1359,2025-10-01,9,4,0.4444444444444444,3,353.90,3,0,0.0,5664.66,914.98,0.16152425741350762
1359,2025-11-01,8,7,0.875,7,2024.78,7,0,0.0,6817.96,937.22,0.13746340547612482
1359,2025-12-01,14,7,0.5,6,1892.88,6,1,0.16666666666666666,6975.28,927.35,0.13294806803454487
1359,2026-01-01,11,8,0.7272727272727273,7,2324.87,7,1,0.14285714285714285,7750.84,1225.61,0.1581260869789597
1359,2026-02-01,11,9,0.8181818181818182,5,1064.80,5,0,0.0,6708.77,1291.53,0.19251367985487652
1359,2026-03-01,15,10,0.6666666666666666,11,3380.00,11,0,0.0,8176.90,1229.73,0.15039073487507493
1359,2026-04-01,15,10,0.6666666666666666,8,2654.12,8,1,0.125,8674.55,1216.24,0.1402078493985279
1359,2026-05-01,11,5,0.45454545454545453,6,2340.97,0,0,,9158.73,1231.12,0.13442038361213837
1359,2026-06-01,10,3,0.3,2,810.75,0,0,,7348.00,1468.65,0.19987071311921611
1360,2025-01-01,1,1,1.0,1,124.95,1,0,0.0,130.85,0.00,0.0
1360,2025-02-01,0,0,,0,0.00,0,0,,86.48,0.00,0.0
1360,2025-03-01,1,0,0.0,0,0.00,0,0,,42.31,0.00,0.0
1360,2025-04-01,1,0,0.0,0,0.00,0,0,,0.00,0.00,
1360,2025-05-01,1,0,0.0,0,0.00,0,0,,0.00,0.00,
1360,2025-06-01,0,0,,0,0.00,0,0,,0.00,0.00,
1360,2025-07-01,0,0,,0,0.00,0,0,,0.00,0.00,
1360,2025-08-01,0,0,,0,0.00,0,0,,0.00,0.00,
1360,2025-09-01,0,0,,0,0.00,0,0,,0.00,0.00,
1360,2025-10-01,2,2,1.0,1,134.57,1,0,0.0,144.34,0.00,0.0
1360,2025-11-01,0,0,,0,0.00,0,0,,98.57,0.00,0.0
1360,2025-12-01,0,0,,0,0.00,0,0,,48.76,0.00,0.0
1360,2026-01-01,1,1,1.0,1,77.90,1,0,0.0,87.15,0.00,0.0
1360,2026-02-01,1,0,0.0,0,0.00,0,0,,58.14,0.00,0.0
1360,2026-03-01,0,0,,0,0.00,0,0,,28.63,0.00,0.0
1360,2026-04-01,1,0,0.0,0,0.00,0,0,,0.00,0.00,
1360,2026-05-01,1,0,0.0,0,0.00,0,0,,0.00,0.00,
1360,2026-06-01,0,0,,0,0.00,0,0,,0.00,0.00,
1361,2025-01-01,3,3,1.0,2,462.35,2,1,0.5,503.18,0.00,0.0
1361,2025-02-01,3,2,0.6666666666666666,1,100.89,1,0,0.0,615.14,0.00,0.0
1361,2025-03-01,5,4,0.8,4,2357.66,4,0,0.0,2927.68,0.00,0.0
1361,2025-04-01,2,1,0.5,1,232.73,1,0,0.0,2441.82,0.00,0.0
1361,2025-05-01,2,1,0.5,0,0.00,0,0,,1503.95,0.00,0.0
1361,2025-06-01,3,1,0.3333333333333333,2,511.38,2,0,0.0,1319.06,79.08,0.05995178384607221
1361,2025-07-01,6,1,0.16666666666666666,1,140.73,1,0,0.0,1157.95,79.17,0.06837082775594801
1361,2025-08-01,3,0,0.0,0,0.00,0,0,,893.87,80.45,0.09000190184254982
1361,2025-09-01,6,5,0.8333333333333334,5,673.67,5,0,0.0,1572.46,82.93,0.052739020388435955
1361,2025-10-01,6,3,0.5,1,498.16,1,0,0.0,1847.18,83.40,0.04514990417826092
1361,2025-11-01,3,3,1.0,2,873.26,2,0,0.0,2539.20,85.42,0.033640516698172654
1361,2025-12-01,5,3,0.6,3,1214.19,3,0,0.0,2964.70,84.52,0.028508786723783184
1361,2026-01-01,5,3,0.6,1,172.46,1,0,0.0,2132.80,81.95,0.038423668417104276
1361,2026-02-01,1,1,1.0,1,551.42,1,0,0.0,1975.39,82.00,0.041510790274325575
1361,2026-03-01,8,6,0.75,5,1513.27,5,1,0.2,2810.93,80.76,0.028730704784537504
1361,2026-04-01,2,1,0.5,1,238.94,1,0,0.0,2217.97,82.02,0.03697976077223768
1361,2026-05-01,4,1,0.25,1,181.58,0,0,,1914.06,511.83,0.2674054104886994
1361,2026-06-01,5,4,0.8,4,772.26,0,0,,2383.77,511.28,0.2144837798948724
1362,2025-01-01,1,1,1.0,1,138.05,1,0,0.0,155.00,0.00,0.0
1362,2025-02-01,3,1,0.3333333333333333,1,99.88,1,0,0.0,225.62,0.00,0.0
1362,2025-03-01,0,0,,0,0.00,0,0,,171.66,0.00,0.0
1362,2025-04-01,3,3,1.0,1,140.45,1,0,0.0,274.52,0.00,0.0
1362,2025-05-01,0,0,,0,0.00,0,0,,171.41,0.00,0.0
1362,2025-06-01,0,0,,0,0.00,0,0,,120.92,0.00,0.0
1362,2025-07-01,1,0,0.0,0,0.00,0,0,,42.95,0.00,0.0
1362,2025-08-01,0,0,,0,0.00,0,0,,0.00,0.00,
1362,2025-09-01,1,1,1.0,1,233.24,1,0,0.0,244.83,0.00,0.0
1362,2025-10-01,1,1,1.0,1,346.08,1,0,0.0,542.15,0.00,0.0
1362,2025-11-01,0,0,,0,0.00,0,0,,400.54,0.00,0.0
1362,2025-12-01,3,1,0.3333333333333333,0,0.00,0,0,,292.25,0.00,0.0
1362,2026-01-01,3,2,0.6666666666666666,2,604.93,2,0,0.0,1082.59,75.96,0.07016506710758459
1362,2026-02-01,3,1,0.3333333333333333,1,152.38,1,0,0.0,1105.75,74.19,0.06709473208229708
1362,2026-03-01,1,0,0.0,0,0.00,0,0,,967.60,74.97,0.07748036378668871
1362,2026-04-01,1,1,1.0,1,640.04,1,0,0.0,1556.55,74.30,0.04773377019690983
1362,2026-05-01,0,0,,0,0.00,0,0,,1347.54,684.02,0.5076064532407202
1362,2026-06-01,2,2,1.0,1,255.32,0,0,,1617.03,695.72,0.43024557367519467
1363,2025-02-01,1,0,0.0,0,0.00,0,0,,0.00,0.00,
1363,2025-03-01,1,1,1.0,1,293.23,1,1,1.0,320.69,0.00,0.0
1363,2025-04-01,3,2,0.6666666666666666,2,673.50,2,0,0.0,1087.10,0.00,0.0
1363,2025-05-01,0,0,,0,0.00,0,0,,723.22,0.00,0.0
1363,2025-06-01,1,0,0.0,0,0.00,0,0,,392.01,0.00,0.0
1363,2025-07-01,1,1,1.0,0,0.00,0,0,,68.38,0.00,0.0
1363,2025-08-01,1,0,0.0,0,0.00,0,0,,69.48,0.00,0.0
1363,2025-09-01,0,0,,0,0.00,0,0,,71.63,71.63,1.0
1363,2025-10-01,1,1,1.0,1,161.79,1,0,0.0,171.33,0.00,0.0
1363,2025-11-01,0,0,,0,0.00,0,0,,116.99,0.00,0.0
1363,2025-12-01,1,1,1.0,1,1129.45,1,0,0.0,1441.66,0.00,0.0
1363,2026-01-01,0,0,,0,0.00,0,0,,1118.07,0.00,0.0
1363,2026-02-01,0,0,,0,0.00,0,0,,984.50,0.00,0.0
1363,2026-03-01,0,0,,0,0.00,0,0,,661.11,0.00,0.0
1363,2026-04-01,2,1,0.5,0,0.00,0,0,,447.61,0.00,0.0
1363,2026-05-01,2,1,0.5,2,1023.37,0,0,,1637.64,0.00,0.0
1363,2026-06-01,2,2,1.0,1,161.74,0,0,,1407.33,0.00,0.0
1364,2025-02-01,1,1,1.0,0,0.00,0,0,,0.00,0.00,
1364,2025-05-01,2,0,0.0,0,0.00,0,0,,0.00,0.00,
1364,2025-08-01,1,1,1.0,1,193.21,1,0,0.0,217.08,0.00,0.0
1364,2025-09-01,0,0,,0,0.00,0,0,,149.21,0.00,0.0
1364,2025-10-01,0,0,,0,0.00,0,0,,150.04,0.00,0.0
1364,2025-11-01,1,1,1.0,1,162.06,1,0,0.0,335.60,153.69,0.4579558998808104
1364,2025-12-01,1,1,1.0,0,0.00,0,0,,272.06,152.07,0.5589575828861281
1364,2026-01-01,0,0,,1,224.72,1,0,0.0,442.50,147.44,0.33319774011299436
1364,2026-02-01,0,0,,0,0.00,0,0,,305.56,147.53,0.4828184317319021
1364,2026-03-01,0,0,,0,0.00,0,0,,145.30,145.30,1.0
1364,2026-04-01,1,1,1.0,1,178.79,1,0,0.0,352.46,147.56,0.41865743630482893
1364,2026-05-01,0,0,,0,0.00,0,0,,331.10,153.49,0.46357595892479614
1364,2026-06-01,0,0,,0,0.00,0,0,,295.27,153.32,0.5192535645341552
1365,2025-01-01,2,1,0.5,1,339.47,1,0,0.0,363.48,0.00,0.0
1365,2025-02-01,0,0,,0,0.00,0,0,,240.21,0.00,0.0
1365,2025-03-01,2,1,0.5,1,124.88,1,0,0.0,292.27,0.00,0.0
1365,2025-04-01,2,2,1.0,1,310.89,1,0,0.0,636.83,0.00,0.0
1365,2025-05-01,3,0,0.0,0,0.00,0,0,,371.21,0.00,0.0
1365,2025-06-01,3,1,0.3333333333333333,1,222.66,1,0,0.0,503.11,0.00,0.0
1365,2025-07-01,4,2,0.5,1,464.53,1,0,0.0,891.57,0.00,0.0
1365,2025-08-01,2,1,0.5,1,281.58,1,1,1.0,1045.78,0.00,0.0
1365,2025-09-01,3,2,0.6666666666666666,1,48.65,1,1,1.0,1069.43,0.00,0.0
1365,2025-10-01,4,3,0.75,2,606.29,2,0,0.0,1581.49,402.24,0.25434242391668616
1365,2025-11-01,0,0,,0,0.00,0,0,,1148.06,53.69,0.04676584847481839
1365,2025-12-01,1,0,0.0,0,0.00,0,0,,504.77,0.00,0.0
1365,2026-01-01,1,0,0.0,0,0.00,0,0,,334.47,0.00,0.0
1365,2026-02-01,5,2,0.4,1,243.52,1,0,0.0,467.03,0.00,0.0
1365,2026-03-01,0,0,,1,386.39,1,0,0.0,648.63,0.00,0.0
1365,2026-04-01,1,0,0.0,0,0.00,0,0,,498.51,0.00,0.0
1365,2026-05-01,5,3,0.6,0,0.00,0,0,,203.46,0.00,0.0
1365,2026-06-01,4,2,0.5,4,1064.08,0,0,,1226.66,0.00,0.0
1366,2025-01-01,1,1,1.0,1,485.89,1,0,0.0,544.83,0.00,0.0
1366,2025-02-01,3,2,0.6666666666666666,2,753.68,2,0,0.0,1272.87,0.00,0.0
1366,2025-03-01,2,2,1.0,2,915.28,2,0,0.0,2121.59,0.00,0.0
1366,2025-04-01,5,4,0.8,4,1220.90,4,0,0.0,2982.18,0.00,0.0
1366,2025-05-01,2,2,1.0,0,0.00,0,0,,2096.11,0.00,0.0
1366,2025-06-01,2,1,0.5,2,338.24,2,0,0.0,1815.23,208.78,0.11501572803446396
1366,2025-07-01,3,0,0.0,0,0.00,0,0,,1473.32,209.01,0.14186327478076724
1366,2025-08-01,3,2,0.6666666666666666,1,600.44,1,1,1.0,1821.60,212.39,0.11659530083443127
1366,2025-09-01,4,3,0.75,4,1092.47,4,1,0.25,3044.97,218.96,0.07190875443764635
1366,2025-10-01,1,0,0.0,0,0.00,0,0,,2652.86,975.69,0.36778797222620113
1366,2025-11-01,3,2,0.6666666666666666,2,251.62,2,0,0.0,2586.70,421.46,0.16293346735222486
1366,2025-12-01,2,1,0.5,1,160.78,1,0,0.0,1910.67,352.40,0.1844379196826244
1366,2026-01-01,5,1,0.2,0,0.00,0,0,,1447.71,341.67,0.23600721138902128
1366,2026-02-01,5,4,0.8,2,590.38,2,0,0.0,1814.43,341.88,0.1884228104694036
1366,2026-03-01,2,1,0.5,1,576.85,1,0,0.0,1849.07,336.71,0.18209694603232976
1366,2026-04-01,5,3,0.6,0,0.00,0,0,,1264.56,341.95,0.2704102612766496
1366,2026-05-01,3,1,0.3333333333333333,1,833.21,0,0,,1878.94,355.69,0.18930354348728537
1366,2026-06-01,2,0,0.0,1,288.35,0,0,,2057.88,355.30,0.17265341030575154
1367,2025-01-01,1,0,0.0,0,0.00,0,0,,0.00,0.00,
1367,2025-02-01,1,0,0.0,0,0.00,0,0,,0.00,0.00,
1367,2025-03-01,2,1,0.5,1,76.56,1,0,0.0,85.05,0.00,0.0
1367,2025-04-01,0,0,,0,0.00,0,0,,57.92,0.00,0.0
1367,2025-05-01,1,1,1.0,1,356.90,1,0,0.0,383.05,0.00,0.0
1367,2025-06-01,0,0,,0,0.00,0,0,,252.70,0.00,0.0
1367,2025-07-01,0,0,,0,0.00,0,0,,126.48,0.00,0.0
1367,2025-08-01,0,0,,0,0.00,0,0,,0.00,0.00,
1367,2025-09-01,0,0,,0,0.00,0,0,,0.00,0.00,
1367,2025-10-01,0,0,,0,0.00,0,0,,0.00,0.00,
1367,2025-11-01,2,2,1.0,1,1576.93,1,0,0.0,1703.77,0.00,0.0
1367,2025-12-01,0,0,,0,0.00,0,0,,1123.87,0.00,0.0
1367,2026-01-01,1,0,0.0,0,0.00,0,0,,544.82,0.00,0.0
1367,2026-02-01,0,0,,0,0.00,0,0,,0.00,0.00,
1367,2026-03-01,0,0,,0,0.00,0,0,,0.00,0.00,
1367,2026-04-01,0,0,,0,0.00,0,0,,0.00,0.00,
1367,2026-05-01,0,0,,0,0.00,0,0,,0.00,0.00,
1367,2026-06-01,0,0,,0,0.00,0,0,,0.00,0.00,
1368,2025-01-01,3,2,0.6666666666666666,2,1140.56,2,0,0.0,1433.05,0.00,0.0
1368,2025-02-01,1,1,1.0,1,662.75,1,0,0.0,2000.01,0.00,0.0
1368,2025-03-01,0,0,,0,0.00,0,0,,1715.92,0.00,0.0
1368,2025-04-01,3,2,0.6666666666666666,1,122.07,1,0,0.0,1426.69,0.00,0.0
1368,2025-05-01,2,1,0.5,1,55.57,1,0,0.0,1075.68,0.00,0.0
1368,2025-06-01,0,0,,0,0.00,0,0,,1042.71,0.00,0.0
1368,2025-07-01,0,0,,0,0.00,0,0,,783.38,0.00,0.0
1368,2025-08-01,1,1,1.0,0,0.00,0,0,,742.40,0.00,0.0
1368,2025-09-01,2,2,1.0,2,735.59,2,0,0.0,1575.14,677.81,0.43031730512843297
1368,2025-10-01,1,0,0.0,0,0.00,0,0,,1412.00,681.59,0.48271246458923517
1368,2025-11-01,0,0,,0,0.00,0,0,,1172.49,698.16,0.5954507074687204
1368,2025-12-01,0,0,,0,0.00,0,0,,804.02,690.80,0.8591826073978259
1368,2026-01-01,2,1,0.5,1,166.47,1,0,0.0,841.44,669.78,0.7959925841414717
1368,2026-02-01,0,0,,0,0.00,0,0,,784.70,670.19,0.8540716197272843
1368,2026-03-01,0,0,,0,0.00,0,0,,716.44,660.05,0.92129138518229
1368,2026-04-01,0,0,,0,0.00,0,0,,670.34,670.34,1.0
1368,2026-05-01,2,0,0.0,0,0.00,0,0,,697.26,697.26,1.0
1368,2026-06-01,1,1,1.0,0,0.00,0,0,,696.50,696.50,1.0
1369,2025-01-01,2,1,0.5,0,0.00,0,0,,0.00,0.00,
1369,2025-02-01,1,1,1.0,1,496.94,1,0,0.0,624.59,0.00,0.0
1369,2025-03-01,1,1,1.0,1,148.58,1,0,0.0,723.45,0.00,0.0
1369,2025-04-01,0,0,,0,0.00,0,0,,631.42,0.00,0.0
1369,2025-05-01,1,0,0.0,0,0.00,0,0,,506.03,0.00,0.0
1369,2025-06-01,0,0,,0,0.00,0,0,,397.81,0.00,0.0
1369,2025-07-01,0,0,,0,0.00,0,0,,348.48,0.00,0.0
1369,2025-08-01,0,0,,0,0.00,0,0,,303.53,0.00,0.0
1369,2025-09-01,0,0,,0,0.00,0,0,,260.76,0.00,0.0
1369,2025-10-01,0,0,,0,0.00,0,0,,209.78,0.00,0.0
1369,2025-11-01,0,0,,0,0.00,0,0,,161.17,0.00,0.0
1369,2025-12-01,0,0,,0,0.00,0,0,,106.32,0.00,0.0
1369,2026-01-01,1,1,1.0,1,179.13,1,0,0.0,246.95,0.00,0.0
1369,2026-02-01,0,0,,0,0.00,0,0,,195.51,0.00,0.0
1369,2026-03-01,0,0,,0,0.00,0,0,,144.43,0.00,0.0
1369,2026-04-01,1,0,0.0,0,0.00,0,0,,146.68,146.68,1.0
1369,2026-05-01,2,1,0.5,1,408.72,0,0,,476.20,0.00,0.0
1369,2026-06-01,1,1,1.0,1,198.12,0,0,,646.22,0.00,0.0
1370,2025-01-01,1,1,1.0,1,119.39,1,0,0.0,130.77,0.00,0.0
1370,2025-02-01,1,1,1.0,0,0.00,0,0,,127.45,0.00,0.0
1370,2025-03-01,0,0,,0,0.00,0,0,,97.01,0.00,0.0
1370,2025-04-01,0,0,,0,0.00,0,0,,65.47,0.00,0.0
1370,2025-05-01,0,0,,0,0.00,0,0,,63.47,63.47,1.0
1370,2025-06-01,0,0,,0,0.00,0,0,,67.17,67.17,1.0
1370,2025-07-01,0,0,,0,0.00,0,0,,70.83,70.83,1.0
1370,2025-08-01,0,0,,0,0.00,0,0,,71.15,71.15,1.0
1370,2025-09-01,0,0,,0,0.00,0,0,,70.46,70.46,1.0
1370,2025-10-01,0,0,,0,0.00,0,0,,66.89,66.89,1.0
1370,2025-11-01,0,0,,0,0.00,0,0,,66.95,66.95,1.0
1370,2025-12-01,0,0,,0,0.00,0,0,,65.84,65.84,1.0
1370,2026-01-01,0,0,,0,0.00,0,0,,65.58,65.58,1.0
1370,2026-02-01,0,0,,0,0.00,0,0,,64.05,64.05,1.0
1370,2026-03-01,0,0,,0,0.00,0,0,,64.72,64.72,1.0
1370,2026-04-01,0,0,,0,0.00,0,0,,64.14,64.14,1.0
1370,2026-05-01,0,0,,0,0.00,0,0,,63.54,63.54,1.0
1370,2026-06-01,0,0,,0,0.00,0,0,,64.63,64.63,1.0
1371,2025-01-01,1,1,1.0,1,222.73,1,0,0.0,264.90,0.00,0.0
1371,2025-02-01,2,2,1.0,2,401.49,2,0,0.0,672.23,0.00,0.0
1371,2025-03-01,2,1,0.5,1,88.35,1,0,0.0,647.02,0.00,0.0
1371,2025-04-01,1,1,1.0,1,346.54,1,1,1.0,901.33,0.00,0.0
1371,2025-05-01,0,0,,0,0.00,0,0,,671.01,0.00,0.0
1371,2025-06-01,0,0,,0,0.00,0,0,,511.93,0.00,0.0
1371,2025-07-01,3,2,0.6666666666666666,1,244.71,1,0,0.0,722.58,0.00,0.0
1371,2025-08-01,2,1,0.5,1,470.78,1,0,0.0,1161.19,299.34,0.25778726995582113
1371,2025-09-01,4,4,1.0,4,1607.68,4,0,0.0,2986.97,296.40,0.09923099328081635
1371,2025-10-01,1,1,1.0,1,472.23,1,0,0.0,2988.78,281.38,0.09414543726871834
1371,2025-11-01,2,1,0.5,1,290.95,1,0,0.0,2393.78,281.66,0.11766327732707266
1371,2025-12-01,1,0,0.0,0,0.00,0,0,,1840.98,276.99,0.15045790828797706
1371,2026-01-01,5,3,0.6,2,407.88,2,1,0.5,1857.81,373.22,0.20089244863575934
1371,2026-02-01,2,2,1.0,2,1055.50,2,0,0.0,2573.08,269.47,0.10472663111912572
1371,2026-03-01,2,1,0.5,0,0.00,0,0,,2040.28,498.45,0.24430470327602094
1371,2026-04-01,0,0,,0,0.00,0,0,,1547.05,456.63,0.29516175947771567
1371,2026-05-01,1,1,1.0,1,642.92,0,0,,1652.16,267.31,0.1617942572147976
1371,2026-06-01,0,0,,0,0.00,0,0,,1320.84,384.80,0.2913297598497926
1372,2025-02-01,1,1,1.0,1,578.88,1,0,0.0,618.42,0.00,0.0
1372,2025-03-01,2,1,0.5,0,0.00,0,0,,201.62,0.00,0.0
1372,2025-04-01,3,2,0.6666666666666666,3,313.13,3,1,0.3333333333333333,546.13,0.00,0.0
1372,2025-05-01,2,1,0.5,1,404.19,1,0,0.0,839.59,0.00,0.0
1372,2025-06-01,1,0,0.0,0,0.00,0,0,,438.10,35.23,0.0804154302670623
1372,2025-07-01,2,0,0.0,0,0.00,0,0,,336.14,0.00,0.0
1372,2025-08-01,2,1,0.5,1,131.62,1,0,0.0,487.67,316.09,0.6481637172678245
1372,2025-09-01,0,0,,0,0.00,0,0,,488.02,325.86,0.6677185361255686
1372,2025-10-01,2,0,0.0,0,0.00,0,0,,475.92,327.68,0.6885190788367793
1372,2025-11-01,1,1,1.0,0,0.00,0,0,,472.32,335.65,0.7106410907859079
1372,2025-12-01,0,0,,1,595.77,1,0,0.0,1089.64,332.11,0.30478873756470026
1372,2026-01-01,0,0,,0,0.00,0,0,,644.52,322.00,0.4995965990194253
1372,2026-02-01,1,0,0.0,0,0.00,0,0,,424.25,322.20,0.7594578668238067
1372,2026-03-01,0,0,,0,0.00,0,0,,403.49,317.33,0.7864631093707403
1372,2026-04-01,4,2,0.5,1,134.06,1,0,0.0,544.04,322.27,0.5923645320197044
1372,2026-05-01,1,1,1.0,1,251.57,0,0,,813.23,335.21,0.4121958117629699
1372,2026-06-01,3,2,0.6666666666666666,1,115.15,0,0,,808.86,334.85,0.41397769700566234
1373,2025-01-01,3,2,0.6666666666666666,2,615.34,2,0,0.0,674.90,0.00,0.0
1373,2025-02-01,2,1,0.5,1,199.67,1,0,0.0,581.08,0.00,0.0
1373,2025-03-01,2,0,0.0,0,0.00,0,0,,450.71,0.00,0.0
1373,2025-04-01,2,1,0.5,0,0.00,0,0,,223.36,0.00,0.0
1373,2025-05-01,2,1,0.5,2,606.99,2,1,0.5,647.95,0.00,0.0
1373,2025-06-01,3,0,0.0,0,0.00,0,0,,529.41,0.00,0.0
1373,2025-07-01,4,2,0.5,2,687.59,2,0,0.0,1020.63,0.00,0.0
1373,2025-08-01,3,2,0.6666666666666666,2,1028.12,2,0,0.0,1826.47,0.00,0.0
1373,2025-09-01,5,2,0.4,2,318.00,2,1,0.5,1488.68,0.00,0.0
1373,2025-10-01,5,4,0.8,3,451.09,3,0,0.0,1528.55,0.00,0.0
1373,2025-11-01,1,1,1.0,1,226.08,1,0,0.0,1197.56,221.51,0.18496776779451551
1373,2025-12-01,2,1,0.5,0,0.00,0,0,,946.08,219.18,0.23167174023338408
1373,2026-01-01,4,1,0.25,1,400.14,1,0,0.0,935.70,212.51,0.22711339104413805
1373,2026-02-01,0,0,,0,0.00,0,0,,680.09,212.64,0.3126645002867267
1373,2026-03-01,3,2,0.6666666666666666,2,696.57,2,0,0.0,1151.48,209.42,0.18187028867196997
1373,2026-04-01,4,2,0.5,1,191.06,1,0,0.0,1050.62,212.68,0.20243284917477303
1373,2026-05-01,2,0,0.0,0,0.00,0,0,,880.70,221.23,0.2511979107528102
1373,2026-06-01,3,3,1.0,3,825.15,0,0,,1650.76,220.99,0.13387167123022123
1374,2025-01-01,2,1,0.5,1,213.65,1,0,0.0,267.48,0.00,0.0
1374,2025-02-01,2,1,0.5,1,425.53,1,0,0.0,675.84,0.00,0.0
1374,2025-03-01,2,2,1.0,2,623.13,2,0,0.0,1214.14,0.00,0.0
1374,2025-04-01,1,0,0.0,0,0.00,0,0,,910.08,0.00,0.0
1374,2025-05-01,3,1,0.3333333333333333,1,330.26,1,0,0.0,726.57,0.00,0.0
1374,2025-06-01,1,1,1.0,1,239.77,1,0,0.0,679.99,0.00,0.0
1374,2025-07-01,2,0,0.0,0,0.00,0,0,,539.78,0.00,0.0
1374,2025-08-01,4,3,0.75,3,1052.08,3,2,0.6666666666666666,1504.86,0.00,0.0
1374,2025-09-01,3,1,0.3333333333333333,1,263.31,1,0,0.0,1577.00,0.00,0.0
1374,2025-10-01,2,2,1.0,1,793.37,1,0,0.0,2146.50,674.43,0.31419986023759605
1374,2025-11-01,4,1,0.25,2,940.33,2,1,0.5,2612.52,822.39,0.31478802076156354
1374,2025-12-01,3,2,0.6666666666666666,2,571.09,2,0,0.0,2474.58,642.83,0.2597733756839545
1374,2026-01-01,2,2,1.0,1,241.10,1,0,0.0,1842.98,623.27,0.33818598139968964
1374,2026-02-01,1,0,0.0,1,233.13,1,0,0.0,1857.22,623.64,0.3357922055545385
1374,2026-03-01,0,0,,0,0.00,0,0,,1450.20,614.21,0.4235346848710523
1374,2026-04-01,2,1,0.5,1,123.74,1,0,0.0,1419.27,623.78,0.43950763420631733
1374,2026-05-01,0,0,,0,0.00,0,0,,1305.38,648.84,0.4970506672386585
1374,2026-06-01,5,4,0.8,4,1927.44,0,0,,3276.94,780.73,0.23824970856958017
1375,2025-01-01,2,1,0.5,1,456.45,1,0,0.0,487.73,0.00,0.0
1375,2025-02-01,0,0,,0,0.00,0,0,,483.46,0.00,0.0
1375,2025-03-01,3,0,0.0,0,0.00,0,0,,236.45,0.00,0.0
1375,2025-04-01,0,0,,0,0.00,0,0,,241.55,0.00,0.0
1375,2025-05-01,1,1,1.0,1,230.35,1,0,0.0,483.96,233.37,0.4822092734936772
1375,2025-06-01,2,2,1.0,2,1000.14,2,0,0.0,1187.85,0.00,0.0
1375,2025-07-01,4,2,0.5,1,612.84,1,0,0.0,1609.54,0.00,0.0
1375,2025-08-01,1,1,1.0,1,185.36,1,0,0.0,1314.68,0.00,0.0
1375,2025-09-01,1,1,1.0,1,143.52,1,0,0.0,1014.03,0.00,0.0
1375,2025-10-01,0,0,,0,0.00,0,0,,669.94,0.00,0.0
1375,2025-11-01,0,0,,0,0.00,0,0,,470.40,0.00,0.0
1375,2025-12-01,1,1,1.0,1,199.76,1,0,0.0,471.63,0.00,0.0
1375,2026-01-01,2,1,0.5,0,0.00,0,0,,159.77,0.00,0.0
1375,2026-02-01,0,0,,0,0.00,0,0,,106.56,0.00,0.0
1375,2026-03-01,3,0,0.0,0,0.00,0,0,,52.45,0.00,0.0
1375,2026-04-01,1,0,0.0,0,0.00,0,0,,0.00,0.00,
1375,2026-05-01,1,0,0.0,0,0.00,0,0,,0.00,0.00,
1375,2026-06-01,2,1,0.5,1,1278.68,0,0,,1373.92,0.00,0.0
1376,2025-01-01,1,1,1.0,0,0.00,0,0,,0.00,0.00,
1376,2025-02-01,1,0,0.0,1,324.53,1,0,0.0,348.08,0.00,0.0
1376,2025-03-01,1,0,0.0,0,0.00,0,0,,226.97,0.00,0.0
1376,2025-04-01,0,0,,0,0.00,0,0,,115.92,0.00,0.0
1376,2025-05-01,0,0,,0,0.00,0,0,,0.00,0.00,
1376,2025-06-01,0,0,,0,0.00,0,0,,0.00,0.00,
1376,2025-07-01,0,0,,0,0.00,0,0,,0.00,0.00,
1376,2025-08-01,0,0,,0,0.00,0,0,,0.00,0.00,
1376,2025-09-01,0,0,,0,0.00,0,0,,0.00,0.00,
1376,2025-10-01,0,0,,0,0.00,0,0,,0.00,0.00,
1376,2025-11-01,0,0,,0,0.00,0,0,,0.00,0.00,
1376,2025-12-01,0,0,,0,0.00,0,0,,0.00,0.00,
1376,2026-01-01,0,0,,0,0.00,0,0,,0.00,0.00,
1376,2026-02-01,0,0,,0,0.00,0,0,,0.00,0.00,
1376,2026-03-01,1,1,1.0,1,104.98,1,0,0.0,110.44,0.00,0.0
1376,2026-04-01,1,1,1.0,1,220.88,1,0,0.0,321.32,0.00,0.0
1376,2026-05-01,1,0,0.0,0,0.00,0,0,,243.35,0.00,0.0
1376,2026-06-01,1,1,1.0,1,240.52,0,0,,373.85,0.00,0.0
1377,2025-02-01,4,3,0.75,2,580.44,2,0,0.0,650.06,0.00,0.0
1377,2025-03-01,0,0,,1,228.18,1,0,0.0,665.93,0.00,0.0
1377,2025-04-01,1,1,1.0,1,256.20,1,0,0.0,791.90,0.00,0.0
1377,2025-05-01,0,0,,0,0.00,0,0,,369.49,0.00,0.0
1377,2025-06-01,0,0,,0,0.00,0,0,,148.83,0.00,0.0
1377,2025-07-01,0,0,,0,0.00,0,0,,0.00,0.00,
1377,2025-08-01,1,1,1.0,0,0.00,0,0,,0.00,0.00,
1377,2025-09-01,0,0,,0,0.00,0,0,,0.00,0.00,
1377,2025-10-01,0,0,,0,0.00,0,0,,0.00,0.00,
1377,2025-11-01,0,0,,0,0.00,0,0,,0.00,0.00,
1377,2025-12-01,0,0,,0,0.00,0,0,,0.00,0.00,
1377,2026-01-01,1,0,0.0,0,0.00,0,0,,0.00,0.00,
1377,2026-02-01,1,1,1.0,1,723.90,1,0,0.0,815.83,0.00,0.0
1377,2026-03-01,0,0,,0,0.00,0,0,,602.61,0.00,0.0
1377,2026-04-01,0,0,,0,0.00,0,0,,407.98,0.00,0.0
1377,2026-05-01,0,0,,0,0.00,0,0,,212.16,0.00,0.0
1377,2026-06-01,0,0,,0,0.00,0,0,,0.00,0.00,
1378,2025-01-01,9,5,0.5555555555555556,3,1472.27,3,0,0.0,1726.99,0.00,0.0
1378,2025-02-01,7,3,0.42857142857142855,3,407.27,3,0,0.0,1816.45,0.00,0.0
1378,2025-03-01,6,3,0.5,4,1680.43,4,1,0.25,3202.76,0.00,0.0
1378,2025-04-01,6,3,0.5,2,491.23,2,1,0.5,3230.57,0.00,0.0
1378,2025-05-01,6,4,0.6666666666666666,3,941.09,3,0,0.0,3331.94,731.12,0.2194277207872891
1378,2025-06-01,7,3,0.42857142857142855,4,1128.31,4,0,0.0,3518.98,946.20,0.26888473364440835
1378,2025-07-01,7,4,0.5714285714285714,3,1264.97,3,1,0.3333333333333333,3616.50,947.28,0.2619328079635006
1378,2025-08-01,10,6,0.6,7,3283.09,7,0,0.0,6619.50,1070.31,0.16169046000453205
1378,2025-09-01,12,8,0.6666666666666666,7,1317.91,7,1,0.14285714285714285,6495.18,1419.89,0.2186067206759474
1378,2025-10-01,4,2,0.5,3,847.34,3,1,0.3333333333333333,5685.73,1320.33,0.2322182024120034
1378,2025-11-01,3,1,0.3333333333333333,0,0.00,0,0,,4342.62,1422.30,0.32752117385357227
1378,2025-12-01,6,2,0.3333333333333333,2,294.02,2,0,0.0,3118.49,1189.42,0.3814089511269878
1378,2026-01-01,2,1,0.5,1,587.25,1,0,0.0,2930.93,1184.51,0.4041413476268625
1378,2026-02-01,6,4,0.6666666666666666,4,974.53,4,0,0.0,3465.78,1185.22,0.3419778520275378
1378,2026-03-01,7,3,0.42857142857142855,2,604.91,2,0,0.0,3587.61,1167.30,0.32536981444471386
1378,2026-04-01,9,7,0.7777777777777778,3,632.29,3,0,0.0,3756.76,1185.49,0.31556181390347
1378,2026-05-01,2,2,1.0,0,0.00,0,0,,3293.32,1233.10,0.3744245928121166
1378,2026-06-01,2,2,1.0,1,206.75,0,0,,3091.21,1231.76,0.3984717958339938
1379,2025-02-01,1,1,1.0,0,0.00,0,0,,0.00,0.00,
1379,2025-03-01,1,0,0.0,0,0.00,0,0,,0.00,0.00,
1379,2025-04-01,1,1,1.0,1,145.00,1,1,1.0,172.82,0.00,0.0
1379,2025-05-01,0,0,,0,0.00,0,0,,167.55,0.00,0.0
1379,2025-06-01,0,0,,0,0.00,0,0,,177.30,177.30,1.0
1379,2025-07-01,0,0,,0,0.00,0,0,,155.81,155.81,1.0
1379,2025-08-01,2,2,1.0,2,797.48,2,1,0.5,1060.16,156.53,0.14764752490190158
1379,2025-09-01,0,0,,0,0.00,0,0,,995.30,154.99,0.1557218928966141
1379,2025-10-01,2,1,0.5,1,211.17,1,0,0.0,1014.33,147.13,0.14505141324815393
1379,2025-11-01,1,1,1.0,0,0.00,0,0,,711.09,147.28,0.2071186488348873
1379,2025-12-01,0,0,,0,0.00,0,0,,610.98,144.84,0.2370617696160267
1379,2026-01-01,1,1,1.0,1,293.23,1,0,0.0,889.26,459.32,0.5165193531700515
1379,2026-02-01,2,1,0.5,1,858.91,1,0,0.0,1477.85,140.90,0.09534120512907265
1379,2026-03-01,0,0,,0,0.00,0,0,,765.98,142.37,0.18586647170944412
1379,2026-04-01,2,1,0.5,1,309.22,1,0,0.0,938.83,141.10,0.15029345035842484
1379,2026-05-01,0,0,,0,0.00,0,0,,587.71,139.77,0.23782137448741728
1379,2026-06-01,2,0,0.0,0,0.00,0,0,,357.03,142.16,0.39817382292804526
1380,2025-01-01,1,0,0.0,0,0.00,0,0,,0.00,0.00,
1380,2025-02-01,2,1,0.5,0,0.00,0,0,,0.00,0.00,
1380,2025-03-01,2,2,1.0,3,1354.78,3,0,0.0,1500.97,0.00,0.0
1380,2025-04-01,4,3,0.75,3,1327.51,3,0,0.0,2612.19,0.00,0.0
1380,2025-05-01,3,1,0.3333333333333333,1,334.20,1,0,0.0,2287.90,0.00,0.0
1380,2025-06-01,1,1,1.0,1,129.12,1,0,0.0,1766.38,0.00,0.0
1380,2025-07-01,3,1,0.3333333333333333,0,0.00,0,0,,1083.87,0.00,0.0
1380,2025-08-01,0,0,,0,0.00,0,0,,660.83,0.00,0.0
1380,2025-09-01,1,1,1.0,1,299.44,1,0,0.0,706.55,0.00,0.0
1380,2025-10-01,3,2,0.6666666666666666,1,212.21,1,0,0.0,447.94,0.00,0.0
1380,2025-11-01,3,3,1.0,3,784.94,3,0,0.0,1124.82,0.00,0.0
1380,2025-12-01,3,2,0.6666666666666666,0,0.00,0,0,,686.04,0.00,0.0
1380,2026-01-01,2,2,1.0,0,0.00,0,0,,316.06,0.00,0.0
1380,2026-02-01,0,0,,2,456.32,2,0,0.0,595.43,0.00,0.0
1380,2026-03-01,2,1,0.5,1,420.60,1,0,0.0,1003.60,165.80,0.16520526106018335
1380,2026-04-01,2,1,0.5,0,0.00,0,0,,718.40,126.09,0.1755150334075724
1380,2026-05-01,7,2,0.2857142857142857,2,283.65,0,0,,776.84,131.15,0.1688249832655373
1380,2026-06-01,4,2,0.5,0,0.00,0,0,,474.69,131.01,0.27599064652720723
1381,2025-02-01,3,1,0.3333333333333333,1,105.82,1,0,0.0,115.80,0.00,0.0
1381,2025-03-01,0,0,,0,0.00,0,0,,84.96,0.00,0.0
1381,2025-04-01,1,1,1.0,1,96.65,1,0,0.0,168.64,0.00,0.0
1381,2025-05-01,0,0,,0,0.00,0,0,,119.39,0.00,0.0
1381,2025-06-01,1,1,1.0,1,228.84,1,0,0.0,345.40,0.00,0.0
1381,2025-07-01,0,0,,0,0.00,0,0,,294.87,0.00,0.0
1381,2025-08-01,1,1,1.0,0,0.00,0,0,,247.93,0.00,0.0
1381,2025-09-01,0,0,,1,111.82,1,0,0.0,272.96,0.00,0.0
1381,2025-10-01,3,2,0.6666666666666666,1,343.62,1,0,0.0,642.78,0.00,0.0
1381,2025-11-01,2,1,0.5,1,254.13,1,0,0.0,745.36,0.00,0.0
1381,2025-12-01,1,1,1.0,1,279.51,1,0,0.0,627.41,0.00,0.0
1381,2026-01-01,1,0,0.0,0,0.00,0,0,,583.05,0.00,0.0
1381,2026-02-01,1,0,0.0,0,0.00,0,0,,364.02,0.00,0.0
1381,2026-03-01,0,0,,0,0.00,0,0,,74.61,0.00,0.0
1381,2026-04-01,1,1,1.0,1,161.99,1,1,1.0,228.05,0.00,0.0
1381,2026-05-01,2,1,0.5,1,214.37,0,0,,484.76,0.00,0.0
1381,2026-06-01,0,0,,0,0.00,0,0,,397.75,0.00,0.0
1382,2025-01-01,2,1,0.5,1,231.81,1,0,0.0,304.42,0.00,0.0
1382,2025-02-01,1,1,1.0,1,146.38,1,1,1.0,434.98,0.00,0.0
1382,2025-03-01,2,0,0.0,0,0.00,0,0,,400.88,0.00,0.0
1382,2025-04-01,3,3,1.0,2,217.17,2,2,1.0,531.57,0.00,0.0
1382,2025-05-01,3,1,0.3333333333333333,1,1404.30,1,0,0.0,1953.76,0.00,0.0
1382,2025-06-01,2,1,0.5,1,147.13,1,0,0.0,1530.65,124.86,0.08157318786136608
1382,2025-07-01,3,2,0.6666666666666666,2,1130.13,2,0,0.0,2718.71,125.00,0.04597768794759279
1382,2025-08-01,4,3,0.75,3,468.78,3,0,0.0,2387.61,206.16,0.08634575998592735
1382,2025-09-01,0,0,,0,0.00,0,0,,2182.42,192.14,0.08803988233245662
1382,2025-10-01,2,1,0.5,1,149.89,1,0,0.0,1001.04,131.68,0.1315431950771198
1382,2025-11-01,2,0,0.0,0,0.00,0,0,,784.82,134.88,0.17186106368339235
1382,2025-12-01,4,2,0.5,2,436.86,2,0,0.0,1084.52,133.46,0.12305904916460739
1382,2026-01-01,0,0,,0,0.00,0,0,,786.27,129.40,0.16457451002836176
1382,2026-02-01,3,2,0.6666666666666666,2,292.07,2,1,0.5,887.98,129.47,0.14580283339714858
1382,2026-03-01,1,1,1.0,1,377.21,1,0,0.0,962.30,127.52,0.13251584744882053
1382,2026-04-01,1,0,0.0,0,0.00,0,0,,721.83,129.50,0.1794051230899242
1382,2026-05-01,0,0,,0,0.00,0,0,,457.59,134.70,0.29436832098603555
1382,2026-06-01,3,1,0.3333333333333333,0,0.00,0,0,,243.16,134.56,0.5533804902122059
1383,2025-04-01,1,1,1.0,0,0.00,0,0,,0.00,0.00,
1383,2025-05-01,2,0,0.0,0,0.00,0,0,,0.00,0.00,
1383,2025-06-01,2,2,1.0,2,558.02,2,0,0.0,605.85,0.00,0.0
1383,2025-07-01,2,2,1.0,2,1367.01,2,0,0.0,1765.11,0.00,0.0
1383,2025-08-01,1,0,0.0,0,0.00,0,0,,1312.22,0.00,0.0
1383,2025-09-01,2,1,0.5,0,0.00,0,0,,742.15,0.00,0.0
1383,2025-10-01,2,0,0.0,1,146.01,1,0,0.0,786.09,0.00,0.0
1383,2025-11-01,0,0,,0,0.00,0,0,,581.63,293.04,0.5038254560459399
1383,2025-12-01,1,1,1.0,1,50.38,1,0,0.0,396.37,289.96,0.731538713827989
1383,2026-01-01,1,1,1.0,0,0.00,0,0,,316.10,281.13,0.8893704523884846
1383,2026-02-01,2,1,0.5,1,101.98,1,0,0.0,409.22,281.30,0.6874053076584722
1383,2026-03-01,2,1,0.5,1,131.43,1,0,0.0,494.55,277.05,0.5602062481043373
1383,2026-04-01,2,1,0.5,1,789.54,1,0,0.0,1320.36,281.36,0.21309339877003244
1383,2026-05-01,1,0,0.0,0,0.00,0,0,,1186.88,292.66,0.24657926664869237
1383,2026-06-01,1,1,1.0,1,194.90,0,0,,1374.26,292.34,0.2127253940302417
1384,2025-01-01,1,0,0.0,0,0.00,0,0,,0.00,0.00,
1384,2025-03-01,1,0,0.0,0,0.00,0,0,,0.00,0.00,
1384,2025-06-01,2,0,0.0,0,0.00,0,0,,0.00,0.00,
1384,2025-10-01,1,0,0.0,0,0.00,0,0,,0.00,0.00,
1384,2026-02-01,1,1,1.0,1,522.75,1,0,0.0,609.52,0.00,0.0
1384,2026-03-01,0,0,,0,0.00,0,0,,500.25,0.00,0.0
1384,2026-04-01,1,1,1.0,1,220.21,1,0,0.0,645.91,0.00,0.0
1384,2026-05-01,0,0,,0,0.00,0,0,,503.88,0.00,0.0
1384,2026-06-01,0,0,,0,0.00,0,0,,273.34,0.00,0.0
1385,2025-03-01,1,0,0.0,0,0.00,0,0,,0.00,0.00,
1385,2025-04-01,1,0,0.0,0,0.00,0,0,,0.00,0.00,
1385,2025-05-01,1,1,1.0,1,963.94,1,0,0.0,976.20,0.00,0.0
1385,2025-06-01,1,0,0.0,0,0.00,0,0,,322.00,0.00,0.0
1385,2025-07-01,0,0,,0,0.00,0,0,,322.37,0.00,0.0
1385,2025-08-01,1,1,1.0,1,520.19,1,0,0.0,756.82,0.00,0.0
1385,2025-09-01,0,0,,0,0.00,0,0,,715.20,0.00,0.0
1385,2025-10-01,1,1,1.0,1,210.50,1,0,0.0,900.02,0.00,0.0
1385,2025-11-01,0,0,,0,0.00,0,0,,812.90,0.00,0.0
1385,2025-12-01,0,0,,0,0.00,0,0,,738.06,0.00,0.0
1385,2026-01-01,1,0,0.0,0,0.00,0,0,,611.03,0.00,0.0
1385,2026-02-01,0,0,,0,0.00,0,0,,506.76,0.00,0.0
1385,2026-03-01,0,0,,0,0.00,0,0,,396.05,0.00,0.0
1385,2026-04-01,1,1,1.0,0,0.00,0,0,,233.25,0.00,0.0
1385,2026-05-01,0,0,,0,0.00,0,0,,200.58,0.00,0.0
1385,2026-06-01,0,0,,0,0.00,0,0,,133.54,0.00,0.0
1386,2025-01-01,4,2,0.5,1,532.79,1,0,0.0,580.47,0.00,0.0
1386,2025-02-01,0,0,,0,0.00,0,0,,377.14,0.00,0.0
1386,2025-03-01,4,1,0.25,1,155.88,1,0,0.0,379.48,0.00,0.0
1386,2025-04-01,5,2,0.4,2,978.09,2,0,0.0,1199.24,0.00,0.0
1386,2025-05-01,2,1,0.5,1,445.73,1,0,0.0,1334.46,0.00,0.0
1386,2025-06-01,1,1,1.0,1,248.64,1,0,0.0,951.84,0.00,0.0
1386,2025-07-01,3,3,1.0,2,570.67,2,1,0.5,1391.47,0.00,0.0
1386,2025-08-01,4,2,0.5,3,509.14,3,0,0.0,1537.15,0.00,0.0
1386,2025-09-01,2,1,0.5,1,143.39,1,0,0.0,1427.98,176.63,0.12369220857434977
1386,2025-10-01,3,3,1.0,3,644.72,3,0,0.0,1439.49,0.00,0.0
1386,2025-11-01,4,2,0.5,2,490.13,2,0,0.0,1216.34,0.00,0.0
1386,2025-12-01,3,2,0.6666666666666666,1,192.34,1,0,0.0,894.83,0.00,0.0
1386,2026-01-01,2,1,0.5,2,716.59,2,0,0.0,1113.77,0.00,0.0
1386,2026-02-01,5,3,0.6,2,677.85,2,2,1.0,1399.02,0.00,0.0
1386,2026-03-01,0,0,,1,164.27,1,0,0.0,1236.14,136.49,0.11041629588881519
1386,2026-04-01,3,2,0.6666666666666666,2,275.81,2,0,0.0,1103.51,563.97,0.511069224565251
1386,2026-05-01,4,3,0.75,3,647.87,0,0,,1522.77,558.67,0.36687746672182925
1386,2026-06-01,3,0,0.0,0,0.00,0,0,,1337.26,628.86,0.4702600840524655
1387,2025-01-01,1,1,1.0,1,416.32,1,0,0.0,438.23,0.00,0.0
1387,2025-02-01,0,0,,0,0.00,0,0,,434.39,0.00,0.0
1387,2025-03-01,1,0,0.0,0,0.00,0,0,,141.65,0.00,0.0
1387,2025-04-01,0,0,,0,0.00,0,0,,0.00,0.00,
1387,2025-05-01,2,1,0.5,1,166.66,1,0,0.0,169.99,0.00,0.0
1387,2025-06-01,1,0,0.0,0,0.00,0,0,,112.15,0.00,0.0
1387,2025-07-01,1,1,1.0,0,0.00,0,0,,56.15,0.00,0.0
1387,2025-08-01,0,0,,1,180.32,1,0,0.0,194.99,0.00,0.0
1387,2025-09-01,2,1,0.5,1,323.07,1,0,0.0,595.74,0.00,0.0
1387,2025-10-01,1,0,0.0,0,0.00,0,0,,560.38,0.00,0.0
1387,2025-11-01,1,1,1.0,1,89.08,1,1,1.0,592.04,0.00,0.0
1387,2025-12-01,1,1,1.0,0,0.00,0,0,,546.59,68.31,0.12497484403300463
1387,2026-01-01,1,0,0.0,1,118.59,1,1,1.0,552.14,121.52,0.22008910783496938
1387,2026-02-01,0,0,,0,0.00,0,0,,504.30,0.00,0.0
1387,2026-03-01,0,0,,0,0.00,0,0,,439.26,124.59,0.28363611528479715
1387,2026-04-01,0,0,,0,0.00,0,0,,397.92,126.53,0.31797848813831925
1387,2026-05-01,1,1,1.0,1,227.25,0,0,,592.14,131.61,0.22226162731786406
1387,2026-06-01,0,0,,0,0.00,0,0,,461.89,131.47,0.28463486977418867
1388,2025-01-01,1,1,1.0,1,195.62,1,0,0.0,216.45,0.00,0.0
1388,2025-02-01,0,0,,0,0.00,0,0,,140.63,0.00,0.0
1388,2025-03-01,0,0,,0,0.00,0,0,,71.36,0.00,0.0
1388,2025-04-01,0,0,,0,0.00,0,0,,0.00,0.00,
1388,2025-05-01,0,0,,0,0.00,0,0,,0.00,0.00,
1388,2025-06-01,0,0,,0,0.00,0,0,,0.00,0.00,
1388,2025-07-01,1,0,0.0,0,0.00,0,0,,0.00,0.00,
1388,2025-08-01,1,1,1.0,0,0.00,0,0,,0.00,0.00,
1388,2025-09-01,2,2,1.0,2,423.58,2,0,0.0,351.55,0.00,0.0
1388,2025-10-01,1,1,1.0,1,301.62,1,0,0.0,602.31,0.00,0.0
1388,2025-11-01,1,1,1.0,0,0.00,0,0,,513.46,0.00,0.0
1388,2025-12-01,0,0,,1,901.06,1,0,0.0,1064.44,50.87,0.047790387433767983
1388,2026-01-01,0,0,,0,0.00,0,0,,962.37,0.00,0.0
1388,2026-02-01,1,0,0.0,0,0.00,0,0,,666.16,0.00,0.0
1388,2026-03-01,0,0,,0,0.00,0,0,,504.82,0.00,0.0
1388,2026-04-01,0,0,,0,0.00,0,0,,333.54,0.00,0.0
1388,2026-05-01,0,0,,0,0.00,0,0,,165.20,0.00,0.0
1388,2026-06-01,0,0,,0,0.00,0,0,,0.00,0.00,
1389,2025-04-01,1,1,1.0,0,0.00,0,0,,0.00,0.00,
1389,2025-05-01,1,0,0.0,0,0.00,0,0,,0.00,0.00,
1389,2025-08-01,2,1,0.5,0,0.00,0,0,,0.00,0.00,
1389,2025-12-01,1,1,1.0,1,79.90,1,1,1.0,86.75,0.00,0.0
1389,2026-01-01,0,0,,0,0.00,0,0,,84.11,0.00,0.0
1389,2026-02-01,0,0,,0,0.00,0,0,,84.16,84.16,1.0
1389,2026-03-01,1,1,1.0,1,121.45,1,1,1.0,126.97,0.00,0.0
1389,2026-04-01,1,0,0.0,0,0.00,0,0,,128.94,0.00,0.0
1389,2026-05-01,1,1,1.0,1,598.44,0,0,,790.89,134.12,0.16958110483126604
1389,2026-06-01,1,1,1.0,1,134.09,0,0,,770.97,133.98,0.17378108097591344
1390,2025-04-01,2,1,0.5,1,135.47,1,0,0.0,156.54,0.00,0.0
1390,2025-05-01,0,0,,0,0.00,0,0,,113.43,0.00,0.0
1390,2025-06-01,0,0,,0,0.00,0,0,,74.82,0.00,0.0
1390,2025-07-01,0,0,,0,0.00,0,0,,37.44,0.00,0.0
1390,2025-08-01,0,0,,0,0.00,0,0,,0.00,0.00,
1390,2025-09-01,2,2,1.0,1,304.38,1,0,0.0,348.68,0.00,0.0
1390,2025-10-01,1,0,0.0,0,0.00,0,0,,233.74,0.00,0.0
1390,2025-11-01,0,0,,0,0.00,0,0,,119.70,0.00,0.0
1390,2025-12-01,0,0,,0,0.00,0,0,,0.00,0.00,
1390,2026-01-01,1,1,1.0,1,276.04,1,0,0.0,292.63,0.00,0.0
1390,2026-02-01,4,4,1.0,3,1713.76,3,0,0.0,2344.88,0.00,0.0
1390,2026-03-01,0,0,,1,63.67,1,0,0.0,1863.76,0.00,0.0
1390,2026-04-01,0,0,,0,0.00,0,0,,1573.51,0.00,0.0
1390,2026-05-01,0,0,,0,0.00,0,0,,1201.33,0.00,0.0
1390,2026-06-01,1,0,0.0,0,0.00,0,0,,1077.88,0.00,0.0
1391,2025-01-01,3,1,0.3333333333333333,1,948.06,1,0,0.0,1030.41,0.00,0.0
1391,2025-02-01,0,0,,0,0.00,0,0,,340.48,0.00,0.0
1391,2025-03-01,1,0,0.0,0,0.00,0,0,,333.03,0.00,0.0
1391,2025-04-01,2,1,0.5,1,1009.00,1,0,0.0,1115.01,0.00,0.0
1391,2025-05-01,3,2,0.6666666666666666,2,1032.26,2,0,0.0,1983.53,0.00,0.0
1391,2025-06-01,4,3,0.75,2,278.03,2,0,0.0,1934.25,0.00,0.0
1391,2025-07-01,1,1,1.0,2,694.48,2,0,0.0,2352.29,0.00,0.0
1391,2025-08-01,2,0,0.0,0,0.00,0,0,,1403.58,0.00,0.0
1391,2025-09-01,1,0,0.0,0,0.00,0,0,,1110.60,0.00,0.0
1391,2025-10-01,1,0,0.0,0,0.00,0,0,,450.00,0.00,0.0
1391,2025-11-01,6,3,0.5,3,2005.94,3,0,0.0,2366.34,0.00,0.0
1391,2025-12-01,1,0,0.0,0,0.00,0,0,,1751.61,0.00,0.0
1391,2026-01-01,0,0,,0,0.00,0,0,,1191.71,0.00,0.0
1391,2026-02-01,5,3,0.6,2,340.44,2,0,0.0,1045.90,0.00,0.0
1391,2026-03-01,2,1,0.5,1,82.75,1,0,0.0,517.30,0.00,0.0
1391,2026-04-01,1,0,0.0,0,0.00,0,0,,342.49,0.00,0.0
1391,2026-05-01,2,1,0.5,0,0.00,0,0,,77.04,0.00,0.0
1391,2026-06-01,1,1,1.0,2,1199.47,0,0,,1453.88,0.00,0.0
1392,2025-01-01,1,0,0.0,0,0.00,0,0,,0.00,0.00,
1392,2025-02-01,2,2,1.0,2,311.42,2,0,0.0,360.95,0.00,0.0
1392,2025-03-01,1,1,1.0,0,0.00,0,0,,353.06,0.00,0.0
1392,2025-04-01,0,0,,0,0.00,0,0,,253.75,0.00,0.0
1392,2025-05-01,4,3,0.75,1,75.63,1,1,1.0,205.84,0.00,0.0
1392,2025-06-01,1,1,1.0,1,210.49,1,0,0.0,432.39,127.19,0.2941557390318925
1392,2025-07-01,2,2,1.0,2,585.47,2,1,0.5,926.28,95.50,0.10310057434037224
1392,2025-08-01,0,0,,0,0.00,0,0,,644.05,0.00,0.0
1392,2025-09-01,1,1,1.0,1,86.62,1,0,0.0,379.44,0.00,0.0
1392,2025-10-01,1,0,0.0,0,0.00,0,0,,257.26,0.00,0.0
1392,2025-11-01,1,1,1.0,0,0.00,0,0,,245.62,174.14,0.708981353309991
1392,2025-12-01,2,2,1.0,2,455.09,2,0,0.0,746.59,172.31,0.23079601923411777
1392,2026-01-01,1,1,1.0,1,305.59,1,0,0.0,845.13,167.06,0.19767373066865454
1392,2026-02-01,2,1,0.5,0,0.00,0,0,,692.49,167.16,0.24138976736126153
1392,2026-03-01,3,1,0.3333333333333333,1,219.32,1,0,0.0,729.94,164.64,0.2255527851604241
1392,2026-04-01,3,2,0.6666666666666666,2,1323.59,2,0,0.0,2099.33,167.20,0.07964445799374086
1392,2026-05-01,2,1,0.5,1,356.32,0,0,,1967.51,173.92,0.08839599290473746
1392,2026-06-01,3,2,0.6666666666666666,1,1394.08,0,0,,3096.31,282.69,0.09129899783936363
1393,2024-12-01,2,2,1.0,0,0.00,0,0,,0.00,0.00,
1393,2025-01-01,25,10,0.4,11,3659.40,11,1,0.09090909090909091,4069.05,0.00,0.0
1393,2025-02-01,23,19,0.8260869565217391,13,5092.15,13,1,0.07692307692307693,9057.47,0.00,0.0
1393,2025-03-01,15,7,0.4666666666666667,7,3973.88,7,1,0.14285714285714285,11344.92,1007.75,0.08882830376944043
1393,2025-04-01,14,7,0.5,5,1760.83,5,0,0.0,10377.75,1062.51,0.10238346462383464
1393,2025-05-01,20,11,0.55,11,4541.08,11,2,0.18181818181818182,12196.75,1327.14,0.10881095373767603
1393,2025-06-01,21,10,0.47619047619047616,10,3172.71,10,0,0.0,12273.72,656.18,0.05346219402104659
1393,2025-07-01,23,9,0.391304347826087,10,2777.07,10,2,0.2,12314.64,1381.12,0.11215268980660417
1393,2025-08-01,15,12,0.8,6,1316.46,6,1,0.16666666666666666,10427.94,1740.43,0.16690065343682453
1393,2025-09-01,14,9,0.6428571428571429,11,4895.15,11,2,0.18181818181818182,12774.50,2046.40,0.16019413675682023
1393,2025-10-01,17,9,0.5294117647058824,5,1557.67,5,1,0.2,11410.84,1935.35,0.16960626912654983
1393,2025-11-01,19,11,0.5789473684210527,9,2161.86,9,0,0.0,10943.52,1706.82,0.15596627045045836
1393,2025-12-01,25,16,0.64,17,5589.22,17,1,0.058823529411764705,13760.39,1753.55,0.12743461486193342
1393,2026-01-01,16,9,0.5625,7,1265.34,7,3,0.42857142857142855,11058.11,1598.47,0.1445518266683909
1393,2026-02-01,24,15,0.625,8,2457.64,8,0,0.0,10749.13,1854.15,0.1724930296684476
1393,2026-03-01,26,14,0.5384615384615384,14,4442.27,14,0,0.0,12766.79,2353.05,0.18431022990117327
1393,2026-04-01,18,13,0.7222222222222222,9,1813.51,9,0,0.0,12056.57,2059.02,0.17077991501728934
1393,2026-05-01,22,7,0.3181818181818182,5,1873.71,0,0,,11264.05,2482.61,0.2204011878498409
1393,2026-06-01,17,12,0.7058823529411765,14,4900.02,0,0,,14307.05,2446.05,0.1709681590544522
1394,2025-01-01,11,5,0.45454545454545453,3,441.64,3,1,0.3333333333333333,503.32,0.00,0.0
1394,2025-02-01,3,2,0.6666666666666666,2,523.22,2,1,0.5,1132.82,0.00,0.0
1394,2025-03-01,7,4,0.5714285714285714,4,953.48,4,0,0.0,2016.04,165.72,0.08220074998511935
1394,2025-04-01,11,5,0.45454545454545453,4,850.21,4,1,0.25,2574.65,0.00,0.0
1394,2025-05-01,8,5,0.625,5,1965.12,5,0,0.0,4237.73,81.32,0.019189518916967338
1394,2025-06-01,5,2,0.4,2,441.84,2,0,0.0,3714.70,43.02,0.011581015963604061
1394,2025-07-01,13,9,0.6923076923076923,7,1608.95,7,1,0.14285714285714285,4538.85,45.37,0.009995924077684874
1394,2025-08-01,10,8,0.8,8,2312.91,8,2,0.25,5914.91,45.58,0.007705949879203572
1394,2025-09-01,4,2,0.5,1,346.09,1,0,0.0,4745.66,196.44,0.041393610161705646
1394,2025-10-01,8,5,0.625,5,1797.22,5,1,0.2,4619.55,42.85,0.009275795261443214
1394,2025-11-01,6,2,0.3333333333333333,2,635.06,2,0,0.0,3742.00,317.02,0.0847194013896312
1394,2025-12-01,2,1,0.5,0,0.00,0,0,,2595.85,42.18,0.01624901284742955
1394,2026-01-01,7,3,0.42857142857142855,1,185.23,1,1,1.0,1936.40,82.67,0.04269262549060111
1394,2026-02-01,9,3,0.3333333333333333,3,1301.48,3,0,0.0,2343.96,80.76,0.03445451287564635
1394,2026-03-01,11,7,0.6363636363636364,6,2731.62,6,1,0.16666666666666666,4527.70,280.06,0.06185480486781368
1394,2026-04-01,8,5,0.625,4,1972.17,4,1,0.25,5723.22,277.55,0.04849542739926126
1394,2026-05-01,4,2,0.5,3,1301.84,0,0,,5517.10,819.27,0.148496492722626
1394,2026-06-01,4,2,0.5,1,188.02,0,0,,4142.28,1157.57,0.2794523788831272
1395,2025-04-01,1,0,0.0,0,0.00,0,0,,0.00,0.00,
1395,2025-07-01,1,1,1.0,1,78.72,1,1,1.0,84.06,0.00,0.0
1395,2025-08-01,0,0,,0,0.00,0,0,,85.42,0.00,0.0
1395,2025-09-01,0,0,,0,0.00,0,0,,58.70,0.00,0.0
1395,2025-10-01,1,0,0.0,0,0.00,0,0,,59.03,59.03,1.0
1395,2025-11-01,1,1,1.0,1,102.37,1,0,0.0,173.44,60.47,0.34865083025830257
1395,2025-12-01,2,2,1.0,2,420.28,2,0,0.0,588.44,59.83,0.1016756168853239
1395,2026-01-01,1,1,1.0,1,186.56,1,0,0.0,613.70,58.01,0.09452501222095486
1395,2026-02-01,0,0,,0,0.00,0,0,,343.34,58.04,0.16904526125706298
1395,2026-03-01,0,0,,0,0.00,0,0,,270.88,57.17,0.21105286473715298
1395,2026-04-01,0,0,,0,0.00,0,0,,161.83,58.06,0.35877155039238706
1395,2026-05-01,0,0,,0,0.00,0,0,,132.36,60.39,0.4562556663644605
1395,2026-06-01,1,0,0.0,0,0.00,0,0,,96.28,60.32,0.6265060240963856
1396,2025-01-01,2,2,1.0,2,256.69,2,0,0.0,288.29,0.00,0.0
1396,2025-02-01,2,1,0.5,1,146.02,1,0,0.0,360.24,0.00,0.0
1396,2025-03-01,2,1,0.5,1,198.86,1,0,0.0,452.90,0.00,0.0
1396,2025-04-01,4,3,0.75,2,770.93,2,0,0.0,1168.27,0.00,0.0
1396,2025-05-01,7,4,0.5714285714285714,3,856.86,3,0,0.0,1611.52,0.00,0.0
1396,2025-06-01,5,3,0.6,2,188.68,2,0,0.0,1413.80,0.00,0.0
1396,2025-07-01,4,1,0.25,2,303.85,2,0,0.0,1153.12,0.00,0.0
1396,2025-08-01,4,2,0.5,2,702.78,2,0,0.0,1120.63,0.00,0.0
1396,2025-09-01,2,2,1.0,1,66.14,1,0,0.0,697.14,0.00,0.0
1396,2025-10-01,2,1,0.5,1,102.50,1,0,0.0,367.27,0.00,0.0
1396,2025-11-01,1,0,0.0,0,0.00,0,0,,96.32,0.00,0.0
1396,2025-12-01,3,1,0.3333333333333333,1,323.89,1,0,0.0,472.92,0.00,0.0
1396,2026-01-01,3,2,0.6666666666666666,2,669.72,2,1,0.5,1176.98,0.00,0.0
1396,2026-02-01,3,2,0.6666666666666666,2,632.14,2,0,0.0,1698.32,34.95,0.020579160582222433
1396,2026-03-01,3,2,0.6666666666666666,2,498.15,2,0,0.0,1939.94,391.54,0.20183098446343703
1396,2026-04-01,3,2,0.6666666666666666,1,487.28,1,0,0.0,1868.07,0.00,0.0
1396,2026-05-01,2,1,0.5,1,1291.46,0,0,,2746.85,128.13,0.04664615832681071
1396,2026-06-01,2,1,0.5,0,0.00,0,0,,1861.39,0.00,0.0
1397,2024-12-01,1,1,1.0,0,0.00,0,0,,0.00,0.00,
1397,2025-01-01,290,161,0.5551724137931034,123,36138.77,123,9,0.07317073170731707,40003.88,0.00,0.0
1397,2025-02-01,217,125,0.576036866359447,115,38907.79,115,12,0.10434782608695652,71537.93,0.00,0.0
1397,2025-03-01,258,131,0.5077519379844961,99,27728.85,99,5,0.050505050505050504,84235.18,1067.82,0.012676651251887869
1397,2025-04-01,264,145,0.5492424242424242,116,34491.70,116,13,0.11206896551724138,97805.86,3123.31,0.031933771657444654
1397,2025-05-01,282,151,0.5354609929078015,121,37698.47,121,9,0.0743801652892562,106052.84,3217.89,0.030342327466195154
1397,2025-06-01,243,139,0.5720164609053497,122,39550.82,122,7,0.05737704918032787,121823.35,7260.97,0.059602448955803626
1397,2025-07-01,263,147,0.55893536121673,129,35257.54,129,18,0.13953488372093023,124553.39,9466.20,0.07600114296367205
1397,2025-08-01,266,143,0.5375939849624061,120,32372.32,120,9,0.075,126704.01,12948.24,0.10219281931171713
1397,2025-09-01,278,143,0.5143884892086331,121,37398.80,121,7,0.05785123966942149,136958.76,18727.79,0.1367403589226421
1397,2025-10-01,260,150,0.5769230769230769,133,38412.28,133,14,0.10526315789473684,141689.87,20195.68,0.14253439571932702
1397,2025-11-01,252,140,0.5555555555555556,116,40437.48,116,10,0.08620689655172414,151227.75,21608.05,0.14288415981855182
1397,2025-12-01,296,160,0.5405405405405406,123,44148.24,123,8,0.06504065040650407,155080.33,24305.11,0.15672593680965216
1397,2026-01-01,265,148,0.5584905660377358,115,37379.09,115,11,0.09565217391304348,153039.70,22540.81,0.1472873378606989
1397,2026-02-01,229,135,0.5895196506550219,115,35966.89,115,7,0.06086956521739131,154845.45,24025.03,0.1551548979966799
1397,2026-03-01,307,169,0.5504885993485342,137,41946.78,137,15,0.10948905109489052,154834.52,28510.09,0.18413264690587086
1397,2026-04-01,261,141,0.5402298850574713,128,40726.93,128,11,0.0859375,163147.99,29944.01,0.18353894522390377
1397,2026-05-01,264,153,0.5795454545454546,127,45618.91,0,0,,174769.49,34517.42,0.1975025503593333
1397,2026-06-01,241,136,0.5643153526970954,124,39120.68,0,0,,172530.23,35503.45,0.20578103906776218
1398,2025-02-01,2,2,1.0,2,247.36,2,0,0.0,268.28,0.00,0.0
1398,2025-03-01,0,0,,0,0.00,0,0,,181.18,0.00,0.0
1398,2025-04-01,2,1,0.5,1,375.60,1,0,0.0,505.28,0.00,0.0
1398,2025-05-01,2,1,0.5,0,0.00,0,0,,310.61,0.00,0.0
1398,2025-06-01,1,1,1.0,1,724.29,1,0,0.0,1002.00,0.00,0.0
1398,2025-07-01,0,0,,0,0.00,0,0,,771.64,0.00,0.0
1398,2025-08-01,0,0,,0,0.00,0,0,,548.83,0.00,0.0
1398,2025-09-01,1,0,0.0,0,0.00,0,0,,424.35,0.00,0.0
1398,2025-10-01,1,1,1.0,1,230.80,1,0,0.0,541.66,0.00,0.0
1398,2025-11-01,0,0,,0,0.00,0,0,,510.92,0.00,0.0
1398,2025-12-01,5,4,0.8,3,749.56,3,0,0.0,998.80,0.00,0.0
1398,2026-01-01,0,0,,1,223.04,1,0,0.0,862.60,0.00,0.0
1398,2026-02-01,0,0,,0,0.00,0,0,,524.15,0.00,0.0
1398,2026-03-01,1,1,1.0,1,427.05,1,0,0.0,582.88,0.00,0.0
1398,2026-04-01,2,0,0.0,0,0.00,0,0,,395.78,0.00,0.0
1398,2026-05-01,3,1,0.3333333333333333,0,0.00,0,0,,233.97,0.00,0.0
1398,2026-06-01,2,1,0.5,2,1175.84,0,0,,869.60,0.00,0.0
1399,2025-02-01,2,1,0.5,1,621.61,1,0,0.0,746.37,0.00,0.0
1399,2025-03-01,0,0,,0,0.00,0,0,,631.24,0.00,0.0
1399,2025-04-01,2,2,1.0,1,293.49,1,0,0.0,964.71,0.00,0.0
1399,2025-05-01,2,2,1.0,2,473.81,2,0,0.0,1036.90,0.00,0.0
1399,2025-06-01,2,2,1.0,1,180.14,1,0,0.0,847.43,0.00,0.0
1399,2025-07-01,1,0,0.0,1,174.04,1,0,0.0,600.96,0.00,0.0
1399,2025-08-01,4,3,0.75,1,706.83,1,0,0.0,1105.34,0.00,0.0
1399,2025-09-01,2,2,1.0,4,959.03,4,0,0.0,1784.48,0.00,0.0
1399,2025-10-01,0,0,,0,0.00,0,0,,1125.92,144.93,0.12872140116526928
1399,2025-11-01,0,0,,0,0.00,0,0,,624.78,145.07,0.23219373219373218
1399,2025-12-01,0,0,,0,0.00,0,0,,371.41,142.67,0.38413074499878835
1399,2026-01-01,1,0,0.0,0,0.00,0,0,,293.97,142.09,0.4833486410177909
1399,2026-02-01,2,2,1.0,1,131.01,1,0,0.0,349.71,138.79,0.39687169368905667
1399,2026-03-01,3,3,1.0,3,729.11,3,0,0.0,1040.35,140.24,0.1348007881962801
1399,2026-04-01,0,0,,0,0.00,0,0,,786.06,138.99,0.17681856346843755
1399,2026-05-01,1,0,0.0,0,0.00,0,0,,458.18,137.68,0.30049325592561876
1399,2026-06-01,1,0,0.0,0,0.00,0,0,,219.19,140.04,0.6388977599343035
1400,2025-01-01,3,0,0.0,0,0.00,0,0,,0.00,0.00,
1400,2025-02-01,1,0,0.0,0,0.00,0,0,,0.00,0.00,
1400,2025-03-01,2,0,0.0,0,0.00,0,0,,0.00,0.00,
1400,2025-05-01,6,3,0.5,3,959.55,3,0,0.0,1084.44,0.00,0.0
1400,2025-06-01,2,1,0.5,0,0.00,0,0,,790.20,0.00,0.0
1400,2025-07-01,4,3,0.75,3,879.84,3,1,0.3333333333333333,1568.01,0.00,0.0
1400,2025-08-01,4,4,1.0,3,606.08,3,0,0.0,1703.66,0.00,0.0
1400,2025-09-01,1,1,1.0,2,865.53,2,0,0.0,2429.53,0.00,0.0
1400,2025-10-01,2,1,0.5,1,1019.82,1,0,0.0,3060.22,0.00,0.0
1400,2025-11-01,2,2,1.0,1,243.81,1,0,0.0,2564.21,0.00,0.0
1400,2025-12-01,3,2,0.6666666666666666,2,541.43,2,0,0.0,2216.33,308.83,0.13934296787933204
1400,2026-01-01,0,0,,0,0.00,0,0,,1262.88,0.00,0.0
1400,2026-02-01,0,0,,0,0.00,0,0,,854.75,0.00,0.0
1400,2026-03-01,3,1,0.3333333333333333,1,155.59,1,0,0.0,644.24,234.28,0.3636532969079846
1400,2026-04-01,5,2,0.4,1,150.93,1,1,1.0,449.01,118.97,0.26496069129863475
1400,2026-05-01,1,0,0.0,1,188.49,0,0,,603.36,123.75,0.2051014319809069
1400,2026-06-01,1,1,1.0,1,131.43,0,0,,607.97,123.62,0.20333240126979948
1401,2025-01-01,5,3,0.6,3,895.52,3,0,0.0,1063.30,0.00,0.0
1401,2025-02-01,1,1,1.0,1,1268.67,1,0,0.0,2206.77,0.00,0.0
1401,2025-03-01,1,0,0.0,0,0.00,0,0,,1670.38,0.00,0.0
1401,2025-04-01,3,0,0.0,0,0.00,0,0,,1212.99,470.85,0.38817302698291
1401,2025-05-01,5,4,0.8,3,914.71,3,0,0.0,1591.45,303.28,0.19056834961827263
1401,2025-06-01,2,2,1.0,2,315.48,2,0,0.0,1632.61,300.11,0.18382222331113984
1401,2025-07-01,3,2,0.6666666666666666,3,748.78,3,0,0.0,2081.11,300.45,0.14437007174056152
1401,2025-08-01,4,4,1.0,4,745.19,4,1,0.25,2395.15,305.30,0.12746592071477778
1401,2025-09-01,1,1,1.0,0,0.00,0,0,,2050.72,314.75,0.15348267925411566
1401,2025-10-01,2,1,0.5,2,647.34,2,0,0.0,2130.81,454.82,0.21344934555403813
1401,2025-11-01,1,0,0.0,0,0.00,0,0,,1535.53,506.28,0.32971026290596733
1401,2025-12-01,3,2,0.6666666666666666,2,1060.69,2,0,0.0,2390.01,500.94,0.20959744938305697
1401,2026-01-01,3,2,0.6666666666666666,1,361.40,1,0,0.0,2197.14,485.70,0.22106010540975995
1401,2026-02-01,3,2,0.6666666666666666,1,128.52,1,0,0.0,1609.78,485.99,0.3018983960541192
1401,2026-03-01,5,3,0.6,2,1067.70,2,0,0.0,2419.03,478.64,0.19786443326457298
1401,2026-04-01,3,1,0.3333333333333333,0,0.00,0,0,,2030.67,839.67,0.41349406846016334
1401,2026-05-01,4,1,0.25,2,823.21,0,0,,2259.81,505.62,0.22374447409295473
1401,2026-06-01,5,3,0.6,2,472.63,0,0,,1961.84,505.07,0.25744709048648207
1402,2025-01-01,8,5,0.625,5,2034.71,5,0,0.0,2218.93,0.00,0.0
1402,2025-02-01,5,2,0.4,0,0.00,0,0,,1657.05,0.00,0.0
1402,2025-03-01,6,2,0.3333333333333333,2,261.83,2,0,0.0,1328.31,0.00,0.0
1402,2025-04-01,3,1,0.3333333333333333,1,479.17,1,0,0.0,1164.04,113.62,0.0976083296106663
1402,2025-05-01,0,0,,0,0.00,0,0,,918.98,0.00,0.0
1402,2025-06-01,5,2,0.4,1,246.37,1,0,0.0,829.37,0.00,0.0
1402,2025-07-01,5,4,0.8,3,758.33,3,0,0.0,1131.70,0.00,0.0
1402,2025-08-01,2,1,0.5,1,530.61,1,0,0.0,1370.05,0.00,0.0
1402,2025-09-01,2,0,0.0,0,0.00,0,0,,911.95,133.18,0.1460387082625144
1402,2025-10-01,4,3,0.75,2,1182.57,2,0,0.0,1605.14,313.45,0.1952789164808054
1402,2025-11-01,1,0,0.0,0,0.00,0,0,,1244.40,321.07,0.2580118932819029
1402,2025-12-01,4,2,0.5,2,538.20,2,0,0.0,1446.57,317.69,0.219616057294151
1402,2026-01-01,6,5,0.8333333333333334,3,908.75,3,0,0.0,1816.81,308.02,0.16953891711296173
1402,2026-02-01,2,1,0.5,2,515.84,2,0,0.0,1618.91,308.21,0.19038118240050403
1402,2026-03-01,3,2,0.6666666666666666,2,686.97,2,0,0.0,2031.90,303.55,0.14939219449776073
1402,2026-04-01,4,2,0.5,2,763.30,2,1,0.5,2301.43,308.28,0.13395149971973946
1402,2026-05-01,3,2,0.6666666666666666,0,0.00,0,0,,1629.11,320.66,0.19683139873918892
1402,2026-06-01,5,3,0.6,3,397.04,0,0,,1318.47,320.31,0.24294068124416937
1403,2025-01-01,2,0,0.0,0,0.00,0,0,,0.00,0.00,
1403,2025-02-01,1,1,1.0,1,582.91,1,0,0.0,628.27,0.00,0.0
1403,2025-03-01,1,0,0.0,0,0.00,0,0,,409.69,0.00,0.0
1403,2025-04-01,3,0,0.0,0,0.00,0,0,,209.25,0.00,0.0
1403,2025-05-01,3,1,0.3333333333333333,1,2306.77,1,0,0.0,2453.15,0.00,0.0
1403,2025-06-01,1,1,1.0,1,237.83,1,0,0.0,1499.55,0.00,0.0
1403,2025-07-01,2,2,1.0,2,632.31,2,0,0.0,2131.52,0.00,0.0
1403,2025-08-01,0,0,,0,0.00,0,0,,1305.10,0.00,0.0
1403,2025-09-01,1,1,1.0,0,0.00,0,0,,1094.48,0.00,0.0
1403,2025-10-01,4,1,0.25,1,828.37,1,0,0.0,1891.42,640.07,0.33840712269088835
1403,2025-11-01,2,2,1.0,1,1172.74,1,0,0.0,2076.09,0.00,0.0
1403,2025-12-01,4,0,0.0,0,0.00,0,0,,1403.43,101.84,0.07256507271470611
1403,2026-01-01,3,1,0.3333333333333333,1,202.96,1,1,1.0,963.48,98.74,0.10248266699879602
1403,2026-02-01,0,0,,0,0.00,0,0,,332.68,98.80,0.2969820848863773
1403,2026-03-01,3,2,0.6666666666666666,1,215.75,1,0,0.0,449.17,327.65,0.7294565531981209
1403,2026-04-01,1,0,0.0,0,0.00,0,0,,339.21,98.82,0.2913239586097108
1403,2026-05-01,2,1,0.5,0,0.00,0,0,,292.01,102.79,0.3520084928598336
1403,2026-06-01,3,2,0.6666666666666666,0,0.00,0,0,,227.60,163.46,0.7181898066783832
1404,2025-01-01,15,10,0.6666666666666666,9,4054.69,9,1,0.1111111111111111,4549.16,0.00,0.0
1404,2025-02-01,5,4,0.8,4,807.27,4,0,0.0,4442.65,0.00,0.0
1404,2025-03-01,14,8,0.5714285714285714,7,2085.52,7,0,0.0,6025.41,430.06,0.07137439609918661
1404,2025-04-01,10,4,0.4,4,1905.56,4,0,0.0,6492.51,0.00,0.0
1404,2025-05-01,7,2,0.2857142857142857,2,433.56,2,0,0.0,4761.10,161.54,0.03392913402364999
1404,2025-06-01,5,2,0.4,2,492.63,2,0,0.0,3402.54,170.93,0.050236000164582933
1404,2025-07-01,15,9,0.6,8,2221.34,8,2,0.25,5335.34,180.26,0.03378603800320129
1404,2025-08-01,12,6,0.5,5,2349.37,5,1,0.2,6707.65,444.35,0.06624525728086589
1404,2025-09-01,7,5,0.7142857142857143,5,1132.28,5,2,0.4,6044.34,967.46,0.16006048633928602
1404,2025-10-01,15,10,0.6666666666666666,8,2070.61,8,0,0.0,6336.24,786.35,0.12410356930924335
1404,2025-11-01,9,5,0.5555555555555556,3,910.05,3,0,0.0,5711.17,2280.66,0.3993332364471728
1404,2025-12-01,13,8,0.6153846153846154,6,1743.52,6,0,0.0,6447.48,2091.21,0.3243453256155894
1404,2026-01-01,13,9,0.6923076923076923,7,1413.88,7,0,0.0,6411.20,2082.74,0.3248596206638383
1404,2026-02-01,12,10,0.8333333333333334,9,2613.24,9,2,0.2222222222222222,7927.06,2233.70,0.28178164414045054
1404,2026-03-01,5,4,0.8,4,1102.69,4,1,0.25,7560.85,2256.98,0.29850876554884703
1404,2026-04-01,9,7,0.7777777777777778,4,1412.05,4,1,0.25,7424.62,2301.70,0.3100091317804817
1404,2026-05-01,10,4,0.4,5,2146.45,0,0,,7701.35,3160.66,0.4104033708375804
1404,2026-06-01,14,6,0.42857142857142855,4,1469.30,0,0,,8668.03,3176.51,0.3664627372078777
1405,2025-01-01,11,4,0.36363636363636365,4,706.90,4,1,0.25,768.04,0.00,0.0
1405,2025-02-01,5,3,0.6,1,187.27,1,0,0.0,757.39,0.00,0.0
1405,2025-03-01,9,5,0.5555555555555556,4,1062.08,4,1,0.25,1608.99,71.31,0.0443197285253482
1405,2025-04-01,7,4,0.5714285714285714,5,1797.80,5,0,0.0,3177.17,63.13,0.019869884205125945
1405,2025-05-01,6,4,0.6666666666666666,5,2350.35,5,1,0.2,4558.71,311.99,0.0684382204614902
1405,2025-06-01,3,3,1.0,2,656.44,2,0,0.0,4414.32,308.74,0.06994055709599667
1405,2025-07-01,8,5,0.625,5,1692.88,5,0,0.0,5524.16,796.01,0.1440961159705729
1405,2025-08-01,8,6,0.75,6,1356.05,6,2,0.3333333333333333,5633.97,499.77,0.08870654263334735
1405,2025-09-01,4,2,0.5,1,281.19,1,0,0.0,4860.03,323.79,0.06662304553675595
1405,2025-10-01,4,3,0.75,1,478.28,1,0,0.0,3878.40,623.83,0.16084725660066007
1405,2025-11-01,2,0,0.0,0,0.00,0,0,,3117.40,639.00,0.2049785077308013
1405,2025-12-01,5,2,0.4,2,588.78,2,1,0.5,3101.80,632.27,0.20383970597717452
1405,2026-01-01,2,1,0.5,1,209.70,1,0,0.0,2659.50,1143.71,0.43004700131603685
1405,2026-02-01,11,5,0.45454545454545453,3,1181.21,3,0,0.0,3354.30,992.75,0.29596339027516916
1405,2026-03-01,5,3,0.6,3,720.12,3,0,0.0,3378.07,1050.68,0.3110296707883496
1405,2026-04-01,9,4,0.4444444444444444,3,348.51,3,0,0.0,2982.55,897.17,0.3008063569764128
1405,2026-05-01,3,2,0.6666666666666666,3,442.89,0,0,,2811.34,756.49,0.2690852049200737
1405,2026-06-01,1,1,1.0,1,284.83,0,0,,2348.03,755.66,0.3218272338939451
1406,2024-12-01,1,0,0.0,0,0.00,0,0,,0.00,0.00,
1406,2025-02-01,1,0,0.0,0,0.00,0,0,,0.00,0.00,
1406,2025-04-01,2,1,0.5,1,191.85,1,0,0.0,264.75,0.00,0.0
1406,2025-05-01,1,1,1.0,0,0.00,0,0,,235.29,0.00,0.0
1406,2025-06-01,0,0,,0,0.00,0,0,,226.35,0.00,0.0
1406,2025-07-01,0,0,,0,0.00,0,0,,214.82,0.00,0.0
1406,2025-08-01,0,0,,0,0.00,0,0,,191.83,0.00,0.0
1406,2025-09-01,0,0,,0,0.00,0,0,,166.20,0.00,0.0
1406,2025-10-01,2,0,0.0,0,0.00,0,0,,135.24,0.00,0.0
1406,2025-11-01,0,0,,0,0.00,0,0,,112.81,0.00,0.0
1406,2025-12-01,0,0,,0,0.00,0,0,,88.75,0.00,0.0
1406,2026-01-01,0,0,,0,0.00,0,0,,66.30,0.00,0.0
1406,2026-02-01,0,0,,0,0.00,0,0,,43.17,0.00,0.0
1406,2026-03-01,2,2,1.0,2,433.34,2,0,0.0,492.90,0.00,0.0
1406,2026-04-01,0,0,,0,0.00,0,0,,426.15,0.00,0.0
1406,2026-05-01,1,0,0.0,0,0.00,0,0,,296.44,0.00,0.0
1406,2026-06-01,0,0,,0,0.00,0,0,,86.83,0.00,0.0
1407,2025-01-01,9,3,0.3333333333333333,1,374.79,1,0,0.0,405.15,0.00,0.0
1407,2025-02-01,3,2,0.6666666666666666,2,800.44,2,0,0.0,1109.06,0.00,0.0
1407,2025-03-01,2,1,0.5,1,114.17,1,0,0.0,799.46,0.00,0.0
1407,2025-04-01,5,2,0.4,2,537.72,2,0,0.0,996.61,0.00,0.0
1407,2025-05-01,9,3,0.3333333333333333,2,393.50,2,0,0.0,956.43,0.00,0.0
1407,2025-06-01,5,4,0.8,3,1296.14,3,0,0.0,2034.47,0.00,0.0
1407,2025-07-01,5,3,0.6,2,903.28,2,1,0.5,2379.03,39.08,0.016426863049225943
1407,2025-08-01,7,6,0.8571428571428571,7,2683.14,7,3,0.42857142857142855,4587.65,39.71,0.00865584776519569
1407,2025-09-01,7,4,0.5714285714285714,3,444.61,3,0,0.0,3755.96,149.11,0.03969957081545065
1407,2025-10-01,3,3,1.0,2,1067.56,2,0,0.0,3674.86,1257.99,0.3423232449671552
1407,2025-11-01,11,8,0.7272727272727273,7,4448.86,7,0,0.0,8124.13,1510.55,0.18593375536826712
1407,2025-12-01,4,1,0.25,1,263.80,1,0,0.0,5872.39,1494.64,0.2545198803213002
1407,2026-01-01,5,5,1.0,2,514.08,2,1,0.5,5353.22,1511.57,0.2823665009097328
1407,2026-02-01,5,3,0.6,4,1801.06,4,0,0.0,4887.05,1512.48,0.30948731852549083
1407,2026-03-01,8,4,0.5,3,514.77,3,0,0.0,4213.93,1545.32,0.366717055100583
1407,2026-04-01,5,2,0.4,2,339.09,2,0,0.0,3635.11,1569.39,0.4317310892930338
1407,2026-05-01,2,1,0.5,1,79.61,0,0,,2822.97,1873.76,0.6637548397609611
1407,2026-06-01,2,2,1.0,2,436.05,0,0,,2694.86,1630.64,0.6050926578746206
1408,2025-03-01,1,1,1.0,1,226.03,1,0,0.0,240.78,0.00,0.0
1408,2025-04-01,1,1,1.0,1,144.95,1,1,1.0,158.98,0.00,0.0
1408,2025-05-01,0,0,,0,0.00,0,0,,153.60,0.00,0.0
1408,2025-06-01,1,1,1.0,1,267.72,1,0,0.0,390.75,0.00,0.0
1408,2025-07-01,0,0,,0,0.00,0,0,,243.90,0.00,0.0
1408,2025-08-01,1,0,0.0,0,0.00,0,0,,149.70,51.54,0.34428857715430866
1408,2025-09-01,0,0,,0,0.00,0,0,,0.00,0.00,
1408,2025-10-01,2,2,1.0,0,0.00,0,0,,0.00,0.00,
1408,2025-11-01,1,1,1.0,2,472.08,2,0,0.0,548.59,0.00,0.0
1408,2025-12-01,0,0,,0,0.00,0,0,,397.40,0.00,0.0
1408,2026-01-01,0,0,,0,0.00,0,0,,297.60,0.00,0.0
1408,2026-02-01,1,1,1.0,1,291.36,1,0,0.0,607.19,0.00,0.0
1408,2026-03-01,0,0,,0,0.00,0,0,,382.89,0.00,0.0
1408,2026-04-01,0,0,,0,0.00,0,0,,165.18,0.00,0.0
1408,2026-05-01,0,0,,0,0.00,0,0,,80.48,0.00,0.0
1408,2026-06-01,0,0,,0,0.00,0,0,,0.00,0.00,
1409,2025-02-01,1,0,0.0,0,0.00,0,0,,0.00,0.00,
1409,2025-03-01,1,0,0.0,0,0.00,0,0,,0.00,0.00,
1409,2025-04-01,2,1,0.5,1,322.32,1,0,0.0,357.19,0.00,0.0
1409,2025-05-01,0,0,,0,0.00,0,0,,230.07,0.00,0.0
1409,2025-06-01,0,0,,0,0.00,0,0,,0.00,0.00,
1409,2025-07-01,0,0,,0,0.00,0,0,,0.00,0.00,
1409,2025-08-01,1,1,1.0,0,0.00,0,0,,0.00,0.00,
1409,2025-09-01,1,1,1.0,2,226.96,2,0,0.0,303.18,0.00,0.0
1409,2025-10-01,3,1,0.3333333333333333,0,0.00,0,0,,282.57,0.00,0.0
1409,2025-11-01,2,1,0.5,1,168.27,1,0,0.0,433.22,0.00,0.0
1409,2025-12-01,0,0,,0,0.00,0,0,,334.36,0.00,0.0
1409,2026-01-01,3,3,1.0,1,182.25,1,1,1.0,433.86,0.00,0.0
1409,2026-02-01,2,1,0.5,0,0.00,0,0,,376.73,0.00,0.0
1409,2026-03-01,2,1,0.5,1,902.81,1,0,0.0,1321.87,219.79,0.16627202372396682
1409,2026-04-01,1,0,0.0,0,0.00,0,0,,972.73,204.62,0.2103564195614405
1409,2026-05-01,2,2,1.0,2,961.38,0,0,,1692.62,212.84,0.12574588507757206
1409,2026-06-01,2,1,0.5,1,144.64,0,0,,1722.97,212.61,0.12339738939157385
1410,2025-01-01,1,1,1.0,1,609.79,1,0,0.0,665.06,0.00,0.0
1410,2025-02-01,4,2,0.5,0,0.00,0,0,,659.23,0.00,0.0
1410,2025-03-01,4,1,0.25,3,782.13,3,0,0.0,1096.49,0.00,0.0
1410,2025-04-01,1,1,1.0,0,0.00,0,0,,919.64,0.00,0.0
1410,2025-05-01,5,3,0.6,3,983.24,3,1,0.3333333333333333,1588.16,0.00,0.0
1410,2025-06-01,4,1,0.25,2,449.11,2,1,0.5,1719.55,0.00,0.0
1410,2025-07-01,3,2,0.6666666666666666,1,140.76,1,0,0.0,1590.76,370.02,0.23260579848625812
1410,2025-08-01,2,0,0.0,0,0.00,0,0,,1196.50,344.65,0.28804847471792727
1410,2025-09-01,1,0,0.0,0,0.00,0,0,,783.28,0.00,0.0
1410,2025-10-01,0,0,,0,0.00,0,0,,618.73,0.00,0.0
1410,2025-11-01,3,0,0.0,0,0.00,0,0,,431.94,86.56,0.20039820345418347
1410,2025-12-01,4,2,0.5,2,424.39,2,0,0.0,783.78,85.65,0.10927811375641125
1410,2026-01-01,3,2,0.6666666666666666,1,139.85,1,0,0.0,758.49,83.04,0.10948067871692442
1410,2026-02-01,3,2,0.6666666666666666,1,331.82,1,0,0.0,882.78,83.09,0.09412311108090352
1410,2026-03-01,2,1,0.5,1,93.61,1,0,0.0,695.62,81.84,0.11765044133291165
1410,2026-04-01,4,3,0.75,1,172.92,1,0,0.0,632.43,83.11,0.13141375330076058
1410,2026-05-01,5,2,0.4,3,1513.92,0,0,,1901.39,86.45,0.045466737492045294
1410,2026-06-01,1,0,0.0,0,0.00,0,0,,1420.91,86.36,0.06077795215742024
1411,2025-01-01,2,1,0.5,0,0.00,0,0,,0.00,0.00,
1411,2025-02-01,2,1,0.5,1,252.51,1,0,0.0,281.35,0.00,0.0
1411,2025-03-01,2,1,0.5,1,278.29,1,0,0.0,517.69,0.00,0.0
1411,2025-04-01,1,0,0.0,0,0.00,0,0,,328.31,0.00,0.0
1411,2025-05-01,1,1,1.0,1,149.05,1,0,0.0,430.96,0.00,0.0
1411,2025-06-01,1,0,0.0,0,0.00,0,0,,300.73,0.00,0.0
1411,2025-07-01,0,0,,0,0.00,0,0,,231.55,0.00,0.0
1411,2025-08-01,1,1,1.0,1,504.75,1,0,0.0,729.43,0.00,0.0
1411,2025-09-01,4,0,0.0,0,0.00,0,0,,492.86,0.00,0.0
1411,2025-10-01,3,2,0.6666666666666666,0,0.00,0,0,,273.92,0.00,0.0
1411,2025-11-01,0,0,,0,0.00,0,0,,137.10,0.00,0.0
1411,2025-12-01,4,3,0.75,3,597.64,3,0,0.0,652.04,0.00,0.0
1411,2026-01-01,2,1,0.5,1,561.69,1,0,0.0,1078.75,0.00,0.0
1411,2026-02-01,0,0,,0,0.00,0,0,,748.39,0.00,0.0
1411,2026-03-01,1,0,0.0,0,0.00,0,0,,376.58,0.00,0.0
1411,2026-04-01,3,2,0.6666666666666666,2,868.99,2,0,0.0,1370.66,0.00,0.0
1411,2026-05-01,1,1,1.0,1,213.44,0,0,,1380.62,287.56,0.20828323506830265
1411,2026-06-01,0,0,,0,0.00,0,0,,1128.12,292.48,0.2592631989504663
1412,2025-04-01,1,0,0.0,0,0.00,0,0,,0.00,0.00,
1412,2025-05-01,1,0,0.0,0,0.00,0,0,,0.00,0.00,
1412,2025-10-01,1,0,0.0,0,0.00,0,0,,0.00,0.00,
1412,2025-11-01,1,0,0.0,0,0.00,0,0,,0.00,0.00,
1412,2025-12-01,2,1,0.5,1,115.75,1,0,0.0,123.42,0.00,0.0
1412,2026-01-01,1,1,1.0,0,0.00,0,0,,79.77,0.00,0.0
1412,2026-02-01,1,1,1.0,1,714.27,1,0,0.0,825.66,0.00,0.0
1412,2026-03-01,0,0,,0,0.00,0,0,,489.72,0.00,0.0
1412,2026-04-01,0,0,,0,0.00,0,0,,248.69,0.00,0.0
1412,2026-05-01,0,0,,0,0.00,0,0,,0.00,0.00,
1412,2026-06-01,1,0,0.0,0,0.00,0,0,,0.00,0.00,
1413,2025-01-01,2,1,0.5,1,289.53,1,0,0.0,306.71,0.00,0.0
1413,2025-02-01,6,4,0.6666666666666666,3,668.73,3,1,0.3333333333333333,1032.15,0.00,0.0
1413,2025-03-01,4,2,0.5,2,329.90,2,0,0.0,1015.09,0.00,0.0
1413,2025-04-01,8,4,0.5,3,703.95,3,0,0.0,1482.55,0.00,0.0
1413,2025-05-01,5,2,0.4,1,282.50,1,0,0.0,1224.74,0.00,0.0
1413,2025-06-01,4,2,0.5,3,483.44,3,1,0.3333333333333333,1514.90,0.00,0.0
1413,2025-07-01,4,1,0.25,1,201.82,1,0,0.0,1316.13,136.75,0.1039031098751643
1413,2025-08-01,3,2,0.6666666666666666,2,538.67,2,0,0.0,1575.64,138.96,0.08819273438094996
1413,2025-09-01,2,0,0.0,0,0.00,0,0,,1281.50,143.26,0.11179087007413187
1413,2025-10-01,5,4,0.8,3,1057.70,3,0,0.0,1967.39,227.31,0.11553886113073665
1413,2025-11-01,4,2,0.5,2,689.08,2,0,0.0,2372.47,147.56,0.062196782256466895
1413,2025-12-01,3,2,0.6666666666666666,2,858.50,2,0,0.0,2905.23,307.94,0.10599505030582776
1413,2026-01-01,6,5,0.8333333333333334,3,693.99,3,1,0.3333333333333333,2774.03,141.56,0.05103045028352252
1413,2026-02-01,4,0,0.0,0,0.00,0,0,,1812.70,141.65,0.07814310145087439
1413,2026-03-01,5,1,0.2,1,251.12,1,0,0.0,1717.51,231.60,0.13484637644031183
1413,2026-04-01,5,5,1.0,3,748.20,3,0,0.0,2073.11,141.68,0.06834176671763678
1413,2026-05-01,7,7,1.0,6,1665.02,0,0,,3382.50,147.37,0.04356836659275684
1413,2026-06-01,5,3,0.6,1,294.03,0,0,,2816.11,147.21,0.05227423644672971
1414,2025-01-01,1,0,0.0,0,0.00,0,0,,0.00,0.00,
1414,2025-02-01,2,0,0.0,0,0.00,0,0,,0.00,0.00,
1414,2025-03-01,1,0,0.0,0,0.00,0,0,,0.00,0.00,
1414,2025-04-01,4,2,0.5,2,324.39,2,0,0.0,363.87,0.00,0.0
1414,2025-05-01,6,3,0.5,2,1170.74,2,0,0.0,1495.32,0.00,0.0
1414,2025-06-01,3,2,0.6666666666666666,1,202.02,1,0,0.0,1206.58,0.00,0.0
1414,2025-07-01,4,2,0.5,1,46.19,1,0,0.0,875.58,0.00,0.0
1414,2025-08-01,5,3,0.6,4,878.09,4,0,0.0,1431.10,0.00,0.0
1414,2025-09-01,1,0,0.0,0,0.00,0,0,,795.35,0.00,0.0
1414,2025-10-01,2,2,1.0,1,548.35,1,0,0.0,1125.06,0.00,0.0
1414,2025-11-01,4,2,0.5,3,1156.90,3,0,0.0,1845.81,0.00,0.0
1414,2025-12-01,3,2,0.6666666666666666,2,354.68,2,0,0.0,1603.02,0.00,0.0
1414,2026-01-01,3,1,0.3333333333333333,1,44.66,1,0,0.0,1109.06,0.00,0.0
1414,2026-02-01,2,1,0.5,1,368.01,1,0,0.0,786.48,0.00,0.0
1414,2026-03-01,4,0,0.0,0,0.00,0,0,,603.73,0.00,0.0
1414,2026-04-01,1,0,0.0,0,0.00,0,0,,480.80,0.00,0.0
1414,2026-05-01,2,1,0.5,0,0.00,0,0,,447.43,0.00,0.0
1414,2026-06-01,4,3,0.75,2,817.87,0,0,,1350.74,0.00,0.0
1415,2025-03-01,2,2,1.0,2,869.64,2,0,0.0,940.32,0.00,0.0
1415,2025-04-01,1,1,1.0,0,0.00,0,0,,634.57,0.00,0.0
1415,2025-05-01,0,0,,0,0.00,0,0,,307.62,0.00,0.0
1415,2025-06-01,2,1,0.5,1,539.98,1,0,0.0,584.32,0.00,0.0
1415,2025-07-01,0,0,,0,0.00,0,0,,462.14,0.00,0.0
1415,2025-08-01,0,0,,0,0.00,0,0,,309.51,0.00,0.0
1415,2025-09-01,0,0,,0,0.00,0,0,,306.47,0.00,0.0
1415,2025-10-01,1,1,1.0,1,564.50,1,0,0.0,601.16,0.00,0.0
1415,2025-11-01,0,0,,0,0.00,0,0,,401.18,0.00,0.0
1415,2025-12-01,0,0,,0,0.00,0,0,,197.26,0.00,0.0
1415,2026-01-01,0,0,,0,0.00,0,0,,0.00,0.00,
1415,2026-02-01,0,0,,0,0.00,0,0,,0.00,0.00,
1415,2026-03-01,0,0,,0,0.00,0,0,,0.00,0.00,
1415,2026-04-01,0,0,,0,0.00,0,0,,0.00,0.00,
1415,2026-05-01,0,0,,0,0.00,0,0,,0.00,0.00,
1415,2026-06-01,1,1,1.0,1,402.15,0,0,,448.63,0.00,0.0
1416,2025-01-01,4,4,1.0,3,1436.93,3,1,0.3333333333333333,1561.25,0.00,0.0
1416,2025-02-01,5,2,0.4,2,484.51,2,0,0.0,2027.78,0.00,0.0
1416,2025-03-01,10,4,0.4,4,1438.92,4,0,0.0,3295.26,1014.82,0.30796355977980494
1416,2025-04-01,0,0,,0,0.00,0,0,,1903.47,0.00,0.0
1416,2025-05-01,5,3,0.6,2,407.04,2,0,0.0,1325.33,0.00,0.0
1416,2025-06-01,4,1,0.25,0,0.00,0,0,,633.97,140.79,0.22207675442055616
1416,2025-07-01,7,4,0.5714285714285714,3,408.66,3,0,0.0,810.84,127.69,0.15747866410142566
1416,2025-08-01,5,2,0.4,3,714.52,3,0,0.0,1337.22,129.75,0.09702965854534033
1416,2025-09-01,1,1,1.0,1,740.90,1,1,1.0,1680.89,133.77,0.07958284004307242
1416,2025-10-01,9,5,0.5555555555555556,4,918.80,4,0,0.0,2500.15,134.51,0.053800771953682776
1416,2025-11-01,5,4,0.8,3,625.86,3,0,0.0,2537.97,137.78,0.054287481727522395
1416,2025-12-01,7,6,0.8571428571428571,2,1553.13,2,0,0.0,3495.19,136.33,0.039005032630558
1416,2026-01-01,7,5,0.7142857142857143,4,770.65,4,0,0.0,3435.89,132.18,0.03847038176425904
1416,2026-02-01,4,3,0.75,3,602.64,3,0,0.0,3427.61,132.26,0.03858665367413445
1416,2026-03-01,3,2,0.6666666666666666,1,121.04,1,1,1.0,2607.60,169.40,0.06496395152630773
1416,2026-04-01,1,0,0.0,0,0.00,0,0,,1575.60,152.14,0.09656004061944656
1416,2026-05-01,6,3,0.5,3,1372.04,0,0,,2627.08,158.25,0.060237982855489744
1416,2026-06-01,2,1,0.5,1,428.51,0,0,,2110.48,158.08,0.07490239187293886
1417,2025-01-01,10,6,0.6,3,2088.61,3,0,0.0,2239.14,0.00,0.0
1417,2025-02-01,5,3,0.6,2,1096.63,2,0,0.0,2590.70,0.00,0.0
1417,2025-03-01,11,9,0.8181818181818182,7,1972.17,7,1,0.14285714285714285,3782.29,0.00,0.0
1417,2025-04-01,10,5,0.5,5,1207.50,5,1,0.2,3932.39,0.00,0.0
1417,2025-05-01,6,2,0.3333333333333333,3,841.13,3,0,0.0,3540.64,0.00,0.0
1417,2025-06-01,8,4,0.5,2,604.00,2,0,0.0,3374.88,0.00,0.0
1417,2025-07-01,9,6,0.6666666666666666,6,1304.40,6,0,0.0,3628.63,280.31,0.07724954046017367
1417,2025-08-01,11,6,0.5454545454545454,5,1419.44,5,0,0.0,4150.21,348.64,0.08400538767917767
1417,2025-09-01,11,8,0.7272727272727273,4,2108.01,4,0,0.0,5100.53,345.22,0.06768316233803155
1417,2025-10-01,12,6,0.5,5,2224.30,5,0,0.0,5774.37,393.90,0.06821523386966889
1417,2025-11-01,11,5,0.45454545454545453,3,496.67,3,1,0.3333333333333333,4813.80,804.89,0.16720470314512442
1417,2025-12-01,8,6,0.75,7,2166.49,7,1,0.14285714285714285,5556.81,1191.84,0.21448276979058126
1417,2026-01-01,9,3,0.3333333333333333,4,1657.77,4,0,0.0,5803.19,1187.01,0.20454439713330083
1417,2026-02-01,4,1,0.25,0,0.00,0,0,,4316.62,1407.47,0.3260583512099745
1417,2026-03-01,10,4,0.4,4,1743.19,4,0,0.0,5061.34,1324.78,0.2617449134023796
1417,2026-04-01,7,3,0.42857142857142855,3,1084.40,3,1,0.3333333333333333,4474.50,1468.19,0.32812381271650465
1417,2026-05-01,6,3,0.5,3,566.58,0,0,,3807.37,1454.40,0.3819959709720884
1417,2026-06-01,7,7,1.0,5,1857.28,0,0,,5448.44,2392.96,0.43920094559176576
1418,2025-02-01,1,1,1.0,1,687.98,1,0,0.0,709.29,0.00,0.0
1418,2025-03-01,0,0,,0,0.00,0,0,,479.90,0.00,0.0
1418,2025-04-01,3,2,0.6666666666666666,1,89.76,1,0,0.0,345.35,0.00,0.0
1418,2025-05-01,0,0,,1,302.27,1,1,1.0,389.97,0.00,0.0
1418,2025-06-01,0,0,,0,0.00,0,0,,386.38,0.00,0.0
1418,2025-07-01,0,0,,0,0.00,0,0,,379.75,352.04,0.9270309414088217
1418,2025-08-01,0,0,,0,0.00,0,0,,353.66,353.66,1.0
1418,2025-09-01,2,2,1.0,2,196.20,2,0,0.0,565.53,350.18,0.6192067617986667
1418,2025-10-01,5,3,0.6,3,956.25,3,0,0.0,1575.15,332.44,0.21105291559534012
1418,2025-11-01,1,1,1.0,1,83.62,1,0,0.0,1362.77,332.77,0.2441864731392678
1418,2025-12-01,1,1,1.0,1,2361.20,1,0,0.0,3530.30,327.25,0.09269750446137721
1418,2026-01-01,1,1,1.0,1,195.01,1,0,0.0,2791.24,325.93,0.11676889124546798
1418,2026-02-01,0,0,,0,0.00,0,0,,2205.54,318.36,0.1443456024374983
1418,2026-03-01,2,1,0.5,0,0.00,0,0,,1730.39,321.68,0.18590028837429712
1418,2026-04-01,0,0,,1,423.11,1,0,0.0,1674.87,318.80,0.1903431311086831
1418,2026-05-01,1,0,0.0,0,0.00,0,0,,1126.14,315.81,0.2804358250306356
1418,2026-06-01,1,0,0.0,0,0.00,0,0,,603.28,321.21,0.5324393316536268
1419,2025-01-01,1,0,0.0,0,0.00,0,0,,0.00,0.00,
1419,2025-03-01,1,0,0.0,0,0.00,0,0,,0.00,0.00,
1419,2025-05-01,2,2,1.0,2,1291.13,2,0,0.0,1390.02,0.00,0.0
1419,2025-06-01,1,1,1.0,1,430.13,1,1,1.0,1433.62,0.00,0.0
1419,2025-07-01,0,0,,0,0.00,0,0,,1008.34,0.00,0.0
1419,2025-08-01,2,1,0.5,1,1811.35,1,0,0.0,2387.41,418.97,0.175491432137756
1419,2025-09-01,2,0,0.0,0,0.00,0,0,,2283.38,0.00,0.0
1419,2025-10-01,1,1,1.0,1,193.71,1,0,0.0,1360.43,0.00,0.0
1419,2025-11-01,3,1,0.3333333333333333,0,0.00,0,0,,1278.75,52.33,0.0409227761485826
1419,2025-12-01,1,1,1.0,1,749.15,1,0,0.0,1662.44,0.00,0.0
1419,2026-01-01,6,1,0.16666666666666666,0,0.00,0,0,,1343.74,0.00,0.0
1419,2026-02-01,2,1,0.5,2,145.74,2,0,0.0,1109.96,668.82,0.6025622544956575
1419,2026-03-01,3,1,0.3333333333333333,0,0.00,0,0,,794.71,658.70,0.8288558090372589
1419,2026-04-01,1,1,1.0,1,228.90,1,0,0.0,995.51,668.96,0.6719771775270967
1419,2026-05-01,2,2,1.0,2,989.51,0,0,,2082.97,695.83,0.3340566594814136
1419,2026-06-01,0,0,,0,0.00,0,0,,1801.23,695.07,0.38588631102080245
1420,2025-01-01,4,4,1.0,3,643.28,3,1,0.3333333333333333,716.88,0.00,0.0
1420,2025-02-01,1,1,1.0,1,170.47,1,0,0.0,729.67,0.00,0.0
1420,2025-03-01,1,0,0.0,0,0.00,0,0,,505.86,167.37,0.3308622939153125
1420,2025-04-01,1,0,0.0,0,0.00,0,0,,253.83,0.00,0.0
1420,2025-05-01,1,0,0.0,0,0.00,0,0,,85.96,0.00,0.0
1420,2025-06-01,0,0,,0,0.00,0,0,,40.85,40.85,1.0
1420,2025-07-01,2,2,1.0,1,70.08,1,0,0.0,84.33,0.00,0.0
1420,2025-08-01,0,0,,0,0.00,0,0,,71.40,0.00,0.0
1420,2025-09-01,1,0,0.0,0,0.00,0,0,,58.87,0.00,0.0
1420,2025-10-01,1,0,0.0,0,0.00,0,0,,44.38,0.00,0.0
1420,2025-11-01,0,0,,0,0.00,0,0,,30.28,0.00,0.0
1420,2025-12-01,3,1,0.3333333333333333,1,406.21,1,0,0.0,450.91,0.00,0.0
1420,2026-01-01,0,0,,0,0.00,0,0,,296.30,0.00,0.0
1420,2026-02-01,1,0,0.0,0,0.00,0,0,,155.50,14.50,0.0932475884244373
1420,2026-03-01,1,1,1.0,1,508.54,1,0,0.0,536.70,0.00,0.0
1420,2026-04-01,0,0,,0,0.00,0,0,,363.38,0.00,0.0
1420,2026-05-01,1,0,0.0,0,0.00,0,0,,189.00,0.00,0.0
1420,2026-06-01,2,0,0.0,0,0.00,0,0,,0.00,0.00,
1421,2025-01-01,7,6,0.8571428571428571,6,2236.80,6,0,0.0,2451.25,0.00,0.0
1421,2025-02-01,0,0,,0,0.00,0,0,,1790.98,0.00,0.0
1421,2025-03-01,3,2,0.6666666666666666,1,63.02,1,0,0.0,1064.83,0.00,0.0
1421,2025-04-01,0,0,,1,269.73,1,0,0.0,866.43,134.86,0.15565019678450656
1421,2025-05-01,3,1,0.3333333333333333,1,232.40,1,0,0.0,751.70,130.30,0.17334042836237862
1421,2025-06-01,3,2,0.6666666666666666,1,385.68,1,0,0.0,889.47,128.94,0.14496273061486054
1421,2025-07-01,2,1,0.5,2,592.69,2,0,0.0,1242.46,254.58,0.20489995653783624
1421,2025-08-01,2,2,1.0,2,1030.71,2,1,0.5,2087.50,258.69,0.12392335329341317
1421,2025-09-01,1,1,1.0,1,479.26,1,1,1.0,2203.27,266.69,0.12104281363609544
1421,2025-10-01,4,3,0.75,3,516.66,3,1,0.3333333333333333,2531.51,268.17,0.10593282270265572
1421,2025-11-01,5,3,0.6,2,1476.85,2,0,0.0,3468.74,373.58,0.10769904922248424
1421,2025-12-01,1,0,0.0,1,238.06,1,0,0.0,2216.12,579.19,0.261353175820804
1421,2026-01-01,2,1,0.5,1,234.87,1,0,0.0,1405.93,358.39,0.25491311800729766
1421,2026-02-01,3,2,0.6666666666666666,2,618.27,2,0,0.0,1384.08,358.61,0.25909629501184905
1421,2026-03-01,5,3,0.6,3,531.96,3,1,0.3333333333333333,1667.80,403.26,0.24179158172442738
1421,2026-04-01,5,4,0.8,4,2304.98,4,1,0.25,3804.10,358.69,0.09429037091559107
1421,2026-05-01,1,0,0.0,0,0.00,0,0,,3169.64,373.09,0.11770737370805517
1421,2026-06-01,3,2,0.6666666666666666,1,145.89,0,0,,2882.85,1146.15,0.39757531609344926
1422,2025-01-01,6,3,0.5,3,585.22,3,0,0.0,634.08,0.00,0.0
1422,2025-02-01,2,2,1.0,0,0.00,0,0,,447.74,0.00,0.0
1422,2025-03-01,1,1,1.0,2,855.88,2,0,0.0,1109.41,0.00,0.0
1422,2025-04-01,5,2,0.4,2,435.48,2,0,0.0,1107.00,0.00,0.0
1422,2025-05-01,4,0,0.0,0,0.00,0,0,,625.94,0.00,0.0
1422,2025-06-01,2,1,0.5,1,492.18,1,0,0.0,792.84,0.00,0.0
1422,2025-07-01,4,2,0.5,2,755.93,2,0,0.0,1477.74,0.00,0.0
1422,2025-08-01,1,0,0.0,0,0.00,0,0,,1039.65,0.00,0.0
1422,2025-09-01,1,0,0.0,0,0.00,0,0,,681.22,0.00,0.0
1422,2025-10-01,5,3,0.6,3,1781.96,3,0,0.0,2374.26,0.00,0.0
1422,2025-11-01,2,1,0.5,1,196.80,1,0,0.0,1904.22,0.00,0.0
1422,2025-12-01,3,1,0.3333333333333333,0,0.00,0,0,,1559.11,0.00,0.0
1422,2026-01-01,2,1,0.5,0,0.00,0,0,,1011.50,0.00,0.0
1422,2026-02-01,4,4,1.0,3,1109.54,3,0,0.0,2035.12,0.00,0.0
1422,2026-03-01,6,6,1.0,6,1568.21,6,1,0.16666666666666666,3284.01,553.20,0.16845259301890067
1422,2026-04-01,2,1,0.5,1,242.31,1,0,0.0,2805.80,561.82,0.20023522702972416
1422,2026-05-01,1,1,1.0,1,305.68,0,0,,2320.92,661.00,0.2848008548334281
1422,2026-06-01,3,2,0.6666666666666666,2,706.14,0,0,,2717.92,660.28,0.24293577441572967
1423,2025-11-01,1,1,1.0,1,110.25,1,0,0.0,79.08,0.00,0.0
1423,2025-12-01,0,0,,0,0.00,0,0,,0.00,0.00,
1423,2026-01-01,0,0,,0,0.00,0,0,,0.00,0.00,
1423,2026-02-01,0,0,,0,0.00,0,0,,0.00,0.00,
1423,2026-03-01,1,1,1.0,1,221.15,1,1,1.0,227.13,0.00,0.0
1423,2026-04-01,0,0,,0,0.00,0,0,,230.67,0.00,0.0
1423,2026-05-01,0,0,,0,0.00,0,0,,80.00,0.00,0.0
1423,2026-06-01,0,0,,0,0.00,0,0,,79.91,0.00,0.0
1424,2025-02-01,1,1,1.0,1,160.95,1,0,0.0,194.91,0.00,0.0
1424,2025-03-01,0,0,,0,0.00,0,0,,158.88,0.00,0.0
1424,2025-04-01,1,1,1.0,1,335.23,1,0,0.0,503.75,0.00,0.0
1424,2025-05-01,0,0,,0,0.00,0,0,,365.03,0.00,0.0
1424,2025-06-01,1,1,1.0,1,883.44,1,0,0.0,1208.02,0.00,0.0
1424,2025-07-01,0,0,,0,0.00,0,0,,846.77,0.00,0.0
1424,2025-08-01,0,0,,0,0.00,0,0,,491.96,0.00,0.0
1424,2025-09-01,1,0,0.0,0,0.00,0,0,,253.57,0.00,0.0
1424,2025-10-01,0,0,,0,0.00,0,0,,0.00,0.00,
1424,2025-11-01,1,1,1.0,1,573.20,1,0,0.0,639.48,0.00,0.0
1424,2025-12-01,2,0,0.0,0,0.00,0,0,,421.83,0.00,0.0
1424,2026-01-01,0,0,,0,0.00,0,0,,204.50,0.00,0.0
1424,2026-02-01,0,0,,0,0.00,0,0,,0.00,0.00,
1424,2026-03-01,1,0,0.0,0,0.00,0,0,,0.00,0.00,
1424,2026-04-01,0,0,,0,0.00,0,0,,0.00,0.00,
1424,2026-05-01,0,0,,0,0.00,0,0,,0.00,0.00,
1424,2026-06-01,1,0,0.0,0,0.00,0,0,,0.00,0.00,
1425,2025-01-01,1,1,1.0,1,305.32,1,0,0.0,346.89,0.00,0.0
1425,2025-02-01,1,0,0.0,0,0.00,0,0,,343.85,0.00,0.0
1425,2025-03-01,2,2,1.0,2,1304.83,2,0,0.0,1497.44,0.00,0.0
1425,2025-04-01,0,0,,0,0.00,0,0,,1168.80,0.00,0.0
1425,2025-05-01,1,0,0.0,0,0.00,0,0,,780.48,0.00,0.0
1425,2025-06-01,0,0,,0,0.00,0,0,,345.11,0.00,0.0
1425,2025-07-01,1,1,1.0,1,183.92,1,0,0.0,192.73,0.00,0.0
1425,2025-08-01,0,0,,0,0.00,0,0,,195.84,0.00,0.0
1425,2025-09-01,0,0,,0,0.00,0,0,,134.59,0.00,0.0
1425,2025-10-01,1,1,1.0,1,274.74,1,0,0.0,305.49,0.00,0.0
1425,2025-11-01,1,1,1.0,1,327.39,1,0,0.0,687.46,0.00,0.0
1425,2025-12-01,1,0,0.0,0,0.00,0,0,,422.44,0.00,0.0
1425,2026-01-01,2,1,0.5,1,530.14,1,0,0.0,843.35,0.00,0.0
1425,2026-02-01,0,0,,0,0.00,0,0,,523.08,100.13,0.19142387397721186
1425,2026-03-01,3,2,0.6666666666666666,2,383.71,2,1,0.5,777.41,98.61,0.1268442649309888
1425,2026-04-01,1,0,0.0,0,0.00,0,0,,603.96,100.15,0.165822239883436
1425,2026-05-01,1,1,1.0,1,227.05,0,0,,523.97,104.17,0.19880909212359485
1425,2026-06-01,0,0,,0,0.00,0,0,,430.77,104.06,0.241567425772454
1426,2025-02-01,3,1,0.3333333333333333,1,277.85,1,0,0.0,315.76,0.00,0.0
1426,2025-03-01,1,1,1.0,1,77.85,1,0,0.0,316.01,0.00,0.0
1426,2025-04-01,1,0,0.0,0,0.00,0,0,,215.21,0.00,0.0
1426,2025-05-01,3,1,0.3333333333333333,1,347.37,1,0,0.0,484.84,0.00,0.0
1426,2025-06-01,3,3,1.0,3,792.43,3,0,0.0,1138.13,0.00,0.0
1426,2025-07-01,1,1,1.0,0,0.00,0,0,,857.23,0.00,0.0
1426,2025-08-01,2,1,0.5,1,255.59,1,0,0.0,772.32,0.00,0.0
1426,2025-09-01,1,0,0.0,0,0.00,0,0,,448.65,101.12,0.22538727292990082
1426,2025-10-01,0,0,,0,0.00,0,0,,255.48,101.69,0.3980350712384531
1426,2025-11-01,3,1,0.3333333333333333,0,0.00,0,0,,104.16,104.16,1.0
1426,2025-12-01,5,2,0.4,1,147.30,1,0,0.0,265.79,103.06,0.3877497272282629
1426,2026-01-01,2,1,0.5,2,375.30,2,0,0.0,672.17,99.93,0.1486677477423866
1426,2026-02-01,4,2,0.5,1,85.49,1,0,0.0,685.57,99.99,0.14584943915282172
1426,2026-03-01,0,0,,0,0.00,0,0,,597.37,228.05,0.38175670020255453
1426,2026-04-01,2,0,0.0,0,0.00,0,0,,551.29,231.60,0.42010557057084297
1426,2026-05-01,5,1,0.2,1,122.49,0,0,,671.99,314.78,0.46842958972603754
1426,2026-06-01,1,1,1.0,0,0.00,0,0,,590.58,314.44,0.5324257509566866
1427,2025-02-01,1,0,0.0,0,0.00,0,0,,0.00,0.00,
1427,2025-03-01,1,1,1.0,1,345.64,1,0,0.0,392.07,0.00,0.0
1427,2025-04-01,0,0,,0,0.00,0,0,,300.40,0.00,0.0
1427,2025-05-01,0,0,,0,0.00,0,0,,96.76,0.00,0.0
1427,2025-06-01,1,1,1.0,1,202.28,1,1,1.0,337.58,0.00,0.0
1427,2025-07-01,0,0,,0,0.00,0,0,,242.10,0.00,0.0
1427,2025-08-01,1,0,0.0,0,0.00,0,0,,205.00,0.00,0.0
1427,2025-09-01,0,0,,0,0.00,0,0,,169.06,0.00,0.0
1427,2025-10-01,0,0,,0,0.00,0,0,,127.49,0.00,0.0
1427,2025-11-01,0,0,,0,0.00,0,0,,130.59,130.59,1.0
1427,2025-12-01,0,0,,0,0.00,0,0,,0.00,0.00,
1427,2026-01-01,0,0,,0,0.00,0,0,,0.00,0.00,
1427,2026-02-01,0,0,,0,0.00,0,0,,0.00,0.00,
1427,2026-03-01,0,0,,0,0.00,0,0,,0.00,0.00,
1427,2026-04-01,2,1,0.5,0,0.00,0,0,,0.00,0.00,
1427,2026-05-01,0,0,,1,342.88,0,0,,379.86,0.00,0.0
1427,2026-06-01,0,0,,0,0.00,0,0,,379.45,0.00,0.0
1428,2025-01-01,1,1,1.0,1,406.15,1,0,0.0,462.46,0.00,0.0
1428,2025-02-01,0,0,,0,0.00,0,0,,229.21,0.00,0.0
1428,2025-03-01,2,2,1.0,2,468.74,2,1,0.5,750.34,0.00,0.0
1428,2025-04-01,2,0,0.0,0,0.00,0,0,,552.74,0.00,0.0
1428,2025-05-01,0,0,,0,0.00,0,0,,327.46,231.52,0.7070176510108106
1428,2025-06-01,0,0,,0,0.00,0,0,,114.55,0.00,0.0
1428,2025-07-01,3,2,0.6666666666666666,1,401.93,1,0,0.0,548.93,0.00,0.0
1428,2025-08-01,0,0,,0,0.00,0,0,,408.64,0.00,0.0
1428,2025-09-01,0,0,,0,0.00,0,0,,199.28,0.00,0.0
1428,2025-10-01,2,2,1.0,2,863.99,2,0,0.0,1118.85,40.27,0.03599231353622023
1428,2025-11-01,1,0,0.0,0,0.00,0,0,,675.46,41.25,0.06106949338228762
1428,2025-12-01,1,0,0.0,0,0.00,0,0,,390.53,40.81,0.10449901416024378
1428,2026-01-01,0,0,,0,0.00,0,0,,39.57,39.57,1.0
1428,2026-02-01,0,0,,0,0.00,0,0,,39.59,39.59,1.0
1428,2026-03-01,0,0,,0,0.00,0,0,,39.00,39.00,1.0
1428,2026-04-01,1,0,0.0,0,0.00,0,0,,39.60,39.60,1.0
1428,2026-05-01,0,0,,0,0.00,0,0,,41.19,41.19,1.0
1428,2026-06-01,0,0,,0,0.00,0,0,,41.15,41.15,1.0
1429,2025-01-01,5,2,0.4,2,319.68,2,1,0.5,355.88,0.00,0.0
1429,2025-02-01,0,0,,0,0.00,0,0,,296.99,0.00,0.0
1429,2025-03-01,2,2,1.0,1,125.76,1,0,0.0,352.26,0.00,0.0
1429,2025-04-01,2,2,1.0,1,87.40,1,0,0.0,388.91,0.00,0.0
1429,2025-05-01,1,0,0.0,0,0.00,0,0,,289.24,149.20,0.5158346010233715
1429,2025-06-01,2,2,1.0,2,287.96,2,0,0.0,573.44,147.65,0.25748116629464285
1429,2025-07-01,1,1,1.0,1,138.49,1,0,0.0,669.59,147.81,0.22074702429845128
1429,2025-08-01,0,0,,0,0.00,0,0,,543.06,150.20,0.27658085662726034
1429,2025-09-01,4,3,0.75,3,1676.24,3,2,0.6666666666666666,2488.90,205.11,0.08240989995580378
1429,2025-10-01,1,0,0.0,0,0.00,0,0,,2369.18,155.71,0.06572316160021612
1429,2025-11-01,5,4,0.8,2,612.26,2,0,0.0,2576.46,774.85,0.30074210350636144
1429,2025-12-01,3,1,0.3333333333333333,1,102.24,1,0,0.0,2390.44,1181.38,0.49421027091246805
1429,2026-01-01,2,1,0.5,1,658.81,1,0,0.0,2824.71,944.39,0.3343316659055266
1429,2026-02-01,2,1,0.5,1,517.13,1,0,0.0,2848.35,743.80,0.2611336387733249
1429,2026-03-01,5,2,0.4,2,277.27,2,1,0.5,2728.89,1063.15,0.38959063941749217
1429,2026-04-01,1,1,1.0,1,65.28,1,1,1.0,2548.33,1046.13,0.4105159064956266
1429,2026-05-01,1,0,0.0,0,0.00,0,0,,2294.58,1088.14,0.4742218619529501
1429,2026-06-01,4,4,1.0,4,787.47,0,0,,2742.04,1160.93,0.42338186167962544
1430,2025-01-01,4,1,0.25,1,381.02,1,0,0.0,417.76,0.00,0.0
1430,2025-02-01,3,3,1.0,3,765.22,3,2,0.6666666666666666,1175.90,0.00,0.0
1430,2025-03-01,0,0,,0,0.00,0,0,,930.05,0.00,0.0
1430,2025-04-01,1,0,0.0,0,0.00,0,0,,175.41,0.00,0.0
1430,2025-05-01,0,0,,0,0.00,0,0,,46.35,0.00,0.0
1430,2025-06-01,0,0,,0,0.00,0,0,,45.87,45.87,1.0
1430,2025-07-01,4,3,0.75,2,400.44,2,0,0.0,434.04,0.00,0.0
1430,2025-08-01,2,1,0.5,0,0.00,0,0,,294.04,0.00,0.0
1430,2025-09-01,1,0,0.0,0,0.00,0,0,,243.73,0.00,0.0
1430,2025-10-01,1,0,0.0,0,0.00,0,0,,0.00,0.00,
1430,2025-11-01,0,0,,0,0.00,0,0,,0.00,0.00,
1430,2025-12-01,2,1,0.5,1,403.57,1,0,0.0,452.85,0.00,0.0
1430,2026-01-01,1,1,1.0,0,0.00,0,0,,365.89,0.00,0.0
1430,2026-02-01,0,0,,0,0.00,0,0,,292.90,0.00,0.0
1430,2026-03-01,1,1,1.0,0,0.00,0,0,,216.36,0.00,0.0
1430,2026-04-01,4,1,0.25,1,204.05,1,0,0.0,367.96,0.00,0.0
1430,2026-05-01,2,1,0.5,1,388.73,0,0,,670.71,0.00,0.0
1430,2026-06-01,2,2,1.0,2,646.16,0,0,,1220.38,0.00,0.0
1431,2025-01-01,1,1,1.0,1,334.96,1,0,0.0,311.56,0.00,0.0
1431,2025-02-01,1,1,1.0,1,187.21,1,0,0.0,522.84,0.00,0.0
1431,2025-03-01,2,0,0.0,0,0.00,0,0,,398.65,0.00,0.0
1431,2025-04-01,0,0,,0,0.00,0,0,,230.32,0.00,0.0
1431,2025-05-01,1,1,1.0,1,35.86,1,0,0.0,209.01,0.00,0.0
1431,2025-06-01,2,1,0.5,0,0.00,0,0,,87.26,0.00,0.0
1431,2025-07-01,1,0,0.0,1,627.25,1,0,0.0,711.41,0.00,0.0
1431,2025-08-01,0,0,,0,0.00,0,0,,478.73,0.00,0.0
1431,2025-09-01,1,0,0.0,0,0.00,0,0,,241.82,0.00,0.0
1431,2025-10-01,2,0,0.0,0,0.00,0,0,,0.00,0.00,
1431,2025-11-01,4,3,0.75,3,885.26,3,0,0.0,973.97,0.00,0.0
1431,2025-12-01,0,0,,0,0.00,0,0,,676.31,0.00,0.0
1431,2026-01-01,0,0,,0,0.00,0,0,,377.09,0.00,0.0
1431,2026-02-01,1,0,0.0,0,0.00,0,0,,98.50,0.00,0.0
1431,2026-03-01,2,0,0.0,0,0.00,0,0,,0.00,0.00,
1431,2026-04-01,0,0,,0,0.00,0,0,,0.00,0.00,
1431,2026-05-01,1,1,1.0,1,496.77,0,0,,536.74,0.00,0.0
1431,2026-06-01,1,0,0.0,0,0.00,0,0,,536.15,0.00,0.0
1432,2025-02-01,1,0,0.0,0,0.00,0,0,,0.00,0.00,
1432,2025-05-01,1,0,0.0,0,0.00,0,0,,0.00,0.00,
1432,2025-07-01,2,1,0.5,0,0.00,0,0,,0.00,0.00,
1432,2025-08-01,0,0,,1,774.34,1,0,0.0,869.77,0.00,0.0
1432,2025-09-01,0,0,,0,0.00,0,0,,597.79,0.00,0.0
1432,2025-10-01,0,0,,0,0.00,0,0,,300.57,0.00,0.0
1432,2025-11-01,0,0,,0,0.00,0,0,,0.00,0.00,
1432,2025-12-01,0,0,,0,0.00,0,0,,0.00,0.00,
1432,2026-01-01,1,0,0.0,0,0.00,0,0,,0.00,0.00,
1432,2026-02-01,0,0,,0,0.00,0,0,,0.00,0.00,
1432,2026-03-01,0,0,,0,0.00,0,0,,0.00,0.00,
1432,2026-04-01,0,0,,0,0.00,0,0,,0.00,0.00,
1432,2026-05-01,0,0,,0,0.00,0,0,,0.00,0.00,
1432,2026-06-01,0,0,,0,0.00,0,0,,0.00,0.00,
1433,2025-05-01,1,1,1.0,0,0.00,0,0,,0.00,0.00,
1433,2025-06-01,0,0,,1,1187.26,1,0,0.0,1622.82,0.00,0.0
1433,2025-07-01,1,1,1.0,1,495.18,1,0,0.0,2041.49,0.00,0.0
1433,2025-08-01,0,0,,0,0.00,0,0,,1861.87,0.00,0.0
1433,2025-09-01,1,1,1.0,1,681.45,1,1,1.0,2352.19,0.00,0.0
1433,2025-10-01,0,0,,0,0.00,0,0,,2082.30,0.00,0.0
1433,2025-11-01,0,0,,0,0.00,0,0,,1253.01,0.00,0.0
1433,2025-12-01,1,1,1.0,1,157.37,1,0,0.0,1104.20,0.00,0.0
1433,2026-01-01,0,0,,0,0.00,0,0,,655.26,0.00,0.0
1433,2026-02-01,1,1,1.0,1,322.23,1,0,0.0,991.34,0.00,0.0
1433,2026-03-01,0,0,,0,0.00,0,0,,666.15,0.00,0.0
1433,2026-04-01,3,3,1.0,3,416.38,3,0,0.0,1041.37,0.00,0.0
1433,2026-05-01,1,0,0.0,0,0.00,0,0,,636.63,0.00,0.0
1433,2026-06-01,0,0,,0,0.00,0,0,,403.20,0.00,0.0
1434,2025-01-01,5,3,0.6,2,1522.00,2,0,0.0,1660.54,0.00,0.0
1434,2025-02-01,2,1,0.5,2,206.99,2,0,0.0,1436.25,0.00,0.0
1434,2025-03-01,5,0,0.0,0,0.00,0,0,,965.93,0.00,0.0
1434,2025-04-01,9,6,0.6666666666666666,5,1902.49,5,1,0.2,2627.84,0.00,0.0
1434,2025-05-01,0,0,,0,0.00,0,0,,1723.32,0.00,0.0
1434,2025-06-01,4,2,0.5,2,359.58,2,1,0.5,1517.16,0.00,0.0
1434,2025-07-01,3,0,0.0,0,0.00,0,0,,586.61,0.00,0.0
1434,2025-08-01,3,1,0.3333333333333333,0,0.00,0,0,,459.49,195.06,0.4245141352368931
1434,2025-09-01,4,2,0.5,2,363.74,2,0,0.0,669.84,201.10,0.30022094828615786
1434,2025-10-01,2,0,0.0,0,0.00,0,0,,373.07,202.22,0.5420430482215134
1434,2025-11-01,4,1,0.25,0,0.00,0,0,,382.15,207.13,0.5420122988355358
1434,2025-12-01,6,5,0.8333333333333334,5,3813.95,5,0,0.0,4560.17,204.95,0.04494349991338042
1434,2026-01-01,5,4,0.8,3,463.79,3,0,0.0,3769.09,198.71,0.052720948557874715
1434,2026-02-01,6,2,0.3333333333333333,2,363.08,2,0,0.0,3673.70,198.83,0.05412254675123174
1434,2026-03-01,3,2,0.6666666666666666,3,811.44,3,0,0.0,3569.74,195.83,0.054858337021743885
1434,2026-04-01,4,3,0.75,2,915.16,2,0,0.0,3566.22,397.11,0.11135319750323873
1434,2026-05-01,2,1,0.5,1,1102.80,0,0,,3455.76,413.06,0.11952797647984813
1434,2026-06-01,2,2,1.0,1,200.84,0,0,,2076.84,412.61,0.19867202095491227
1435,2025-01-01,2,1,0.5,1,285.65,1,0,0.0,311.14,0.00,0.0
1435,2025-02-01,6,4,0.6666666666666666,3,1094.04,3,0,0.0,1436.43,0.00,0.0
1435,2025-03-01,3,2,0.6666666666666666,2,453.31,2,0,0.0,1498.01,0.00,0.0
1435,2025-04-01,4,4,1.0,3,1163.44,3,0,0.0,2539.81,0.00,0.0
1435,2025-05-01,3,3,1.0,4,748.43,4,1,0.25,2236.54,148.89,0.06657157931447683
1435,2025-06-01,1,1,1.0,1,103.18,1,0,0.0,1511.13,0.00,0.0
1435,2025-07-01,3,1,0.3333333333333333,1,134.14,1,0,0.0,1081.09,460.29,0.42576473744091614
1435,2025-08-01,3,0,0.0,0,0.00,0,0,,691.83,278.15,0.4020496364713874
1435,2025-09-01,4,1,0.25,0,0.00,0,0,,494.97,286.76,0.5793482433278784
1435,2025-10-01,2,1,0.5,1,130.07,1,1,1.0,484.05,288.35,0.5957029232517302
1435,2025-11-01,1,1,1.0,1,152.54,1,0,0.0,630.29,295.37,0.46862555331672723
1435,2025-12-01,3,1,0.3333333333333333,0,0.00,0,0,,608.36,440.35,0.7238312841080939
1435,2026-01-01,4,1,0.25,1,794.06,1,0,0.0,1207.50,426.94,0.35357349896480333
1435,2026-02-01,5,4,0.8,2,753.23,2,0,0.0,1790.25,427.20,0.23862589023879346
1435,2026-03-01,4,3,0.75,5,3630.72,5,1,0.2,4675.74,420.74,0.0899836175664173
1435,2026-04-01,4,1,0.25,0,0.00,0,0,,3946.69,427.30,0.10826794098345703
1435,2026-05-01,3,2,0.6666666666666666,2,345.86,0,0,,3416.81,546.65,0.15998841024230204
1435,2026-06-01,0,0,,0,0.00,0,0,,2599.11,443.97,0.17081616399459815
1436,2025-03-01,1,0,0.0,0,0.00,0,0,,0.00,0.00,
1436,2025-04-01,1,1,1.0,1,480.68,1,0,0.0,535.04,0.00,0.0
1436,2025-05-01,1,0,0.0,0,0.00,0,0,,389.06,0.00,0.0
1436,2025-06-01,1,1,1.0,1,534.33,1,0,0.0,940.80,0.00,0.0
1436,2025-07-01,0,0,,0,0.00,0,0,,730.30,0.00,0.0
1436,2025-08-01,0,0,,0,0.00,0,0,,352.96,0.00,0.0
1436,2025-09-01,0,0,,0,0.00,0,0,,349.49,0.00,0.0
1436,2025-10-01,2,1,0.5,1,149.22,1,0,0.0,382.09,0.00,0.0
1436,2025-11-01,1,0,0.0,0,0.00,0,0,,231.50,0.00,0.0
1436,2025-12-01,0,0,,0,0.00,0,0,,79.20,0.00,0.0
1436,2026-01-01,0,0,,0,0.00,0,0,,39.44,0.00,0.0
1436,2026-02-01,0,0,,0,0.00,0,0,,0.00,0.00,
1436,2026-03-01,0,0,,0,0.00,0,0,,0.00,0.00,
1436,2026-04-01,1,0,0.0,0,0.00,0,0,,0.00,0.00,
1436,2026-05-01,0,0,,0,0.00,0,0,,0.00,0.00,
1436,2026-06-01,0,0,,0,0.00,0,0,,0.00,0.00,
1437,2025-01-01,5,3,0.6,3,730.98,3,0,0.0,854.86,0.00,0.0
1437,2025-02-01,2,0,0.0,0,0.00,0,0,,599.26,0.00,0.0
1437,2025-03-01,4,2,0.5,1,1022.95,1,0,0.0,1599.99,0.00,0.0
1437,2025-04-01,1,0,0.0,0,0.00,0,0,,1269.33,0.00,0.0
1437,2025-05-01,2,2,1.0,1,366.54,1,0,0.0,1494.08,0.00,0.0
1437,2025-06-01,1,0,0.0,1,184.81,1,0,0.0,1430.24,907.19,0.6342921467725696
1437,2025-07-01,3,2,0.6666666666666666,1,531.42,1,0,0.0,1180.41,0.00,0.0
1437,2025-08-01,2,2,1.0,1,233.39,1,0,0.0,1080.22,0.00,0.0
1437,2025-09-01,1,1,1.0,2,458.13,2,0,0.0,1225.87,380.57,0.31044890567515315
1437,2025-10-01,3,2,0.6666666666666666,1,311.17,1,0,0.0,1220.86,382.69,0.3134593647101224
1437,2025-11-01,1,1,1.0,2,362.28,2,1,0.5,1293.64,392.00,0.30302093318079215
1437,2025-12-01,2,1,0.5,1,165.28,1,0,0.0,1256.03,387.87,0.30880631832042227
1437,2026-01-01,1,1,1.0,1,203.85,1,1,1.0,1138.83,376.06,0.33021609897877646
1437,2026-02-01,2,1,0.5,1,151.86,1,0,0.0,1092.65,376.29,0.3443829222532375
1437,2026-03-01,2,1,0.5,1,278.52,1,0,0.0,1234.92,590.18,0.4779095002105399
1437,2026-04-01,1,0,0.0,0,0.00,0,0,,853.90,376.38,0.4407776086192763
1437,2026-05-01,1,0,0.0,0,0.00,0,0,,807.23,391.49,0.48497949778873434
1437,2026-06-01,3,2,0.6666666666666666,2,280.50,0,0,,1028.57,629.46,0.6119758499664584
1438,2025-01-01,7,6,0.8571428571428571,5,1373.60,5,0,0.0,1455.34,0.00,0.0
1438,2025-02-01,6,4,0.6666666666666666,2,802.17,2,1,0.5,1845.19,0.00,0.0
1438,2025-03-01,7,3,0.42857142857142855,3,1162.54,3,1,0.3333333333333333,2543.50,0.00,0.0
1438,2025-04-01,6,4,0.6666666666666666,4,696.53,4,2,0.5,2621.26,539.38,0.2057712703051204
1438,2025-05-01,6,2,0.3333333333333333,0,0.00,0,0,,1567.94,283.48,0.18079773460719162
1438,2025-06-01,4,3,0.75,3,1974.63,3,0,0.0,3084.47,316.04,0.10246168709697291
1438,2025-07-01,4,1,0.25,1,166.29,1,0,0.0,2533.44,316.40,0.12488947833775418
1438,2025-08-01,8,3,0.375,3,1015.64,3,0,0.0,2857.95,632.49,0.2213089802130898
1438,2025-09-01,5,4,0.8,3,465.34,3,1,0.3333333333333333,2850.15,652.05,0.22877743276669646
1438,2025-10-01,4,4,1.0,3,679.58,3,0,0.0,3158.13,1193.92,0.3780465022022526
1438,2025-11-01,3,2,0.6666666666666666,1,139.66,1,0,0.0,1944.16,671.63,0.3454602501851699
1438,2025-12-01,11,7,0.6363636363636364,7,1878.84,7,0,0.0,3501.06,745.56,0.212952648626416
1438,2026-01-01,6,1,0.16666666666666666,0,0.00,0,0,,2549.55,644.33,0.25272302955423503
1438,2026-02-01,4,2,0.5,2,551.18,2,1,0.5,2433.86,644.72,0.2648960909830475
1438,2026-03-01,3,1,0.3333333333333333,1,1114.78,1,0,0.0,3244.13,789.77,0.243445854512612
1438,2026-04-01,5,2,0.4,2,863.35,2,0,0.0,3737.75,1331.00,0.35609658216841683
1438,2026-05-01,4,3,0.75,3,547.51,0,0,,3774.34,1371.45,0.36336154135557475
1438,2026-06-01,5,3,0.6,3,440.34,0,0,,3372.42,1276.96,0.3786479738585348
1439,2025-01-01,8,6,0.75,2,1293.45,2,0,0.0,1433.12,0.00,0.0
1439,2025-02-01,5,4,0.8,4,988.80,4,0,0.0,2477.21,0.00,0.0
1439,2025-03-01,17,8,0.47058823529411764,6,2359.86,6,1,0.16666666666666666,4043.67,0.00,0.0
1439,2025-04-01,15,5,0.3333333333333333,6,1463.63,6,0,0.0,4498.71,0.00,0.0
1439,2025-05-01,13,5,0.38461538461538464,5,1059.49,5,0,0.0,4330.69,317.02,0.07320311543887925
1439,2025-06-01,9,5,0.5555555555555556,3,1139.84,3,0,0.0,3829.85,218.50,0.057051842761465854
1439,2025-07-01,13,7,0.5384615384615384,6,2337.08,6,0,0.0,4738.12,218.75,0.04616810042801787
1439,2025-08-01,9,5,0.5555555555555556,3,1052.32,3,0,0.0,4720.82,572.95,0.12136662698429512
1439,2025-09-01,10,6,0.6,7,2660.35,7,0,0.0,5962.07,229.16,0.038436314904051784
1439,2025-10-01,10,9,0.9,7,1662.62,7,2,0.2857142857142857,5843.81,230.43,0.03943146679991307
1439,2025-11-01,19,12,0.631578947368421,11,2864.00,11,0,0.0,7623.66,236.04,0.03096150667789487
1439,2025-12-01,10,7,0.7,8,2462.86,8,0,0.0,8698.24,588.48,0.06765506585240233
1439,2026-01-01,22,12,0.5454545454545454,10,5591.80,10,1,0.1,13051.89,838.59,0.06425046487520199
1439,2026-02-01,17,11,0.6470588235294118,8,2438.90,8,1,0.125,13370.75,839.09,0.06275564197969448
1439,2026-03-01,7,6,0.8571428571428571,8,2749.95,8,0,0.0,13589.52,1194.17,0.08787433257392462
1439,2026-04-01,11,3,0.2727272727272727,2,898.72,2,0,0.0,11815.13,1450.14,0.1227358480185999
1439,2026-05-01,14,5,0.35714285714285715,4,985.39,0,0,,11504.05,1508.38,0.13111730216749756
1439,2026-06-01,9,4,0.4444444444444444,2,420.38,0,0,,9078.58,1506.74,0.16596648374525533
1440,2025-01-01,2,2,1.0,2,539.02,2,0,0.0,614.35,0.00,0.0
1440,2025-02-01,0,0,,0,0.00,0,0,,531.43,0.00,0.0
1440,2025-03-01,2,1,0.5,1,654.81,1,0,0.0,1038.49,0.00,0.0
1440,2025-04-01,1,1,1.0,1,548.56,1,0,0.0,1267.20,0.00,0.0
1440,2025-05-01,0,0,,0,0.00,0,0,,789.13,0.00,0.0
1440,2025-06-01,2,1,0.5,1,72.71,1,0,0.0,453.19,0.00,0.0
1440,2025-07-01,1,1,1.0,1,106.58,1,0,0.0,433.64,0.00,0.0
1440,2025-08-01,0,0,,0,0.00,0,0,,174.74,0.00,0.0
1440,2025-09-01,2,1,0.5,1,220.14,1,0,0.0,308.68,0.00,0.0
1440,2025-10-01,0,0,,0,0.00,0,0,,165.99,0.00,0.0
1440,2025-11-01,2,2,1.0,2,810.79,2,0,0.0,963.20,0.00,0.0
1440,2025-12-01,0,0,,0,0.00,0,0,,617.34,0.00,0.0
1440,2026-01-01,3,2,0.6666666666666666,1,157.96,1,0,0.0,544.73,0.00,0.0
1440,2026-02-01,0,0,,1,276.35,1,0,0.0,539.06,92.30,0.17122398248803475
1440,2026-03-01,3,2,0.6666666666666666,2,702.90,2,0,0.0,1095.31,0.00,0.0
1440,2026-04-01,1,1,1.0,0,0.00,0,0,,849.99,0.00,0.0
1440,2026-05-01,1,1,1.0,2,720.73,0,0,,1175.68,0.00,0.0
1440,2026-06-01,2,2,1.0,1,78.43,0,0,,696.88,0.00,0.0
1441,2025-02-01,4,2,0.5,2,256.91,2,0,0.0,282.03,0.00,0.0
1441,2025-03-01,2,2,1.0,2,1099.87,2,0,0.0,1367.79,0.00,0.0
1441,2025-04-01,2,1,0.5,0,0.00,0,0,,978.30,0.00,0.0
1441,2025-05-01,2,1,0.5,2,439.04,2,0,0.0,865.76,0.00,0.0
1441,2025-06-01,1,0,0.0,0,0.00,0,0,,418.78,28.75,0.06865179808013755
1441,2025-07-01,1,1,1.0,1,111.09,1,0,0.0,187.88,28.78,0.1531828826910794
1441,2025-08-01,2,0,0.0,0,0.00,0,0,,121.96,29.25,0.2398327320432929
1441,2025-09-01,2,2,1.0,0,0.00,0,0,,93.86,30.15,0.3212230982314085
1441,2025-10-01,3,2,0.6666666666666666,2,350.80,2,0,0.0,414.93,30.32,0.07307256645699274
1441,2025-11-01,1,1,1.0,2,710.30,2,0,0.0,1165.97,31.06,0.02663876429067643
1441,2025-12-01,0,0,,0,0.00,0,0,,923.85,30.73,0.03326297559127564
1441,2026-01-01,1,0,0.0,0,0.00,0,0,,636.90,29.79,0.04677343382006594
1441,2026-02-01,1,1,1.0,1,323.38,1,0,0.0,756.44,29.81,0.03940828089471735
1441,2026-03-01,2,1,0.5,1,69.65,1,0,0.0,618.68,29.36,0.04745587379582337
1441,2026-04-01,1,0,0.0,0,0.00,0,0,,493.58,29.82,0.0604157380769075
1441,2026-05-01,0,0,,0,0.00,0,0,,380.52,31.02,0.0815200252286345
1441,2026-06-01,4,2,0.5,1,170.32,0,0,,521.78,30.98,0.05937368239487907
1442,2025-01-01,1,0,0.0,0,0.00,0,0,,0.00,0.00,
1442,2025-02-01,5,2,0.4,2,524.00,2,0,0.0,602.73,0.00,0.0
1442,2025-03-01,2,1,0.5,0,0.00,0,0,,484.91,0.00,0.0
1442,2025-04-01,2,2,1.0,2,826.91,2,0,0.0,1306.41,0.00,0.0
1442,2025-05-01,3,2,0.6666666666666666,3,1403.14,3,0,0.0,2054.68,0.00,0.0
1442,2025-06-01,4,3,0.75,3,815.55,3,1,0.3333333333333333,1977.58,0.00,0.0
1442,2025-07-01,2,2,1.0,2,393.87,2,0,0.0,1885.45,0.00,0.0
1442,2025-08-01,2,2,1.0,1,470.42,1,0,0.0,1463.83,0.00,0.0
1442,2025-09-01,2,1,0.5,1,478.67,1,0,0.0,1531.17,0.00,0.0
1442,2025-10-01,1,1,1.0,0,0.00,0,0,,1080.30,127.35,0.1178839211330186
1442,2025-11-01,2,1,0.5,1,464.81,1,0,0.0,1372.48,130.45,0.09504692235952436
1442,2025-12-01,0,0,,0,0.00,0,0,,1105.81,129.07,0.11671987050216583
1442,2026-01-01,4,0,0.0,0,0.00,0,0,,926.90,125.15,0.13501995900312871
1442,2026-02-01,2,1,0.5,0,0.00,0,0,,782.12,125.22,0.16010330895514754
1442,2026-03-01,0,0,,1,136.05,1,0,0.0,775.14,123.33,0.15910674200789535
1442,2026-04-01,4,2,0.5,2,415.74,2,1,0.5,1111.23,125.25,0.11271293971545045
1442,2026-05-01,2,1,0.5,1,217.11,0,0,,1124.14,130.28,0.11589303823367195
1442,2026-06-01,1,1,1.0,1,191.86,0,0,,1184.45,473.00,0.3993414665034404
1443,2025-01-01,5,4,0.8,4,1981.22,4,0,0.0,2152.49,0.00,0.0
1443,2025-02-01,0,0,,0,0.00,0,0,,1402.28,0.00,0.0
1443,2025-03-01,1,0,0.0,0,0.00,0,0,,744.95,0.00,0.0
1443,2025-04-01,0,0,,0,0.00,0,0,,75.54,0.00,0.0
1443,2025-05-01,1,1,1.0,0,0.00,0,0,,0.00,0.00,
1443,2025-06-01,1,0,0.0,0,0.00,0,0,,0.00,0.00,
1443,2025-07-01,2,1,0.5,0,0.00,0,0,,0.00,0.00,
1443,2025-08-01,1,0,0.0,1,222.81,1,0,0.0,268.90,0.00,0.0
1443,2025-09-01,2,2,1.0,2,796.94,2,0,0.0,1229.89,0.00,0.0
1443,2025-10-01,3,1,0.3333333333333333,0,0.00,0,0,,1079.71,0.00,0.0
1443,2025-11-01,3,1,0.3333333333333333,1,117.16,1,0,0.0,911.13,0.00,0.0
1443,2025-12-01,3,1,0.3333333333333333,1,104.46,1,0,0.0,847.09,0.00,0.0
1443,2026-01-01,2,2,1.0,2,276.91,2,0,0.0,854.84,0.00,0.0
1443,2026-02-01,0,0,,0,0.00,0,0,,543.86,0.00,0.0
1443,2026-03-01,1,1,1.0,1,187.43,1,0,0.0,600.03,0.00,0.0
1443,2026-04-01,3,1,0.3333333333333333,0,0.00,0,0,,368.29,0.00,0.0
1443,2026-05-01,2,2,1.0,3,563.52,0,0,,1089.45,0.00,0.0
1443,2026-06-01,3,2,0.6666666666666666,2,431.30,0,0,,1455.28,0.00,0.0
1444,2025-02-01,1,0,0.0,0,0.00,0,0,,0.00,0.00,
1444,2025-04-01,2,0,0.0,0,0.00,0,0,,0.00,0.00,
1444,2025-05-01,1,1,1.0,1,88.34,1,0,0.0,103.64,0.00,0.0
1444,2025-06-01,3,2,0.6666666666666666,1,289.96,1,0,0.0,405.18,0.00,0.0
1444,2025-07-01,0,0,,0,0.00,0,0,,388.53,0.00,0.0
1444,2025-08-01,1,0,0.0,0,0.00,0,0,,160.57,0.00,0.0
1444,2025-09-01,1,1,1.0,1,207.78,1,0,0.0,387.01,0.00,0.0
1444,2025-10-01,0,0,,0,0.00,0,0,,178.49,0.00,0.0
1444,2025-11-01,0,0,,0,0.00,0,0,,82.18,0.00,0.0
1444,2025-12-01,1,0,0.0,0,0.00,0,0,,0.00,0.00,
1444,2026-01-01,1,1,1.0,1,85.77,1,0,0.0,92.33,0.00,0.0
1444,2026-02-01,4,3,0.75,2,568.72,2,1,0.5,668.12,0.00,0.0
1444,2026-03-01,1,0,0.0,1,394.30,1,0,0.0,1016.51,0.00,0.0
1444,2026-04-01,1,0,0.0,0,0.00,0,0,,506.81,0.00,0.0
1444,2026-05-01,2,1,0.5,1,314.64,0,0,,475.35,0.00,0.0
1444,2026-06-01,1,1,1.0,1,302.71,0,0,,598.19,0.00,0.0
1445,2025-01-01,3,3,1.0,3,1135.23,3,1,0.3333333333333333,1229.55,0.00,0.0
1445,2025-02-01,4,3,0.75,3,671.61,3,0,0.0,1878.23,0.00,0.0
1445,2025-03-01,1,0,0.0,0,0.00,0,0,,1253.51,0.00,0.0
1445,2025-04-01,2,2,1.0,2,1079.86,2,0,0.0,1589.05,0.00,0.0
1445,2025-05-01,1,0,0.0,0,0.00,0,0,,890.85,0.00,0.0
1445,2025-06-01,3,1,0.3333333333333333,0,0.00,0,0,,449.28,0.00,0.0
1445,2025-07-01,6,5,0.8333333333333334,5,908.62,5,1,0.2,1180.85,0.00,0.0
1445,2025-08-01,2,1,0.5,2,857.02,2,0,0.0,1825.92,40.92,0.02241062039957939
1445,2025-09-01,2,1,0.5,1,522.29,1,0,0.0,1936.96,42.18,0.021776391871799108
1445,2025-10-01,1,1,1.0,1,393.96,1,0,0.0,1935.92,42.42,0.02191206248192074
1445,2025-11-01,3,2,0.6666666666666666,1,773.46,1,0,0.0,2001.53,199.68,0.09976368078420009
1445,2025-12-01,0,0,,0,0.00,0,0,,1472.60,42.99,0.029193263615374172
1445,2026-01-01,1,0,0.0,0,0.00,0,0,,587.37,41.68,0.07096038272298551
1445,2026-02-01,3,1,0.3333333333333333,1,153.01,1,0,0.0,730.74,573.59,0.784944029340121
1445,2026-03-01,3,1,0.3333333333333333,1,463.54,1,0,0.0,1167.37,564.92,0.4839254049701466
1445,2026-04-01,5,3,0.6,3,1034.52,3,1,0.3333333333333333,2022.09,573.72,0.28372624363900717
1445,2026-05-01,4,3,0.75,2,628.37,0,0,,2415.89,596.76,0.24701455778201822
1445,2026-06-01,1,0,0.0,1,320.54,0,0,,2419.60,1071.00,0.4426351463051744
1446,2025-01-01,2,2,1.0,2,344.84,2,0,0.0,383.10,0.00,0.0
1446,2025-02-01,2,1,0.5,0,0.00,0,0,,268.09,0.00,0.0
1446,2025-03-01,1,1,1.0,1,415.23,1,0,0.0,708.95,0.00,0.0
1446,2025-04-01,2,0,0.0,0,0.00,0,0,,562.58,0.00,0.0
1446,2025-05-01,3,3,1.0,3,1075.54,3,1,0.3333333333333333,1516.67,0.00,0.0
1446,2025-06-01,0,0,,0,0.00,0,0,,879.56,0.00,0.0
1446,2025-07-01,1,1,1.0,1,171.16,1,0,0.0,883.88,246.25,0.2786011675793094
1446,2025-08-01,0,0,,0,0.00,0,0,,680.86,250.23,0.36752048879358457
1446,2025-09-01,0,0,,0,0.00,0,0,,415.08,349.84,0.8428254794256529
1446,2025-10-01,0,0,,0,0.00,0,0,,259.41,259.41,1.0
1446,2025-11-01,2,1,0.5,0,0.00,0,0,,265.71,265.71,1.0
1446,2025-12-01,0,0,,1,507.49,1,0,0.0,668.31,262.91,0.39339528063323914
1446,2026-01-01,2,1,0.5,0,0.00,0,0,,516.95,254.91,0.493103781797079
1446,2026-02-01,1,0,0.0,1,902.81,1,0,0.0,1430.92,255.07,0.17825594722276575
1446,2026-03-01,1,1,1.0,1,276.12,1,0,0.0,1366.91,251.21,0.18377947341083173
1446,2026-04-01,1,1,1.0,1,98.26,1,0,0.0,1258.23,255.12,0.2027610214348728
1446,2026-05-01,1,0,0.0,0,0.00,0,0,,865.69,265.37,0.3065416026522196
1446,2026-06-01,1,1,1.0,1,198.40,0,0,,807.17,265.08,0.32840665535141295
1447,2025-01-01,1,1,1.0,1,494.92,1,0,0.0,533.83,0.00,0.0
1447,2025-02-01,1,1,1.0,0,0.00,0,0,,423.32,0.00,0.0
1447,2025-03-01,1,1,1.0,1,653.23,1,0,0.0,900.56,0.00,0.0
1447,2025-04-01,1,1,1.0,1,112.97,1,0,0.0,683.31,0.00,0.0
1447,2025-05-01,1,0,0.0,0,0.00,0,0,,480.54,0.00,0.0
1447,2025-06-01,3,2,0.6666666666666666,2,158.87,2,0,0.0,399.36,0.00,0.0
1447,2025-07-01,2,1,0.5,1,274.90,1,0,0.0,633.39,0.00,0.0
1447,2025-08-01,0,0,,0,0.00,0,0,,600.21,180.86,0.3013278685793306
1447,2025-09-01,2,2,1.0,1,538.67,1,0,0.0,1195.11,186.46,0.1560191112115203
1447,2025-10-01,1,1,1.0,1,535.08,1,0,0.0,1698.32,187.49,0.11039733383579067
1447,2025-11-01,1,1,1.0,0,0.00,0,0,,1484.34,192.05,0.1293841033725427
1447,2025-12-01,2,1,0.5,1,147.63,1,0,0.0,1371.26,190.03,0.13858057552907546
1447,2026-01-01,1,1,1.0,0,0.00,0,0,,1048.03,184.25,0.17580603608675324
1447,2026-02-01,0,0,,1,127.49,1,0,0.0,907.41,184.36,0.20317166440748946
1447,2026-03-01,1,1,1.0,0,0.00,0,0,,638.36,181.57,0.28443198195375646
1447,2026-04-01,2,1,0.5,1,229.42,1,0,0.0,849.71,184.40,0.21701521695637335
1447,2026-05-01,1,1,1.0,1,610.88,0,0,,1356.03,191.81,0.14144967294233904
1447,2026-06-01,0,0,,0,0.00,0,0,,1200.02,191.60,0.15966400559990668
1448,2025-02-01,2,0,0.0,0,0.00,0,0,,0.00,0.00,
1448,2025-04-01,1,0,0.0,0,0.00,0,0,,0.00,0.00,
1448,2025-08-01,1,1,1.0,0,0.00,0,0,,0.00,0.00,
1448,2025-09-01,1,0,0.0,0,0.00,0,0,,0.00,0.00,
1448,2026-01-01,1,0,0.0,0,0.00,0,0,,0.00,0.00,
1448,2026-02-01,2,1,0.5,1,353.91,1,0,0.0,471.14,0.00,0.0
1448,2026-03-01,2,1,0.5,0,0.00,0,0,,425.34,0.00,0.0
1448,2026-04-01,2,1,0.5,1,145.89,1,0,0.0,529.63,0.00,0.0
1448,2026-05-01,1,1,1.0,2,334.22,0,0,,895.93,0.00,0.0
1448,2026-06-01,1,1,1.0,1,164.76,0,0,,882.18,0.00,0.0
1449,2025-04-01,1,0,0.0,0,0.00,0,0,,0.00,0.00,
1449,2025-05-01,2,2,1.0,1,137.30,1,0,0.0,157.38,0.00,0.0
1449,2025-06-01,0,0,,0,0.00,0,0,,129.79,0.00,0.0
1449,2025-07-01,1,1,1.0,1,182.94,1,0,0.0,169.84,0.00,0.0
1449,2025-08-01,0,0,,0,0.00,0,0,,146.19,0.00,0.0
1449,2025-09-01,0,0,,0,0.00,0,0,,123.50,0.00,0.0
1449,2025-10-01,0,0,,0,0.00,0,0,,27.41,0.00,0.0
1449,2025-11-01,1,1,1.0,0,0.00,0,0,,0.00,0.00,
1449,2025-12-01,0,0,,0,0.00,0,0,,0.00,0.00,
1449,2026-01-01,1,1,1.0,0,0.00,0,0,,0.00,0.00,
1449,2026-02-01,1,0,0.0,1,204.03,1,0,0.0,219.47,0.00,0.0
1449,2026-03-01,0,0,,0,0.00,0,0,,162.12,0.00,0.0
1449,2026-04-01,1,1,1.0,0,0.00,0,0,,54.90,0.00,0.0
1449,2026-05-01,1,0,0.0,0,0.00,0,0,,0.00,0.00,
1449,2026-06-01,0,0,,0,0.00,0,0,,0.00,0.00,
1450,2025-02-01,1,0,0.0,0,0.00,0,0,,0.00,0.00,
1450,2025-03-01,2,0,0.0,0,0.00,0,0,,0.00,0.00,
1450,2025-04-01,2,1,0.5,1,261.53,1,0,0.0,324.62,0.00,0.0
1450,2025-05-01,1,1,1.0,1,112.97,1,0,0.0,399.47,0.00,0.0
1450,2025-06-01,0,0,,0,0.00,0,0,,320.82,0.00,0.0
1450,2025-07-01,4,3,0.75,3,1304.77,3,1,0.3333333333333333,1721.32,0.00,0.0
1450,2025-08-01,1,1,1.0,0,0.00,0,0,,1229.97,0.00,0.0
1450,2025-09-01,0,0,,1,318.55,1,0,0.0,1144.11,0.00,0.0
1450,2025-10-01,1,1,1.0,1,70.67,1,0,0.0,795.19,0.00,0.0
1450,2025-11-01,2,2,1.0,1,194.45,1,0,0.0,739.26,28.61,0.03870086302518735
1450,2025-12-01,1,0,0.0,0,0.00,0,0,,576.05,448.49,0.7785608888117351
1450,2026-01-01,0,0,,0,0.00,0,0,,137.31,27.45,0.19991260651081494
1450,2026-02-01,0,0,,0,0.00,0,0,,55.09,27.47,0.49863859139589756
1450,2026-03-01,0,0,,0,0.00,0,0,,54.26,27.05,0.4985256173977147
1450,2026-04-01,0,0,,0,0.00,0,0,,27.47,27.47,1.0
1450,2026-05-01,0,0,,0,0.00,0,0,,28.57,28.57,1.0
1450,2026-06-01,1,1,1.0,1,523.46,0,0,,596.52,28.54,0.047844162810970293
1451,2025-02-01,3,2,0.6666666666666666,2,828.45,2,0,0.0,904.20,0.00,0.0
1451,2025-03-01,1,0,0.0,0,0.00,0,0,,604.15,0.00,0.0
1451,2025-04-01,1,1,1.0,1,228.61,1,0,0.0,573.01,0.00,0.0
1451,2025-05-01,1,0,0.0,0,0.00,0,0,,198.98,0.00,0.0
1451,2025-06-01,1,1,1.0,1,132.24,1,0,0.0,266.95,0.00,0.0
1451,2025-07-01,3,1,0.3333333333333333,1,79.94,1,0,0.0,242.80,0.00,0.0
1451,2025-08-01,1,1,1.0,0,0.00,0,0,,199.95,0.00,0.0
1451,2025-09-01,0,0,,1,572.70,1,0,0.0,713.27,0.00,0.0
1451,2025-10-01,2,1,0.5,0,0.00,0,0,,620.31,0.00,0.0
1451,2025-11-01,0,0,,0,0.00,0,0,,413.88,0.00,0.0
1451,2025-12-01,1,0,0.0,0,0.00,0,0,,190.41,0.00,0.0
1451,2026-01-01,1,1,1.0,1,172.08,1,0,0.0,205.96,0.00,0.0
1451,2026-02-01,1,1,1.0,1,389.31,1,0,0.0,615.84,0.00,0.0
1451,2026-03-01,0,0,,0,0.00,0,0,,367.54,0.00,0.0
1451,2026-04-01,3,1,0.3333333333333333,0,0.00,0,0,,359.53,0.00,0.0
1451,2026-05-01,0,0,,0,0.00,0,0,,151.26,0.00,0.0
1451,2026-06-01,0,0,,0,0.00,0,0,,35.72,0.00,0.0
1452,2025-01-01,7,3,0.42857142857142855,2,803.84,2,0,0.0,868.42,0.00,0.0
1452,2025-02-01,5,3,0.6,3,772.42,3,0,0.0,1360.92,0.00,0.0
1452,2025-03-01,3,1,0.3333333333333333,1,773.53,1,0,0.0,1714.04,0.00,0.0
1452,2025-04-01,7,2,0.2857142857142857,2,228.10,2,0,0.0,1177.17,0.00,0.0
1452,2025-05-01,10,4,0.4,2,638.44,2,0,0.0,1432.87,0.00,0.0
1452,2025-06-01,6,4,0.6666666666666666,4,859.07,4,0,0.0,1762.67,0.00,0.0
1452,2025-07-01,6,4,0.6666666666666666,3,594.07,3,1,0.3333333333333333,1832.13,0.00,0.0
1452,2025-08-01,4,2,0.5,3,423.38,3,0,0.0,1506.27,0.00,0.0
1452,2025-09-01,5,3,0.6,1,174.01,1,0,0.0,976.76,0.00,0.0
1452,2025-10-01,8,6,0.75,4,960.73,4,0,0.0,1825.42,0.00,0.0
1452,2025-11-01,3,1,0.3333333333333333,2,527.92,2,0,0.0,2018.62,0.00,0.0
1452,2025-12-01,3,0,0.0,0,0.00,0,0,,1548.34,0.00,0.0
1452,2026-01-01,7,5,0.7142857142857143,4,2235.16,4,0,0.0,3643.93,0.00,0.0
1452,2026-02-01,2,1,0.5,1,141.05,1,0,0.0,3013.14,0.00,0.0
1452,2026-03-01,4,2,0.5,1,1117.02,1,0,0.0,3370.98,0.00,0.0
1452,2026-04-01,3,0,0.0,1,318.58,1,0,0.0,2616.95,0.00,0.0
1452,2026-05-01,9,4,0.4444444444444444,3,950.24,0,0,,3158.45,666.46,0.2110085643274391
1452,2026-06-01,9,7,0.7777777777777778,7,2186.68,0,0,,4570.42,68.90,0.015075200966213172
1453,2025-01-01,2,1,0.5,1,279.36,1,0,0.0,348.76,0.00,0.0
1453,2025-02-01,2,1,0.5,0,0.00,0,0,,288.10,0.00,0.0
1453,2025-03-01,1,0,0.0,0,0.00,0,0,,281.80,0.00,0.0
1453,2025-04-01,2,0,0.0,0,0.00,0,0,,270.62,0.00,0.0
1453,2025-05-01,0,0,,0,0.00,0,0,,222.53,0.00,0.0
1453,2025-06-01,4,1,0.25,1,545.19,1,0,0.0,828.87,0.00,0.0
1453,2025-07-01,4,2,0.5,2,408.78,2,0,0.0,1167.73,0.00,0.0
1453,2025-08-01,1,1,1.0,1,726.65,1,0,0.0,1749.53,0.00,0.0
1453,2025-09-01,2,2,1.0,2,500.81,2,0,0.0,1852.94,0.00,0.0
1453,2025-10-01,1,0,0.0,0,0.00,0,0,,993.93,0.00,0.0
1453,2025-11-01,2,2,1.0,1,263.09,1,0,0.0,1010.88,0.00,0.0
1453,2025-12-01,0,0,,0,0.00,0,0,,416.18,0.00,0.0
1453,2026-01-01,3,3,1.0,3,516.48,3,0,0.0,852.38,0.00,0.0
1453,2026-02-01,2,2,1.0,2,931.00,2,0,0.0,1615.56,0.00,0.0
1453,2026-03-01,2,2,1.0,0,0.00,0,0,,1165.40,0.00,0.0
1453,2026-04-01,0,0,,2,335.52,2,1,0.5,1060.70,0.00,0.0
1453,2026-05-01,0,0,,0,0.00,0,0,,624.95,0.00,0.0
1453,2026-06-01,0,0,,0,0.00,0,0,,343.25,0.00,0.0
1454,2025-01-01,1,0,0.0,0,0.00,0,0,,0.00,0.00,
1454,2025-03-01,1,0,0.0,0,0.00,0,0,,0.00,0.00,
1454,2025-04-01,2,1,0.5,1,280.34,1,0,0.0,303.26,0.00,0.0
1454,2025-05-01,0,0,,0,0.00,0,0,,249.04,0.00,0.0
1454,2025-06-01,2,2,1.0,2,255.57,2,0,0.0,448.14,0.00,0.0
1454,2025-07-01,0,0,,0,0.00,0,0,,314.56,0.00,0.0
1454,2025-08-01,0,0,,0,0.00,0,0,,183.41,0.00,0.0
1454,2025-09-01,1,1,1.0,1,50.36,1,0,0.0,162.41,0.00,0.0
1454,2025-10-01,2,0,0.0,0,0.00,0,0,,149.38,0.00,0.0
1454,2025-11-01,0,0,,0,0.00,0,0,,119.26,0.00,0.0
1454,2025-12-01,0,0,,0,0.00,0,0,,84.64,0.00,0.0
1454,2026-01-01,1,0,0.0,0,0.00,0,0,,54.67,0.00,0.0
1454,2026-02-01,0,0,,0,0.00,0,0,,54.70,0.00,0.0
1454,2026-03-01,0,0,,0,0.00,0,0,,40.37,0.00,0.0
1454,2026-04-01,1,1,1.0,1,213.25,1,0,0.0,290.47,0.00,0.0
1454,2026-05-01,0,0,,0,0.00,0,0,,228.14,0.00,0.0
1454,2026-06-01,0,0,,0,0.00,0,0,,136.75,0.00,0.0
1455,2025-01-01,3,1,0.3333333333333333,1,316.11,1,0,0.0,358.44,0.00,0.0
1455,2025-02-01,3,2,0.6666666666666666,2,698.93,2,0,0.0,1003.46,0.00,0.0
1455,2025-03-01,2,2,1.0,2,1461.48,2,0,0.0,2407.41,0.00,0.0
1455,2025-04-01,1,0,0.0,0,0.00,0,0,,1774.49,0.00,0.0
1455,2025-05-01,3,3,1.0,3,941.60,3,0,0.0,2177.44,0.00,0.0
1455,2025-06-01,4,2,0.5,1,258.11,1,0,0.0,1847.01,0.00,0.0
1455,2025-07-01,3,2,0.6666666666666666,1,256.13,1,0,0.0,1198.20,75.71,0.06318644633617092
1455,2025-08-01,0,0,,1,467.21,1,0,0.0,1375.91,76.94,0.05591935519038309
1455,2025-09-01,3,1,0.3333333333333333,1,873.00,1,0,0.0,1754.92,79.32,0.04519864153351719
1455,2025-10-01,1,0,0.0,0,0.00,0,0,,1099.63,298.89,0.2718096086865582
1455,2025-11-01,1,1,1.0,1,547.79,1,0,0.0,1214.94,306.16,0.25199598334074114
1455,2025-12-01,3,1,0.3333333333333333,1,612.91,1,1,1.0,1423.52,302.94,0.2128104979206474
1455,2026-01-01,2,1,0.5,1,86.39,1,0,0.0,1355.02,293.72,0.21676432820179778
1455,2026-02-01,2,1,0.5,0,0.00,0,0,,1280.56,293.89,0.22950115574436183
1455,2026-03-01,1,0,0.0,1,229.63,1,0,0.0,1059.24,289.45,0.2732619614062913
1455,2026-04-01,2,1,0.5,1,101.29,1,0,0.0,1015.66,293.96,0.289427564342398
1455,2026-05-01,1,0,0.0,0,0.00,0,0,,909.06,305.77,0.33635843618683037
1455,2026-06-01,1,1,1.0,1,70.22,0,0,,903.14,551.63,0.6107912394534624
1456,2025-01-01,1,0,0.0,0,0.00,0,0,,0.00,0.00,
1456,2025-02-01,1,1,1.0,1,121.99,1,0,0.0,129.94,0.00,0.0
1456,2025-03-01,2,1,0.5,1,843.05,1,0,0.0,1251.61,0.00,0.0
1456,2025-04-01,2,1,0.5,1,242.61,1,0,0.0,1445.37,0.00,0.0
1456,2025-05-01,1,1,1.0,0,0.00,0,0,,1236.20,83.63,0.06765086555573531
1456,2025-06-01,0,0,,1,358.52,1,0,0.0,1462.71,82.75,0.05657307326811193
1456,2025-07-01,1,1,1.0,1,529.99,1,0,0.0,1616.51,82.85,0.05125238940680849
1456,2025-08-01,4,3,0.75,2,495.66,2,0,0.0,1938.28,84.18,0.04343025775429763
1456,2025-09-01,2,2,1.0,1,91.50,1,0,0.0,1713.18,86.79,0.05066017581339965
1456,2025-10-01,0,0,,1,392.13,1,0,0.0,1531.26,87.27,0.056992280866737195
1456,2025-11-01,0,0,,0,0.00,0,0,,1030.27,89.39,0.08676366389393073
1456,2025-12-01,4,2,0.5,2,737.60,2,0,0.0,1583.69,261.55,0.16515227096212012
1456,2026-01-01,3,2,0.6666666666666666,2,437.16,2,0,0.0,1316.55,85.76,0.06513994910941476
1456,2026-02-01,1,1,1.0,1,207.88,1,0,0.0,1063.35,85.81,0.08069779470541215
1456,2026-03-01,1,1,1.0,0,0.00,0,0,,547.78,84.51,0.1542772645952755
1456,2026-04-01,2,1,0.5,1,133.41,1,0,0.0,349.79,85.83,0.24537579690671543
1456,2026-05-01,2,1,0.5,1,77.78,0,0,,406.99,89.28,0.21936656920317452
1456,2026-06-01,2,0,0.0,0,0.00,0,0,,318.40,89.18,0.2800879396984925
1457,2025-01-01,1,0,0.0,0,0.00,0,0,,0.00,0.00,
1457,2025-02-01,1,1,1.0,1,228.49,1,0,0.0,268.43,0.00,0.0
1457,2025-03-01,2,0,0.0,0,0.00,0,0,,227.02,0.00,0.0
1457,2025-04-01,2,2,1.0,1,372.66,1,0,0.0,606.92,0.00,0.0
1457,2025-05-01,1,0,0.0,1,283.35,1,0,0.0,644.15,0.00,0.0
1457,2025-06-01,1,0,0.0,0,0.00,0,0,,525.95,0.00,0.0
1457,2025-07-01,0,0,,0,0.00,0,0,,164.16,0.00,0.0
1457,2025-08-01,0,0,,0,0.00,0,0,,0.00,0.00,
1457,2025-09-01,2,1,0.5,1,263.97,1,0,0.0,298.89,0.00,0.0
1457,2025-10-01,0,0,,0,0.00,0,0,,212.81,0.00,0.0
1457,2025-11-01,1,1,1.0,1,160.96,1,0,0.0,373.09,0.00,0.0
1457,2025-12-01,4,1,0.25,1,231.12,1,0,0.0,589.03,0.00,0.0
1457,2026-01-01,4,4,1.0,3,539.54,3,0,0.0,1078.08,139.09,0.12901639952508165
1457,2026-02-01,2,2,1.0,3,914.00,3,0,0.0,1541.31,135.87,0.08815228604239252
1457,2026-03-01,2,1,0.5,1,307.03,1,0,0.0,1334.18,137.28,0.10289466188970003
1457,2026-04-01,0,0,,0,0.00,0,0,,927.54,136.05,0.14667831036936413
1457,2026-05-01,0,0,,0,0.00,0,0,,432.77,134.77,0.3114125285948657
1457,2026-06-01,1,1,1.0,1,249.79,0,0,,607.97,137.08,0.2254716515617547
1458,2025-01-01,2,1,0.5,1,178.69,1,1,1.0,194.55,0.00,0.0
1458,2025-02-01,0,0,,0,0.00,0,0,,192.85,0.00,0.0
1458,2025-03-01,1,0,0.0,0,0.00,0,0,,188.63,188.63,1.0
1458,2025-04-01,2,2,1.0,1,629.71,1,1,1.0,901.05,0.00,0.0
1458,2025-05-01,3,1,0.3333333333333333,1,384.58,1,0,0.0,1253.89,0.00,0.0
1458,2025-06-01,0,0,,0,0.00,0,0,,1101.96,0.00,0.0
1458,2025-07-01,2,2,1.0,0,0.00,0,0,,964.21,0.00,0.0
1458,2025-08-01,1,1,1.0,2,854.09,2,0,0.0,1707.97,0.00,0.0
1458,2025-09-01,1,0,0.0,0,0.00,0,0,,1501.30,0.00,0.0
1458,2025-10-01,2,1,0.5,1,77.79,1,1,1.0,1099.18,0.00,0.0
1458,2025-11-01,0,0,,0,0.00,0,0,,702.37,0.00,0.0
1458,2025-12-01,0,0,,0,0.00,0,0,,506.28,85.08,0.16804930078217586
1458,2026-01-01,1,0,0.0,0,0.00,0,0,,308.81,0.00,0.0
1458,2026-02-01,3,1,0.3333333333333333,1,398.49,1,0,0.0,633.68,0.00,0.0
1458,2026-03-01,1,0,0.0,0,0.00,0,0,,311.88,0.00,0.0
1458,2026-04-01,2,2,1.0,0,0.00,0,0,,211.17,0.00,0.0
1458,2026-05-01,4,3,0.75,2,852.31,0,0,,1108.69,0.00,0.0
1458,2026-06-01,0,0,,1,402.48,0,0,,1158.27,0.00,0.0
1459,2025-01-01,7,4,0.5714285714285714,2,849.01,2,0,0.0,912.43,0.00,0.0
1459,2025-02-01,4,2,0.5,3,927.24,3,0,0.0,1628.48,0.00,0.0
1459,2025-03-01,3,0,0.0,0,0.00,0,0,,1124.24,0.00,0.0
1459,2025-04-01,7,5,0.7142857142857143,4,611.98,4,0,0.0,1226.15,0.00,0.0
1459,2025-05-01,1,0,0.0,1,265.05,1,0,0.0,1250.85,0.00,0.0
1459,2025-06-01,4,4,1.0,4,870.28,4,0,0.0,1879.48,0.00,0.0
1459,2025-07-01,5,2,0.4,2,710.02,2,0,0.0,2086.94,0.00,0.0
1459,2025-08-01,7,5,0.7142857142857143,2,684.64,2,1,0.5,2451.38,0.00,0.0
1459,2025-09-01,3,2,0.6666666666666666,4,2149.55,4,0,0.0,4011.37,0.00,0.0
1459,2025-10-01,6,5,0.8333333333333334,3,366.88,3,0,0.0,3060.97,0.00,0.0
1459,2025-11-01,4,1,0.25,2,517.47,2,1,0.5,2774.09,475.83,0.17152651860610144
1459,2025-12-01,4,3,0.75,2,217.05,2,0,0.0,1698.07,0.00,0.0
1459,2026-01-01,7,6,0.8571428571428571,5,1004.50,5,0,0.0,2002.49,88.09,0.043990232160959604
1459,2026-02-01,2,2,1.0,0,0.00,0,0,,1116.62,40.60,0.036359728466264264
1459,2026-03-01,5,5,1.0,5,1199.66,5,0,0.0,2132.50,41.02,0.019235638921453694
1459,2026-04-01,6,1,0.16666666666666666,1,242.09,1,0,0.0,1738.45,40.65,0.02338289855906123
1459,2026-05-01,4,4,1.0,4,2105.38,0,0,,3717.83,40.27,0.010831587243096108
1459,2026-06-01,0,0,,0,0.00,0,0,,2339.90,90.27,0.03857857173383478
1460,2025-05-01,1,1,1.0,1,857.78,1,0,0.0,983.18,0.00,0.0
1460,2025-06-01,1,1,1.0,1,169.56,1,0,0.0,1229.39,0.00,0.0
1460,2025-07-01,1,1,1.0,1,899.39,1,0,0.0,2100.32,0.00,0.0
1460,2025-08-01,1,0,0.0,0,0.00,0,0,,1551.35,0.00,0.0
1460,2025-09-01,1,0,0.0,0,0.00,0,0,,982.99,0.00,0.0
1460,2025-10-01,1,0,0.0,0,0.00,0,0,,408.09,0.00,0.0
1460,2025-11-01,0,0,,0,0.00,0,0,,31.40,0.00,0.0
1460,2025-12-01,2,2,1.0,2,239.56,2,0,0.0,274.30,0.00,0.0
1460,2026-01-01,0,0,,0,0.00,0,0,,178.43,0.00,0.0
1460,2026-02-01,0,0,,0,0.00,0,0,,161.21,0.00,0.0
1460,2026-03-01,1,1,1.0,1,108.31,1,0,0.0,233.88,0.00,0.0
1460,2026-04-01,2,1,0.5,1,69.07,1,0,0.0,235.43,0.00,0.0
1460,2026-05-01,1,1,1.0,0,0.00,0,0,,197.66,0.00,0.0
1460,2026-06-01,1,0,0.0,0,0.00,0,0,,119.20,0.00,0.0
1461,2025-01-01,1,0,0.0,0,0.00,0,0,,0.00,0.00,
1461,2025-02-01,1,0,0.0,0,0.00,0,0,,0.00,0.00,
1461,2025-03-01,1,0,0.0,0,0.00,0,0,,0.00,0.00,
1461,2025-04-01,3,2,0.6666666666666666,2,530.44,2,0,0.0,583.50,0.00,0.0
1461,2025-05-01,2,1,0.5,1,1079.55,1,0,0.0,1677.50,0.00,0.0
1461,2025-06-01,4,3,0.75,3,736.21,3,0,0.0,2386.05,0.00,0.0
1461,2025-07-01,2,2,1.0,2,603.80,2,0,0.0,2542.89,0.00,0.0
1461,2025-08-01,2,1,0.5,1,809.15,1,0,0.0,2756.03,0.00,0.0
1461,2025-09-01,3,2,0.6666666666666666,1,201.44,1,0,0.0,2301.82,0.00,0.0
1461,2025-10-01,2,0,0.0,1,90.69,1,0,0.0,1636.57,0.00,0.0
1461,2025-11-01,3,1,0.3333333333333333,0,0.00,0,0,,1301.19,0.00,0.0
1461,2025-12-01,2,1,0.5,2,525.29,2,0,0.0,1492.71,0.00,0.0
1461,2026-01-01,1,1,1.0,1,853.64,1,0,0.0,2079.59,0.00,0.0
1461,2026-02-01,2,0,0.0,0,0.00,0,0,,1422.86,0.00,0.0
1461,2026-03-01,3,3,1.0,2,1041.96,2,0,0.0,2178.27,0.00,0.0
1461,2026-04-01,5,4,0.8,4,2042.49,4,0,0.0,4036.11,0.00,0.0
1461,2026-05-01,4,2,0.5,0,0.00,0,0,,2949.59,0.00,0.0
1461,2026-06-01,1,1,1.0,2,325.46,0,0,,2467.83,0.00,0.0
1462,2025-04-01,2,1,0.5,1,948.18,1,0,0.0,1069.33,0.00,0.0
1462,2025-05-01,0,0,,0,0.00,0,0,,688.75,0.00,0.0
1462,2025-06-01,1,0,0.0,0,0.00,0,0,,340.78,0.00,0.0
1462,2025-07-01,0,0,,0,0.00,0,0,,0.00,0.00,
1462,2025-08-01,1,0,0.0,0,0.00,0,0,,0.00,0.00,
1462,2025-09-01,0,0,,0,0.00,0,0,,0.00,0.00,
1462,2025-10-01,1,1,1.0,0,0.00,0,0,,0.00,0.00,
1462,2025-11-01,0,0,,1,144.15,1,0,0.0,164.63,0.00,0.0
1462,2025-12-01,0,0,,0,0.00,0,0,,135.76,0.00,0.0
1462,2026-01-01,0,0,,0,0.00,0,0,,79.00,0.00,0.0
1462,2026-02-01,0,0,,0,0.00,0,0,,52.72,0.00,0.0
1462,2026-03-01,0,0,,0,0.00,0,0,,26.00,0.00,0.0
1462,2026-04-01,0,0,,0,0.00,0,0,,26.40,0.00,0.0
1462,2026-05-01,1,0,0.0,0,0.00,0,0,,0.00,0.00,
1462,2026-06-01,0,0,,0,0.00,0,0,,0.00,0.00,
1463,2025-06-01,1,1,1.0,0,0.00,0,0,,0.00,0.00,
1463,2025-07-01,0,0,,1,105.46,1,0,0.0,88.79,0.00,0.0
1463,2025-08-01,2,0,0.0,0,0.00,0,0,,90.23,0.00,0.0
1463,2025-09-01,0,0,,0,0.00,0,0,,93.02,0.00,0.0
1463,2025-10-01,0,0,,0,0.00,0,0,,31.15,0.00,0.0
1463,2025-11-01,1,0,0.0,0,0.00,0,0,,31.90,0.00,0.0
1463,2025-12-01,0,0,,0,0.00,0,0,,0.00,0.00,
1463,2026-01-01,1,1,1.0,0,0.00,0,0,,0.00,0.00,
1463,2026-02-01,0,0,,0,0.00,0,0,,0.00,0.00,
1463,2026-03-01,1,1,1.0,1,64.05,1,0,0.0,66.21,0.00,0.0
1463,2026-04-01,0,0,,0,0.00,0,0,,31.39,0.00,0.0
1463,2026-05-01,1,0,0.0,0,0.00,0,0,,0.00,0.00,
1463,2026-06-01,0,0,,0,0.00,0,0,,0.00,0.00,
1464,2025-01-01,1,0,0.0,0,0.00,0,0,,0.00,0.00,
1464,2025-02-01,1,0,0.0,0,0.00,0,0,,0.00,0.00,
1464,2025-03-01,2,2,1.0,1,169.03,1,0,0.0,183.89,0.00,0.0
1464,2025-04-01,0,0,,0,0.00,0,0,,139.61,0.00,0.0
1464,2025-05-01,3,2,0.6666666666666666,2,252.28,2,1,0.5,365.71,0.00,0.0
1464,2025-06-01,0,0,,0,0.00,0,0,,291.50,0.00,0.0
1464,2025-07-01,1,1,1.0,0,0.00,0,0,,274.64,110.85,0.4036192834255753
1464,2025-08-01,1,1,1.0,1,132.74,1,0,0.0,276.64,0.00,0.0
1464,2025-09-01,6,4,0.6666666666666666,2,605.67,2,0,0.0,863.67,0.00,0.0
1464,2025-10-01,2,2,1.0,3,984.72,3,0,0.0,1727.93,0.00,0.0
1464,2025-11-01,2,1,0.5,1,311.84,1,0,0.0,1348.84,0.00,0.0
1464,2025-12-01,1,1,1.0,1,394.09,1,0,0.0,1172.73,0.00,0.0
1464,2026-01-01,1,1,1.0,1,80.00,1,0,0.0,659.81,0.00,0.0
1464,2026-02-01,3,2,0.6666666666666666,2,265.64,2,1,0.5,780.82,263.11,0.33696626623293463
1464,2026-03-01,3,1,0.3333333333333333,1,552.04,1,1,1.0,1171.48,251.92,0.2150442175709359
1464,2026-04-01,0,0,,0,0.00,0,0,,1094.51,369.37,0.33747521722049134
1464,2026-05-01,1,1,1.0,1,615.51,0,0,,1394.34,247.33,0.17738141342857555
1464,2026-06-01,2,1,0.5,1,150.72,0,0,,1291.70,251.56,0.19475110319733685
1465,2025-01-01,1,1,1.0,1,57.49,1,0,0.0,64.50,0.00,0.0
1465,2025-02-01,0,0,,0,0.00,0,0,,41.91,0.00,0.0
1465,2025-03-01,0,0,,0,0.00,0,0,,21.27,0.00,0.0
1465,2025-04-01,2,2,1.0,2,1439.97,2,1,0.5,1725.73,0.00,0.0
1465,2025-05-01,2,2,1.0,2,273.25,2,0,0.0,1850.15,0.00,0.0
1465,2025-06-01,4,3,0.75,1,114.67,1,0,0.0,1650.97,0.00,0.0
1465,2025-07-01,4,4,1.0,3,882.24,3,0,0.0,2493.53,0.00,0.0
1465,2025-08-01,1,0,0.0,1,234.13,1,0,0.0,2301.77,0.00,0.0
1465,2025-09-01,2,2,1.0,2,395.07,2,0,0.0,2390.67,58.72,0.02456215203269376
1465,2025-10-01,2,1,0.5,1,795.91,1,0,0.0,2645.20,195.69,0.07397928323000151
1465,2025-11-01,0,0,,0,0.00,0,0,,2156.00,899.05,0.4169990723562152
1465,2025-12-01,1,0,0.0,0,0.00,0,0,,1400.84,157.30,0.11228976899574543
1465,2026-01-01,0,0,,0,0.00,0,0,,1097.56,748.73,0.6821768286016254
1465,2026-02-01,1,0,0.0,0,0.00,0,0,,355.05,153.03,0.4310097169412759
1465,2026-03-01,4,3,0.75,2,765.88,2,0,0.0,1190.27,154.62,0.12990329925143035
1465,2026-04-01,0,0,,0,0.00,0,0,,958.43,355.54,0.3709608422106988
1465,2026-05-01,1,1,1.0,1,140.73,0,0,,684.37,151.80,0.2218098397065915
1465,2026-06-01,3,2,0.6666666666666666,0,0.00,0,0,,394.67,154.40,0.39121291205310765
1466,2025-01-01,1,1,1.0,1,743.66,1,0,0.0,794.92,0.00,0.0
1466,2025-02-01,1,1,1.0,1,724.22,1,1,1.0,1584.98,0.00,0.0
1466,2025-03-01,2,0,0.0,0,0.00,0,0,,1215.46,0.00,0.0
1466,2025-04-01,1,1,1.0,1,670.45,1,0,0.0,1559.36,0.00,0.0
1466,2025-05-01,0,0,,0,0.00,0,0,,1511.87,605.31,0.400371725082183
1466,2025-06-01,0,0,,0,0.00,0,0,,795.23,204.14,0.2567056071828276
1466,2025-07-01,0,0,,0,0.00,0,0,,398.18,0.00,0.0
1466,2025-08-01,1,0,0.0,0,0.00,0,0,,200.00,0.00,0.0
1466,2025-09-01,1,0,0.0,0,0.00,0,0,,0.00,0.00,
1466,2025-10-01,0,0,,0,0.00,0,0,,0.00,0.00,
1466,2025-11-01,0,0,,0,0.00,0,0,,0.00,0.00,
1466,2025-12-01,1,0,0.0,0,0.00,0,0,,0.00,0.00,
1466,2026-01-01,0,0,,0,0.00,0,0,,0.00,0.00,
1466,2026-02-01,0,0,,0,0.00,0,0,,0.00,0.00,
1466,2026-03-01,0,0,,0,0.00,0,0,,0.00,0.00,
1466,2026-04-01,0,0,,0,0.00,0,0,,0.00,0.00,
1466,2026-05-01,0,0,,0,0.00,0,0,,0.00,0.00,
1466,2026-06-01,0,0,,0,0.00,0,0,,0.00,0.00,
1467,2025-02-01,1,1,1.0,1,256.44,1,0,0.0,266.99,0.00,0.0
1467,2025-03-01,1,1,1.0,1,81.09,1,0,0.0,266.68,0.00,0.0
1467,2025-04-01,2,1,0.5,1,1531.52,1,0,0.0,1836.25,0.00,0.0
1467,2025-05-01,0,0,,0,0.00,0,0,,1486.01,0.00,0.0
1467,2025-06-01,2,2,1.0,1,151.47,1,0,0.0,1300.88,0.00,0.0
1467,2025-07-01,0,0,,0,0.00,0,0,,963.38,0.00,0.0
1467,2025-08-01,0,0,,0,0.00,0,0,,634.50,0.00,0.0
1467,2025-09-01,0,0,,0,0.00,0,0,,299.00,0.00,0.0
1467,2025-10-01,1,1,1.0,1,204.68,1,0,0.0,225.75,0.00,0.0
1467,2025-11-01,0,0,,0,0.00,0,0,,154.17,0.00,0.0
1467,2025-12-01,0,0,,0,0.00,0,0,,76.29,0.00,0.0
1467,2026-01-01,0,0,,0,0.00,0,0,,0.00,0.00,
1467,2026-02-01,1,0,0.0,0,0.00,0,0,,0.00,0.00,
1467,2026-03-01,0,0,,0,0.00,0,0,,0.00,0.00,
1467,2026-04-01,0,0,,0,0.00,0,0,,0.00,0.00,
1467,2026-05-01,0,0,,0,0.00,0,0,,0.00,0.00,
1467,2026-06-01,0,0,,0,0.00,0,0,,0.00,0.00,
1468,2025-01-01,15,10,0.6666666666666666,8,2538.52,8,0,0.0,2763.29,0.00,0.0
1468,2025-02-01,20,13,0.65,9,2574.56,9,0,0.0,4301.54,0.00,0.0
1468,2025-03-01,18,7,0.3888888888888889,6,2556.77,6,0,0.0,6464.80,0.00,0.0
1468,2025-04-01,17,9,0.5294117647058824,8,2422.26,8,1,0.125,6974.30,0.00,0.0
1468,2025-05-01,25,13,0.52,9,1969.51,9,2,0.2222222222222222,6933.73,0.00,0.0
1468,2025-06-01,14,6,0.42857142857142855,4,1192.64,4,0,0.0,6450.94,72.40,0.01122317057669115
1468,2025-07-01,13,8,0.6153846153846154,8,2180.85,8,1,0.125,6322.93,292.58,0.04627285135214212
1468,2025-08-01,14,8,0.5714285714285714,5,1756.86,5,0,0.0,5859.94,73.65,0.012568388072232824
1468,2025-09-01,12,5,0.4166666666666667,4,1478.75,4,1,0.25,6012.34,101.71,0.016916874295199537
1468,2025-10-01,25,14,0.56,11,2851.52,11,0,0.0,7882.18,102.28,0.01297610559515261
1468,2025-11-01,13,6,0.46153846153846156,4,1163.92,4,1,0.25,7574.34,2643.56,0.34901522772941274
1468,2025-12-01,23,14,0.6086956521739131,13,3828.64,13,0,0.0,9325.87,1379.12,0.1478811092155477
1468,2026-01-01,9,5,0.5555555555555556,7,2190.25,7,2,0.2857142857142857,8918.87,1487.75,0.1668092482567859
1468,2026-02-01,8,1,0.125,1,265.81,1,0,0.0,6699.86,1488.64,0.22218971739707996
1468,2026-03-01,18,11,0.6111111111111112,8,1662.18,8,0,0.0,6799.95,2051.03,0.301624276649093
1468,2026-04-01,23,16,0.6956521739130435,12,3782.36,12,0,0.0,9305.06,1843.02,0.19806642837337965
1468,2026-05-01,20,12,0.6,11,3508.18,0,0,,11101.83,1548.78,0.13950672997154523
1468,2026-06-01,20,13,0.65,11,2839.50,0,0,,11641.27,1547.09,0.1328970120957593
1469,2025-01-01,1,0,0.0,0,0.00,0,0,,0.00,0.00,
1469,2025-03-01,2,0,0.0,0,0.00,0,0,,0.00,0.00,
1469,2025-04-01,1,0,0.0,0,0.00,0,0,,0.00,0.00,
1469,2025-06-01,1,0,0.0,0,0.00,0,0,,0.00,0.00,
1469,2025-09-01,1,1,1.0,1,85.11,1,0,0.0,91.94,0.00,0.0
1469,2025-10-01,1,0,0.0,0,0.00,0,0,,61.63,0.00,0.0
1469,2025-11-01,1,1,1.0,0,0.00,0,0,,31.57,0.00,0.0
1469,2025-12-01,0,0,,0,0.00,0,0,,0.00,0.00,
1469,2026-01-01,0,0,,0,0.00,0,0,,0.00,0.00,
1469,2026-02-01,0,0,,0,0.00,0,0,,0.00,0.00,
1469,2026-03-01,1,1,1.0,1,588.05,1,0,0.0,642.00,0.00,0.0
1469,2026-04-01,0,0,,0,0.00,0,0,,434.67,0.00,0.0
1469,2026-05-01,1,1,1.0,1,119.67,0,0,,381.29,0.00,0.0
1469,2026-06-01,0,0,,0,0.00,0,0,,155.06,0.00,0.0
1470,2025-01-01,2,2,1.0,2,1224.49,2,0,0.0,1338.99,0.00,0.0
1470,2025-02-01,1,1,1.0,1,948.01,1,0,0.0,2073.17,0.00,0.0
1470,2025-03-01,0,0,,0,0.00,0,0,,1470.07,0.00,0.0
1470,2025-04-01,1,1,1.0,0,0.00,0,0,,900.84,0.00,0.0
1470,2025-05-01,2,0,0.0,1,397.61,1,0,0.0,1151.22,0.00,0.0
1470,2025-06-01,2,1,0.5,1,172.10,1,0,0.0,1076.77,134.22,0.1246505753317793
1470,2025-07-01,0,0,,0,0.00,0,0,,863.33,134.38,0.15565311062977075
1470,2025-08-01,0,0,,0,0.00,0,0,,620.14,136.55,0.22019221466120556
1470,2025-09-01,0,0,,0,0.00,0,0,,530.60,140.77,0.2653034300791557
1470,2025-10-01,0,0,,0,0.00,0,0,,533.56,141.55,0.2652935002623885
1470,2025-11-01,2,1,0.5,1,88.98,1,0,0.0,570.98,145.00,0.25394935023993837
1470,2025-12-01,1,0,0.0,0,0.00,0,0,,464.15,143.47,0.3091026607777658
1470,2026-01-01,0,0,,0,0.00,0,0,,306.65,139.10,0.45361160932659383
1470,2026-02-01,0,0,,0,0.00,0,0,,282.58,139.19,0.4925684761837356
1470,2026-03-01,1,1,1.0,1,121.13,1,0,0.0,281.83,137.08,0.48639250612071117
1470,2026-04-01,1,1,1.0,1,156.33,1,0,0.0,452.42,139.22,0.3077229123380929
1470,2026-05-01,2,1,0.5,0,0.00,0,0,,344.81,144.81,0.4199704184913431
1470,2026-06-01,1,1,1.0,2,853.02,0,0,,1264.28,144.65,0.11441294649919323
1471,2025-02-01,1,1,1.0,1,112.55,1,0,0.0,119.20,0.00,0.0
1471,2025-03-01,0,0,,0,0.00,0,0,,87.46,0.00,0.0
1471,2025-04-01,1,0,0.0,0,0.00,0,0,,59.58,0.00,0.0
1471,2025-05-01,0,0,,0,0.00,0,0,,28.80,0.00,0.0
1471,2025-06-01,0,0,,0,0.00,0,0,,0.00,0.00,
1471,2025-07-01,0,0,,0,0.00,0,0,,0.00,0.00,
1471,2025-08-01,0,0,,0,0.00,0,0,,0.00,0.00,
1471,2025-09-01,1,0,0.0,0,0.00,0,0,,0.00,0.00,
1471,2025-10-01,1,0,0.0,0,0.00,0,0,,0.00,0.00,
1471,2025-11-01,0,0,,0,0.00,0,0,,0.00,0.00,
1471,2025-12-01,2,1,0.5,0,0.00,0,0,,0.00,0.00,
1471,2026-01-01,0,0,,1,202.87,1,0,0.0,217.97,0.00,0.0
1471,2026-02-01,1,1,1.0,0,0.00,0,0,,109.03,0.00,0.0
1471,2026-03-01,1,0,0.0,1,351.98,1,0,0.0,353.07,0.00,0.0
1471,2026-04-01,1,1,1.0,1,212.49,1,0,0.0,534.49,0.00,0.0
1471,2026-05-01,1,1,1.0,1,144.42,0,0,,285.94,0.00,0.0
1471,2026-06-01,0,0,,0,0.00,0,0,,225.77,0.00,0.0
1472,2025-01-01,1,0,0.0,0,0.00,0,0,,0.00,0.00,
1472,2025-06-01,1,1,1.0,1,585.66,1,0,0.0,663.66,0.00,0.0
1472,2025-07-01,2,1,0.5,1,430.27,1,0,0.0,967.35,0.00,0.0
1472,2025-08-01,1,1,1.0,1,108.53,1,0,0.0,813.99,0.00,0.0
1472,2025-09-01,0,0,,0,0.00,0,0,,644.72,0.00,0.0
1472,2025-10-01,0,0,,0,0.00,0,0,,205.71,0.00,0.0
1472,2025-11-01,1,0,0.0,0,0.00,0,0,,63.13,0.00,0.0
1472,2025-12-01,1,0,0.0,0,0.00,0,0,,41.63,0.00,0.0
1472,2026-01-01,0,0,,0,0.00,0,0,,20.16,0.00,0.0
1472,2026-02-01,2,1,0.5,0,0.00,0,0,,0.00,0.00,
1472,2026-03-01,0,0,,1,204.23,1,0,0.0,141.64,0.00,0.0
1472,2026-04-01,0,0,,0,0.00,0,0,,143.84,0.00,0.0
1472,2026-05-01,0,0,,0,0.00,0,0,,74.80,0.00,0.0
1472,2026-06-01,0,0,,0,0.00,0,0,,0.00,0.00,
1473,2025-04-01,1,1,1.0,1,43.86,1,0,0.0,49.59,0.00,0.0
1473,2025-05-01,0,0,,0,0.00,0,0,,36.06,0.00,0.0
1473,2025-06-01,1,1,1.0,0,0.00,0,0,,38.16,0.00,0.0
1473,2025-07-01,0,0,,1,607.73,1,0,0.0,706.62,0.00,0.0
1473,2025-08-01,0,0,,0,0.00,0,0,,531.72,0.00,0.0
1473,2025-09-01,1,1,1.0,1,297.65,1,0,0.0,670.74,13.34,0.01988848137877568
1473,2025-10-01,0,0,,0,0.00,0,0,,262.16,0.00,0.0
1473,2025-11-01,0,0,,0,0.00,0,0,,99.87,0.00,0.0
1473,2025-12-01,1,1,1.0,0,0.00,0,0,,0.00,0.00,
1473,2026-01-01,1,1,1.0,1,250.89,1,0,0.0,271.91,0.00,0.0
1473,2026-02-01,0,0,,0,0.00,0,0,,177.06,0.00,0.0
1473,2026-03-01,1,0,0.0,0,0.00,0,0,,89.45,0.00,0.0
1473,2026-04-01,0,0,,0,0.00,0,0,,0.00,0.00,
1473,2026-05-01,0,0,,0,0.00,0,0,,0.00,0.00,
1473,2026-06-01,0,0,,0,0.00,0,0,,0.00,0.00,
1474,2025-01-01,1,0,0.0,0,0.00,0,0,,0.00,0.00,
1474,2025-02-01,2,2,1.0,2,231.68,2,0,0.0,250.36,0.00,0.0
1474,2025-03-01,1,1,1.0,1,161.26,1,0,0.0,409.07,0.00,0.0
1474,2025-04-01,0,0,,0,0.00,0,0,,361.88,0.00,0.0
1474,2025-05-01,2,1,0.5,1,329.19,1,0,0.0,590.88,0.00,0.0
1474,2025-06-01,1,1,1.0,1,320.68,1,0,0.0,843.28,0.00,0.0
1474,2025-07-01,1,0,0.0,0,0.00,0,0,,764.22,12.52,0.016382717018659548
1474,2025-08-01,2,1,0.5,1,443.69,1,0,0.0,1021.02,12.72,0.01245813010518893
1474,2025-09-01,0,0,,0,0.00,0,0,,869.86,13.11,0.015071390798519302
1474,2025-10-01,2,1,0.5,1,96.06,1,0,0.0,635.79,149.92,0.2358011293037009
1474,2025-11-01,0,0,,0,0.00,0,0,,413.30,13.51,0.0326881200096782
1474,2025-12-01,1,0,0.0,0,0.00,0,0,,208.47,79.02,0.3790473449417182
1474,2026-01-01,0,0,,0,0.00,0,0,,149.02,76.61,0.514092068178768
1474,2026-02-01,1,1,1.0,1,376.90,1,0,0.0,525.75,76.66,0.14581074655254397
1474,2026-03-01,1,1,1.0,1,182.88,1,1,1.0,526.70,113.40,0.21530282893487754
1474,2026-04-01,3,1,0.3333333333333333,1,454.07,1,0,0.0,1065.37,115.16,0.1080939016491923
1474,2026-05-01,2,1,0.5,0,0.00,0,0,,826.23,119.79,0.14498384227152247
1474,2026-06-01,1,1,1.0,2,957.19,0,0,,1625.04,119.66,0.07363511052035643
1475,2025-02-01,1,0,0.0,0,0.00,0,0,,0.00,0.00,
1475,2025-03-01,1,1,1.0,1,61.42,1,0,0.0,72.59,0.00,0.0
1475,2025-04-01,1,1,1.0,1,361.07,1,0,0.0,479.17,0.00,0.0
1475,2025-05-01,1,0,0.0,0,0.00,0,0,,350.20,0.00,0.0
1475,2025-06-01,1,0,0.0,0,0.00,0,0,,234.97,0.00,0.0
1475,2025-07-01,0,0,,0,0.00,0,0,,123.54,0.00,0.0
1475,2025-08-01,0,0,,0,0.00,0,0,,12.06,0.00,0.0
1475,2025-09-01,0,0,,0,0.00,0,0,,0.00,0.00,
1475,2025-10-01,3,2,0.6666666666666666,2,243.41,2,0,0.0,313.22,0.00,0.0
1475,2025-11-01,1,1,1.0,1,353.37,1,0,0.0,779.28,0.00,0.0
1475,2025-12-01,0,0,,0,0.00,0,0,,683.38,0.00,0.0
1475,2026-01-01,1,0,0.0,0,0.00,0,0,,521.07,0.00,0.0
1475,2026-02-01,0,0,,0,0.00,0,0,,492.85,0.00,0.0
1475,2026-03-01,1,1,1.0,1,232.78,1,1,1.0,690.65,0.00,0.0
1475,2026-04-01,0,0,,0,0.00,0,0,,644.86,0.00,0.0
1475,2026-05-01,2,1,0.5,0,0.00,0,0,,543.04,0.00,0.0
1475,2026-06-01,2,2,1.0,2,482.90,0,0,,976.77,0.00,0.0
1476,2025-01-01,4,2,0.5,2,1107.52,2,0,0.0,1171.89,0.00,0.0
1476,2025-02-01,7,3,0.42857142857142855,2,373.96,2,0,0.0,808.57,0.00,0.0
1476,2025-03-01,8,6,0.75,6,1213.76,6,0,0.0,1977.08,0.00,0.0
1476,2025-04-01,6,5,0.8333333333333334,2,1021.20,2,0,0.0,2240.68,0.00,0.0
1476,2025-05-01,3,2,0.6666666666666666,2,379.18,2,1,0.5,1842.59,0.00,0.0
1476,2025-06-01,3,2,0.6666666666666666,2,299.01,2,0,0.0,1584.85,0.00,0.0
1476,2025-07-01,4,2,0.5,1,483.88,1,0,0.0,1445.82,0.00,0.0
1476,2025-08-01,4,2,0.5,3,339.32,3,0,0.0,1019.09,0.00,0.0
1476,2025-09-01,7,5,0.7142857142857143,3,1103.77,3,0,0.0,2103.34,80.75,0.03839132047125048
1476,2025-10-01,9,6,0.6666666666666666,6,1989.32,6,0,0.0,3634.50,81.20,0.022341449993121477
1476,2025-11-01,4,4,1.0,4,1062.87,4,0,0.0,4221.86,83.17,0.01969984793432279
1476,2025-12-01,6,3,0.5,3,1158.73,3,1,0.3333333333333333,4240.39,82.30,0.01940859213421407
1476,2026-01-01,2,2,1.0,3,682.94,3,0,0.0,3756.46,79.79,0.021240742614056854
1476,2026-02-01,5,4,0.8,4,935.81,4,0,0.0,3699.08,873.20,0.23605869567568155
1476,2026-03-01,3,2,0.6666666666666666,2,441.44,2,1,0.5,2924.45,212.54,0.07267691360768691
1476,2026-04-01,3,1,0.3333333333333333,0,0.00,0,0,,2213.30,79.86,0.036081868702841906
1476,2026-05-01,7,5,0.7142857142857143,3,740.13,0,0,,2384.56,83.07,0.034836615560103326
1476,2026-06-01,3,2,0.6666666666666666,2,656.09,0,0,,2771.70,82.98,0.02993830501136487
1477,2025-01-01,2,1,0.5,1,262.50,1,0,0.0,277.40,0.00,0.0
1477,2025-02-01,2,1,0.5,1,185.51,1,0,0.0,416.78,0.00,0.0
1477,2025-03-01,0,0,,0,0.00,0,0,,288.94,0.00,0.0
1477,2025-04-01,1,1,1.0,1,341.05,1,1,1.0,557.85,0.00,0.0
1477,2025-05-01,0,0,,0,0.00,0,0,,421.80,0.00,0.0
1477,2025-06-01,0,0,,0,0.00,0,0,,367.09,367.09,1.0
1477,2025-07-01,0,0,,0,0.00,0,0,,367.51,367.51,1.0
1477,2025-08-01,0,0,,0,0.00,0,0,,373.44,373.44,1.0
1477,2025-09-01,0,0,,0,0.00,0,0,,384.99,384.99,1.0
1477,2025-10-01,1,0,0.0,0,0.00,0,0,,387.14,387.14,1.0
1477,2025-11-01,0,0,,0,0.00,0,0,,396.55,396.55,1.0
1477,2025-12-01,1,0,0.0,0,0.00,0,0,,392.37,392.37,1.0
1477,2026-01-01,0,0,,0,0.00,0,0,,380.43,380.43,1.0
1477,2026-02-01,2,1,0.5,1,232.93,1,0,0.0,637.33,380.66,0.59727299828974
1477,2026-03-01,0,0,,0,0.00,0,0,,564.48,374.90,0.6641510770975056
1477,2026-04-01,0,0,,0,0.00,0,0,,509.09,380.74,0.7478834783633542
1477,2026-05-01,1,0,0.0,0,0.00,0,0,,396.04,396.04,1.0
1477,2026-06-01,0,0,,0,0.00,0,0,,395.60,395.60,1.0
1478,2025-01-01,1,1,1.0,1,166.75,1,0,0.0,187.08,0.00,0.0
1478,2025-02-01,2,1,0.5,1,244.90,1,0,0.0,452.87,0.00,0.0
1478,2025-03-01,2,0,0.0,0,0.00,0,0,,364.10,0.00,0.0
1478,2025-04-01,1,1,1.0,1,450.43,1,0,0.0,781.16,0.00,0.0
1478,2025-05-01,0,0,,0,0.00,0,0,,519.12,0.00,0.0
1478,2025-06-01,4,3,0.75,2,322.91,2,0,0.0,592.47,0.00,0.0
1478,2025-07-01,1,0,0.0,0,0.00,0,0,,338.25,0.00,0.0
1478,2025-08-01,1,1,1.0,1,210.86,1,0,0.0,395.14,0.00,0.0
1478,2025-09-01,2,1,0.5,1,114.55,1,0,0.0,373.03,0.00,0.0
1478,2025-10-01,2,1,0.5,1,814.58,1,0,0.0,1338.53,0.00,0.0
1478,2025-11-01,3,0,0.0,0,0.00,0,0,,1268.44,82.25,0.06484342972470121
1478,2025-12-01,3,1,0.3333333333333333,0,0.00,0,0,,1051.46,81.39,0.07740665360546288
1478,2026-01-01,0,0,,0,0.00,0,0,,996.27,78.91,0.07920543627731438
1478,2026-02-01,0,0,,0,0.00,0,0,,799.33,78.96,0.09878273053682458
1478,2026-03-01,2,1,0.5,1,212.68,1,0,0.0,911.72,77.76,0.08528934321940947
1478,2026-04-01,1,1,1.0,0,0.00,0,0,,847.00,78.98,0.09324675324675326
1478,2026-05-01,3,1,0.3333333333333333,2,497.33,0,0,,1185.93,82.15,0.0692705303011139
1478,2026-06-01,1,0,0.0,0,0.00,0,0,,1059.84,246.08,0.23218599033816428
1479,2025-01-01,7,5,0.7142857142857143,3,612.69,3,0,0.0,717.38,0.00,0.0
1479,2025-02-01,5,1,0.2,3,655.42,3,1,0.3333333333333333,1356.89,0.00,0.0
1479,2025-03-01,3,1,0.3333333333333333,1,92.47,1,0,0.0,1192.37,0.00,0.0
1479,2025-04-01,4,1,0.25,1,555.48,1,0,0.0,1579.77,296.09,0.187426017711439
1479,2025-05-01,11,6,0.5454545454545454,6,1551.21,6,0,0.0,2948.06,286.07,0.0970366953182771
1479,2025-06-01,2,0,0.0,0,0.00,0,0,,2270.09,283.08,0.12469990176600926
1479,2025-07-01,9,5,0.5555555555555556,3,787.75,3,0,0.0,2318.21,283.40,0.12224949422183494
1479,2025-08-01,9,5,0.5555555555555556,2,796.76,2,0,0.0,2365.51,287.98,0.12174118900363981
1479,2025-09-01,7,3,0.42857142857142855,3,579.80,3,0,0.0,2496.28,296.89,0.11893297226272692
1479,2025-10-01,9,5,0.5555555555555556,6,2173.79,6,1,0.16666666666666666,4480.87,504.87,0.11267231586723114
1479,2025-11-01,8,3,0.375,2,647.63,2,0,0.0,3786.92,345.74,0.0912984694685919
1479,2025-12-01,4,2,0.5,2,551.15,2,0,0.0,3362.36,302.58,0.08999036391106247
1479,2026-01-01,7,2,0.2857142857142857,2,361.74,2,0,0.0,2603.56,373.67,0.14352271505169845
1479,2026-02-01,8,5,0.625,2,835.27,2,0,0.0,2971.25,293.55,0.0987968026924695
1479,2026-03-01,5,1,0.2,4,762.69,4,0,0.0,2842.05,289.11,0.10172586689185623
1479,2026-04-01,10,6,0.6,5,935.12,5,0,0.0,3130.12,293.61,0.09380151559684613
1479,2026-05-01,4,0,0.0,0,0.00,0,0,,2280.29,305.40,0.13393033342250327
1479,2026-06-01,3,2,0.6666666666666666,1,60.11,0,0,,1743.25,305.07,0.1750007170514843
1480,2025-02-01,1,0,0.0,0,0.00,0,0,,0.00,0.00,
1480,2025-03-01,1,1,1.0,1,187.39,1,0,0.0,211.51,0.00,0.0
1480,2025-04-01,0,0,,0,0.00,0,0,,162.05,0.00,0.0
1480,2025-05-01,0,0,,0,0.00,0,0,,104.37,0.00,0.0
1480,2025-06-01,1,1,1.0,1,55.57,1,0,0.0,113.03,0.00,0.0
1480,2025-07-01,0,0,,0,0.00,0,0,,46.10,0.00,0.0
1480,2025-08-01,0,0,,0,0.00,0,0,,31.23,0.00,0.0
1480,2025-09-01,0,0,,0,0.00,0,0,,22.54,0.00,0.0
1480,2025-10-01,1,1,1.0,0,0.00,0,0,,0.00,0.00,
1480,2025-11-01,0,0,,1,317.42,1,0,0.0,269.85,0.00,0.0
1480,2025-12-01,0,0,,0,0.00,0,0,,222.51,0.00,0.0
1480,2026-01-01,0,0,,0,0.00,0,0,,107.87,0.00,0.0
1480,2026-02-01,0,0,,0,0.00,0,0,,0.00,0.00,
1480,2026-03-01,0,0,,0,0.00,0,0,,0.00,0.00,
1480,2026-04-01,1,0,0.0,0,0.00,0,0,,0.00,0.00,
1480,2026-05-01,1,1,1.0,1,729.56,0,0,,780.08,0.00,0.0
1480,2026-06-01,0,0,,0,0.00,0,0,,519.49,0.00,0.0
1481,2025-01-01,1,0,0.0,0,0.00,0,0,,0.00,0.00,
1481,2025-04-01,1,1,1.0,1,272.19,1,0,0.0,309.43,0.00,0.0
1481,2025-05-01,2,2,1.0,1,536.90,1,0,0.0,845.83,0.00,0.0
1481,2025-06-01,0,0,,0,0.00,0,0,,492.46,0.00,0.0
1481,2025-07-01,0,0,,0,0.00,0,0,,443.67,0.00,0.0
1481,2025-08-01,1,0,0.0,0,0.00,0,0,,400.68,0.00,0.0
1481,2025-09-01,2,1,0.5,1,416.08,1,0,0.0,540.82,0.00,0.0
1481,2025-10-01,1,0,0.0,0,0.00,0,0,,491.80,0.00,0.0
1481,2025-11-01,0,0,,0,0.00,0,0,,419.81,0.00,0.0
1481,2025-12-01,0,0,,0,0.00,0,0,,249.26,0.00,0.0
1481,2026-01-01,2,2,1.0,2,1146.04,2,0,0.0,1382.80,0.00,0.0
1481,2026-02-01,0,0,,0,0.00,0,0,,659.80,0.00,0.0
1481,2026-03-01,1,0,0.0,0,0.00,0,0,,416.60,0.00,0.0
1481,2026-04-01,0,0,,0,0.00,0,0,,232.79,0.00,0.0
1481,2026-05-01,4,2,0.5,2,658.89,0,0,,729.58,0.00,0.0
1481,2026-06-01,0,0,,0,0.00,0,0,,585.51,0.00,0.0
1482,2025-01-01,25,16,0.64,11,2849.92,11,0,0.0,3242.60,0.00,0.0
1482,2025-02-01,20,11,0.55,9,2838.29,9,1,0.1111111111111111,5884.21,0.00,0.0
1482,2025-03-01,23,11,0.4782608695652174,15,4843.31,15,3,0.2,9519.97,0.00,0.0
1482,2025-04-01,21,14,0.6666666666666666,10,2830.38,10,0,0.0,10006.21,1033.52,0.10328785824003295
1482,2025-05-01,20,7,0.35,4,2319.32,4,0,0.0,9454.63,1036.16,0.10959286614071626
1482,2025-06-01,15,10,0.6666666666666666,9,3689.13,9,0,0.0,10690.75,886.69,0.08293992470126044
1482,2025-07-01,22,17,0.7727272727272727,12,4345.55,12,1,0.08333333333333333,11770.83,1190.95,0.10117808174954528
1482,2025-08-01,25,19,0.76,18,6019.78,18,2,0.1111111111111111,15954.64,1453.00,0.0910706853930894
1482,2025-09-01,26,16,0.6153846153846154,17,5339.89,17,0,0.0,18422.88,1933.31,0.10494070416786082
1482,2025-10-01,19,11,0.5789473684210527,9,3329.96,9,1,0.1111111111111111,17111.09,2290.77,0.13387633400326923
1482,2025-11-01,14,8,0.5714285714285714,5,1578.89,5,1,0.2,14840.48,3073.51,0.2071031395210937
1482,2025-12-01,17,13,0.7647058823529411,11,2306.48,11,1,0.09090909090909091,12982.33,4457.63,0.3433613226593377
1482,2026-01-01,22,13,0.5909090909090909,13,5965.02,13,0,0.0,15242.95,3674.70,0.2410753823898917
1482,2026-02-01,24,15,0.625,11,3037.22,11,0,0.0,15784.86,3755.52,0.2379191199668543
1482,2026-03-01,17,5,0.29411764705882354,7,1517.85,7,0,0.0,13146.18,3742.54,0.2846865020865377
1482,2026-04-01,19,14,0.7368421052631579,11,3916.96,11,0,0.0,15132.97,4509.00,0.29795869548409865
1482,2026-05-01,14,7,0.5,7,2238.77,0,0,,13668.94,4432.50,0.3242753278600974
1482,2026-06-01,20,12,0.6,13,3891.53,0,0,,14193.38,4222.31,0.2974844610656518
1483,2025-01-01,10,8,0.8,7,2387.12,7,1,0.14285714285714285,2675.04,0.00,0.0
1483,2025-02-01,12,8,0.6666666666666666,6,912.64,6,1,0.16666666666666666,3201.12,0.00,0.0
1483,2025-03-01,15,11,0.7333333333333333,12,5138.37,12,1,0.08333333333333333,8094.34,0.00,0.0
1483,2025-04-01,12,5,0.4166666666666667,5,1243.29,5,0,0.0,7519.98,247.99,0.03297748132308863
1483,2025-05-01,14,5,0.35714285714285715,4,536.40,4,0,0.0,5305.73,236.78,0.04462722377505075
1483,2025-06-01,15,8,0.5333333333333333,7,2444.79,7,0,0.0,6153.11,148.87,0.02419426923945777
1483,2025-07-01,31,20,0.6451612903225806,13,2807.49,13,0,0.0,7811.59,455.25,0.058278788313262726
1483,2025-08-01,21,12,0.5714285714285714,13,3708.01,13,2,0.15384615384615385,9464.94,182.51,0.019282742415694127
1483,2025-09-01,25,16,0.64,12,4222.66,12,0,0.0,10848.78,102.82,0.009477563375789718
1483,2025-10-01,21,13,0.6190476190476191,13,4194.64,13,1,0.07692307692307693,11595.90,419.64,0.03618865288593382
1483,2025-11-01,14,8,0.5714285714285714,4,1013.12,4,0,0.0,8785.09,337.66,0.03843557664178739
1483,2025-12-01,15,9,0.6,5,1485.43,5,2,0.4,7482.68,1281.55,0.17126885019805738
1483,2026-01-01,21,9,0.42857142857142855,11,3526.93,11,1,0.09090909090909091,9476.79,1276.36,0.13468273539880063
1483,2026-02-01,20,7,0.35,5,1888.52,5,1,0.2,9314.81,1531.70,0.16443706312850184
1483,2026-03-01,14,10,0.7142857142857143,5,1155.55,5,1,0.2,8716.99,1547.67,0.17754637782078447
1483,2026-04-01,17,12,0.7058823529411765,7,2199.85,7,1,0.14285714285714285,8964.43,2647.03,0.29528146240195974
1483,2026-05-01,17,6,0.35294117647058826,6,1768.26,0,0,,8211.25,2518.71,0.30673892525498553
1483,2026-06-01,20,14,0.7,14,5819.39,0,0,,13536.31,2478.54,0.18310307609680926
1484,2025-01-01,1,1,1.0,1,97.93,1,0,0.0,105.37,0.00,0.0
1484,2025-02-01,0,0,,0,0.00,0,0,,78.34,0.00,0.0
1484,2025-03-01,4,2,0.5,2,451.64,2,0,0.0,534.45,0.00,0.0
1484,2025-04-01,4,1,0.25,1,298.40,1,0,0.0,579.08,0.00,0.0
1484,2025-05-01,1,0,0.0,0,0.00,0,0,,426.10,0.00,0.0
1484,2025-06-01,1,1,1.0,1,313.39,1,0,0.0,691.18,0.00,0.0
1484,2025-07-01,0,0,,0,0.00,0,0,,550.38,173.77,0.3157273156728079
1484,2025-08-01,1,0,0.0,0,0.00,0,0,,366.01,127.13,0.34734023660555724
1484,2025-09-01,1,1,1.0,1,336.06,1,0,0.0,682.60,131.06,0.1920011719894521
1484,2025-10-01,2,0,0.0,0,0.00,0,0,,569.17,131.79,0.23154769225363248
1484,2025-11-01,0,0,,0,0.00,0,0,,481.80,135.00,0.28019925280199254
1484,2025-12-01,2,0,0.0,0,0.00,0,0,,227.08,133.58,0.5882508367095297
1484,2026-01-01,1,0,0.0,0,0.00,0,0,,129.51,129.51,1.0
1484,2026-02-01,1,1,1.0,0,0.00,0,0,,129.59,129.59,1.0
1484,2026-03-01,1,0,0.0,0,0.00,0,0,,127.63,127.63,1.0
1484,2026-04-01,2,1,0.5,1,597.19,1,0,0.0,854.36,129.62,0.1517159043026359
1484,2026-05-01,0,0,,0,0.00,0,0,,763.04,134.82,0.1766879849024953
1484,2026-06-01,0,0,,0,0.00,0,0,,762.21,134.68,0.1766967108802036
1485,2025-01-01,1,1,1.0,0,0.00,0,0,,0.00,0.00,
1485,2025-05-01,1,0,0.0,0,0.00,0,0,,0.00,0.00,
1485,2025-06-01,1,1,1.0,1,398.70,1,0,0.0,440.05,0.00,0.0
1485,2025-07-01,0,0,,0,0.00,0,0,,293.70,0.00,0.0
1485,2025-08-01,0,0,,0,0.00,0,0,,149.22,0.00,0.0
1485,2025-09-01,0,0,,0,0.00,0,0,,0.00,0.00,
1485,2025-10-01,0,0,,0,0.00,0,0,,0.00,0.00,
1485,2025-11-01,0,0,,0,0.00,0,0,,0.00,0.00,
1485,2025-12-01,0,0,,0,0.00,0,0,,0.00,0.00,
1485,2026-01-01,2,1,0.5,1,282.35,1,0,0.0,337.31,0.00,0.0
1485,2026-02-01,0,0,,0,0.00,0,0,,309.39,0.00,0.0
1485,2026-03-01,1,1,1.0,0,0.00,0,0,,277.02,0.00,0.0
1485,2026-04-01,0,0,,0,0.00,0,0,,253.22,0.00,0.0
1485,2026-05-01,0,0,,0,0.00,0,0,,234.14,0.00,0.0
1485,2026-06-01,0,0,,0,0.00,0,0,,204.66,0.00,0.0
1486,2025-01-01,1,1,1.0,1,708.85,1,0,0.0,777.41,0.00,0.0
1486,2025-02-01,2,1,0.5,1,264.49,1,0,0.0,797.20,0.00,0.0
1486,2025-03-01,2,0,0.0,0,0.00,0,0,,528.53,0.00,0.0
1486,2025-04-01,3,3,1.0,2,620.06,2,1,0.5,877.28,0.00,0.0
1486,2025-05-01,0,0,,0,0.00,0,0,,792.85,127.72,0.16108973954720313
1486,2025-06-01,1,1,1.0,1,830.32,1,0,0.0,1389.37,0.00,0.0
1486,2025-07-01,3,3,1.0,2,718.64,2,0,0.0,1996.58,0.00,0.0
1486,2025-08-01,0,0,,0,0.00,0,0,,1311.68,134.75,0.10273084898755794
1486,2025-09-01,0,0,,0,0.00,0,0,,697.01,99.22,0.142350898839328
1486,2025-10-01,0,0,,0,0.00,0,0,,434.47,0.00,0.0
1486,2025-11-01,1,0,0.0,0,0.00,0,0,,274.33,0.00,0.0
1486,2025-12-01,1,0,0.0,0,0.00,0,0,,237.50,0.00,0.0
1486,2026-01-01,1,0,0.0,0,0.00,0,0,,197.37,0.00,0.0
1486,2026-02-01,0,0,,0,0.00,0,0,,164.56,0.00,0.0
1486,2026-03-01,1,0,0.0,0,0.00,0,0,,129.64,0.00,0.0
1486,2026-04-01,0,0,,0,0.00,0,0,,65.80,0.00,0.0
1486,2026-05-01,1,1,1.0,1,546.69,0,0,,781.87,0.00,0.0
1486,2026-06-01,1,1,1.0,0,0.00,0,0,,687.42,0.00,0.0
1487,2025-01-01,1,1,1.0,0,0.00,0,0,,0.00,0.00,
1487,2025-05-01,1,0,0.0,0,0.00,0,0,,0.00,0.00,
1487,2025-12-01,1,1,1.0,1,60.63,1,0,0.0,67.40,0.00,0.0
1487,2026-01-01,0,0,,0,0.00,0,0,,43.57,0.00,0.0
1487,2026-02-01,1,1,1.0,1,512.01,1,0,0.0,590.65,0.00,0.0
1487,2026-03-01,3,0,0.0,0,0.00,0,0,,420.19,0.00,0.0
1487,2026-04-01,1,1,1.0,1,45.10,1,0,0.0,334.75,0.00,0.0
1487,2026-05-01,0,0,,0,0.00,0,0,,187.19,0.00,0.0
1487,2026-06-01,0,0,,0,0.00,0,0,,26.13,0.00,0.0
1488,2025-01-01,3,2,0.6666666666666666,1,185.64,1,0,0.0,222.52,0.00,0.0
1488,2025-02-01,3,2,0.6666666666666666,1,185.74,1,0,0.0,353.71,0.00,0.0
1488,2025-03-01,3,1,0.3333333333333333,1,385.84,1,0,0.0,703.81,0.00,0.0
1488,2025-04-01,2,1,0.5,1,196.26,1,0,0.0,759.79,0.00,0.0
1488,2025-05-01,1,0,0.0,0,0.00,0,0,,528.27,0.00,0.0
1488,2025-06-01,3,2,0.6666666666666666,2,566.48,2,0,0.0,803.28,0.00,0.0
1488,2025-07-01,8,5,0.625,4,606.52,4,0,0.0,1337.43,0.00,0.0
1488,2025-08-01,1,0,0.0,1,360.32,1,0,0.0,1352.34,0.00,0.0
1488,2025-09-01,1,0,0.0,0,0.00,0,0,,919.37,0.00,0.0
1488,2025-10-01,1,1,1.0,1,940.53,1,0,0.0,1652.57,160.74,0.09726668159291287
1488,2025-11-01,5,3,0.6,2,741.29,2,0,0.0,2362.50,164.65,0.0696931216931217
1488,2025-12-01,3,2,0.6666666666666666,2,393.86,2,0,0.0,2467.40,162.92,0.06602901839993515
1488,2026-01-01,3,1,0.3333333333333333,1,144.14,1,0,0.0,1868.93,157.96,0.08451894934534734
1488,2026-02-01,3,1,0.3333333333333333,1,105.88,1,0,0.0,1579.34,158.05,0.10007344840249725
1488,2026-03-01,0,0,,0,0.00,0,0,,1043.79,155.66,0.14912961419442608
1488,2026-04-01,1,0,0.0,0,0.00,0,0,,838.02,158.09,0.188647048996444
1488,2026-05-01,1,0,0.0,0,0.00,0,0,,650.87,164.44,0.25264645781799744
1488,2026-06-01,2,1,0.5,0,0.00,0,0,,553.01,164.26,0.2970289868175982
1489,2025-01-01,2,1,0.5,0,0.00,0,0,,0.00,0.00,
1489,2025-02-01,3,3,1.0,4,1769.46,4,0,0.0,1936.73,0.00,0.0
1489,2025-03-01,1,0,0.0,0,0.00,0,0,,1076.69,0.00,0.0
1489,2025-04-01,1,0,0.0,0,0.00,0,0,,477.64,0.00,0.0
1489,2025-05-01,0,0,,0,0.00,0,0,,66.05,0.00,0.0
1489,2025-06-01,5,3,0.6,3,1031.32,3,0,0.0,1116.26,0.00,0.0
1489,2025-07-01,1,0,0.0,0,0.00,0,0,,796.10,0.00,0.0
1489,2025-08-01,2,2,1.0,1,166.05,1,0,0.0,359.74,0.00,0.0
1489,2025-09-01,2,1,0.5,2,400.01,2,0,0.0,805.68,0.00,0.0
1489,2025-10-01,0,0,,0,0.00,0,0,,648.83,0.00,0.0
1489,2025-11-01,0,0,,0,0.00,0,0,,455.25,0.00,0.0
1489,2025-12-01,5,3,0.6,3,1883.46,3,0,0.0,2394.25,0.00,0.0
1489,2026-01-01,1,0,0.0,0,0.00,0,0,,1333.55,0.00,0.0
1489,2026-02-01,1,0,0.0,0,0.00,0,0,,870.61,0.00,0.0
1489,2026-03-01,2,1,0.5,1,158.40,1,0,0.0,371.31,0.00,0.0
1489,2026-04-01,1,0,0.0,0,0.00,0,0,,310.30,0.00,0.0
1489,2026-05-01,2,0,0.0,0,0.00,0,0,,253.28,0.00,0.0
1489,2026-06-01,0,0,,0,0.00,0,0,,183.65,0.00,0.0
1490,2025-01-01,3,0,0.0,0,0.00,0,0,,0.00,0.00,
1490,2025-02-01,4,1,0.25,1,302.51,1,1,1.0,345.66,0.00,0.0
1490,2025-03-01,1,1,1.0,0,0.00,0,0,,338.10,0.00,0.0
1490,2025-04-01,7,4,0.5714285714285714,5,1159.76,5,0,0.0,1514.63,0.00,0.0
1490,2025-05-01,0,0,,0,0.00,0,0,,1170.01,0.00,0.0
1490,2025-06-01,5,3,0.6,1,690.37,1,0,0.0,1664.46,220.16,0.13227112697211107
1490,2025-07-01,6,4,0.6666666666666666,2,374.98,2,0,0.0,1676.31,220.41,0.1314852264795891
1490,2025-08-01,10,5,0.5,4,1714.76,4,0,0.0,3042.32,223.97,0.0736181598253964
1490,2025-09-01,4,2,0.5,1,172.59,1,0,0.0,2523.58,230.90,0.09149700029323422
1490,2025-10-01,3,1,0.3333333333333333,1,52.21,1,0,0.0,1522.83,232.18,0.1524661321355634
1490,2025-11-01,4,3,0.75,1,28.56,1,0,0.0,856.62,237.83,0.277637692325652
1490,2025-12-01,3,0,0.0,0,0.00,0,0,,466.28,235.32,0.5046753023934117
1490,2026-01-01,6,2,0.3333333333333333,2,485.56,2,1,0.5,896.85,228.16,0.2544015164185761
1490,2026-02-01,4,1,0.25,1,471.20,1,1,1.0,1352.39,228.30,0.1688122509039552
1490,2026-03-01,7,4,0.5714285714285714,2,898.03,2,0,0.0,2181.25,588.65,0.26986819484240687
1490,2026-04-01,5,4,0.8,6,1694.62,6,0,0.0,3471.12,597.82,0.17222683168545025
1490,2026-05-01,6,4,0.6666666666666666,2,829.59,0,0,,3777.04,974.50,0.2580062694596827
1490,2026-06-01,0,0,,0,0.00,0,0,,2940.43,973.44,0.33105362140911365
1491,2025-01-01,1,1,1.0,1,309.09,1,0,0.0,329.12,0.00,0.0
1491,2025-02-01,1,0,0.0,0,0.00,0,0,,244.69,0.00,0.0
1491,2025-03-01,1,0,0.0,0,0.00,0,0,,159.57,0.00,0.0
1491,2025-04-01,0,0,,0,0.00,0,0,,81.52,0.00,0.0
1491,2025-05-01,0,0,,0,0.00,0,0,,0.00,0.00,
1491,2025-06-01,0,0,,0,0.00,0,0,,0.00,0.00,
1491,2025-07-01,1,0,0.0,0,0.00,0,0,,0.00,0.00,
1491,2025-08-01,1,1,1.0,1,219.14,1,0,0.0,242.96,0.00,0.0
1491,2025-09-01,0,0,,0,0.00,0,0,,166.97,0.00,0.0
1491,2025-10-01,1,1,1.0,0,0.00,0,0,,83.94,0.00,0.0
1491,2025-11-01,0,0,,1,81.77,1,0,0.0,62.21,0.00,0.0
1491,2025-12-01,2,0,0.0,0,0.00,0,0,,43.09,0.00,0.0
1491,2026-01-01,0,0,,0,0.00,0,0,,29.84,0.00,0.0
1491,2026-02-01,1,0,0.0,0,0.00,0,0,,0.00,0.00,
1491,2026-03-01,0,0,,0,0.00,0,0,,0.00,0.00,
1491,2026-04-01,0,0,,0,0.00,0,0,,0.00,0.00,
1491,2026-05-01,0,0,,0,0.00,0,0,,0.00,0.00,
1491,2026-06-01,0,0,,0,0.00,0,0,,0.00,0.00,
1492,2025-03-01,2,0,0.0,0,0.00,0,0,,0.00,0.00,
1492,2025-04-01,1,0,0.0,0,0.00,0,0,,0.00,0.00,
1492,2025-05-01,2,1,0.5,1,205.95,1,0,0.0,218.47,0.00,0.0
1492,2025-06-01,1,1,1.0,1,216.69,1,0,0.0,381.70,0.00,0.0
1492,2025-07-01,0,0,,0,0.00,0,0,,230.71,0.00,0.0
1492,2025-08-01,1,1,1.0,1,1094.18,1,0,0.0,1294.46,0.00,0.0
1492,2025-09-01,2,0,0.0,0,0.00,0,0,,834.30,0.00,0.0
1492,2025-10-01,0,0,,0,0.00,0,0,,419.49,0.00,0.0
1492,2025-11-01,0,0,,0,0.00,0,0,,0.00,0.00,
1492,2025-12-01,2,2,1.0,2,377.38,2,1,0.5,430.50,0.00,0.0
1492,2026-01-01,0,0,,0,0.00,0,0,,375.83,0.00,0.0
1492,2026-02-01,1,0,0.0,0,0.00,0,0,,320.04,0.00,0.0
1492,2026-03-01,0,0,,0,0.00,0,0,,219.06,0.00,0.0
1492,2026-04-01,2,1,0.5,0,0.00,0,0,,180.87,56.04,0.3098357936639575
1492,2026-05-01,1,0,0.0,0,0.00,0,0,,86.57,0.00,0.0
1492,2026-06-01,2,1,0.5,0,0.00,0,0,,0.00,0.00,
1493,2025-01-01,12,6,0.5,5,791.15,5,0,0.0,863.11,0.00,0.0
1493,2025-02-01,6,6,1.0,4,2342.36,4,1,0.25,3237.25,0.00,0.0
1493,2025-03-01,6,4,0.6666666666666666,4,2253.03,4,0,0.0,4850.88,0.00,0.0
1493,2025-04-01,6,3,0.5,3,548.27,3,0,0.0,4442.70,0.00,0.0
1493,2025-05-01,12,9,0.75,5,1888.79,5,0,0.0,4982.28,0.00,0.0
1493,2025-06-01,9,5,0.5555555555555556,4,1339.72,4,0,0.0,5504.90,0.00,0.0
1493,2025-07-01,12,9,0.75,7,1414.13,7,1,0.14285714285714285,5170.55,0.00,0.0
1493,2025-08-01,14,6,0.42857142857142855,7,2401.71,7,0,0.0,6445.71,0.00,0.0
1493,2025-09-01,10,7,0.7,5,1584.16,5,0,0.0,6714.73,217.66,0.03241530188108829
1493,2025-10-01,10,8,0.8,9,2987.83,9,0,0.0,7991.70,218.88,0.027388415481061603
1493,2025-11-01,13,6,0.46153846153846156,5,1831.71,5,1,0.2,7434.17,355.23,0.047783410925496726
1493,2025-12-01,5,0,0.0,0,0.00,0,0,,5323.12,1101.59,0.2069444235711387
1493,2026-01-01,9,8,0.8888888888888888,4,2982.64,4,0,0.0,6276.17,498.07,0.07935890837883613
1493,2026-02-01,2,2,1.0,2,624.16,2,0,0.0,5153.73,498.38,0.09670277643570774
1493,2026-03-01,12,8,0.6666666666666666,7,1934.36,7,1,0.14285714285714285,5253.71,533.22,0.1014939918647965
1493,2026-04-01,8,5,0.625,5,1908.34,5,0,0.0,6031.22,498.49,0.08265160282662545
1493,2026-05-01,9,6,0.6666666666666666,6,1497.78,0,0,,6544.63,1144.16,0.17482424522089102
1493,2026-06-01,9,2,0.2222222222222222,1,331.66,0,0,,5216.58,819.09,0.15701666609157724
1494,2025-02-01,1,0,0.0,0,0.00,0,0,,0.00,0.00,
1494,2025-04-01,3,1,0.3333333333333333,1,487.81,1,0,0.0,547.86,0.00,0.0
1494,2025-05-01,0,0,,0,0.00,0,0,,352.87,0.00,0.0
1494,2025-06-01,3,2,0.6666666666666666,1,410.32,1,0,0.0,617.54,0.00,0.0
1494,2025-07-01,1,1,1.0,1,337.24,1,0,0.0,889.87,0.00,0.0
1494,2025-08-01,0,0,,1,413.02,1,0,0.0,983.14,0.00,0.0
1494,2025-09-01,1,0,0.0,0,0.00,0,0,,556.87,0.00,0.0
1494,2025-10-01,1,1,1.0,1,110.35,1,0,0.0,359.39,0.00,0.0
1494,2025-11-01,3,3,1.0,2,327.66,2,0,0.0,728.30,0.00,0.0
1494,2025-12-01,1,0,0.0,1,418.68,1,0,0.0,744.17,0.00,0.0
1494,2026-01-01,0,0,,0,0.00,0,0,,555.06,0.00,0.0
1494,2026-02-01,0,0,,0,0.00,0,0,,367.48,0.00,0.0
1494,2026-03-01,0,0,,0,0.00,0,0,,203.93,0.00,0.0
1494,2026-04-01,1,1,1.0,1,123.92,1,0,0.0,314.88,0.00,0.0
1494,2026-05-01,1,0,0.0,0,0.00,0,0,,173.46,0.00,0.0
1494,2026-06-01,0,0,,0,0.00,0,0,,46.27,0.00,0.0
1495,2025-02-01,3,2,0.6666666666666666,1,582.09,1,0,0.0,632.64,0.00,0.0
1495,2025-03-01,0,0,,0,0.00,0,0,,515.68,0.00,0.0
1495,2025-04-01,1,0,0.0,0,0.00,0,0,,421.46,0.00,0.0
1495,2025-05-01,0,0,,0,0.00,0,0,,305.40,0.00,0.0
1495,2025-06-01,0,0,,0,0.00,0,0,,201.49,0.00,0.0
1495,2025-07-01,1,1,1.0,0,0.00,0,0,,100.88,0.00,0.0
1495,2025-08-01,0,0,,0,0.00,0,0,,0.00,0.00,
1495,2025-09-01,0,0,,0,0.00,0,0,,0.00,0.00,
1495,2025-10-01,2,0,0.0,0,0.00,0,0,,0.00,0.00,
1495,2025-11-01,0,0,,0,0.00,0,0,,0.00,0.00,
1495,2025-12-01,1,0,0.0,0,0.00,0,0,,0.00,0.00,
1495,2026-01-01,0,0,,0,0.00,0,0,,0.00,0.00,
1495,2026-02-01,1,0,0.0,0,0.00,0,0,,0.00,0.00,
1495,2026-03-01,0,0,,0,0.00,0,0,,0.00,0.00,
1495,2026-04-01,0,0,,0,0.00,0,0,,0.00,0.00,
1495,2026-05-01,1,1,1.0,0,0.00,0,0,,0.00,0.00,
1495,2026-06-01,1,0,0.0,0,0.00,0,0,,0.00,0.00,
1496,2025-01-01,6,6,1.0,6,1572.07,6,0,0.0,1731.25,0.00,0.0
1496,2025-02-01,5,2,0.4,2,571.96,2,0,0.0,1993.44,0.00,0.0
1496,2025-03-01,5,4,0.8,0,0.00,0,0,,1321.63,0.00,0.0
1496,2025-04-01,3,2,0.6666666666666666,2,414.13,2,0,0.0,1236.19,0.00,0.0
1496,2025-05-01,2,0,0.0,0,0.00,0,0,,591.08,0.00,0.0
1496,2025-06-01,3,2,0.6666666666666666,1,695.56,1,0,0.0,1086.28,0.00,0.0
1496,2025-07-01,2,1,0.5,0,0.00,0,0,,564.49,0.00,0.0
1496,2025-08-01,4,1,0.25,1,286.56,1,0,0.0,576.85,0.00,0.0
1496,2025-09-01,6,3,0.5,3,602.15,3,0,0.0,1304.79,0.00,0.0
1496,2025-10-01,8,6,0.75,5,2002.12,5,1,0.2,3007.29,0.00,0.0
1496,2025-11-01,7,5,0.7142857142857143,6,1567.59,6,0,0.0,4307.24,0.00,0.0
1496,2025-12-01,5,4,0.8,4,756.85,4,0,0.0,4352.25,1115.77,0.25636624734332814
1496,2026-01-01,8,4,0.5,3,756.10,3,0,0.0,4118.89,1286.80,0.3124142669505619
1496,2026-02-01,5,3,0.6,2,1167.56,2,0,0.0,4298.17,1185.04,0.2757080338841879
1496,2026-03-01,4,1,0.25,1,66.37,1,0,0.0,3171.35,1066.10,0.3361659860942501
1496,2026-04-01,9,6,0.6666666666666666,4,1392.94,4,0,0.0,4083.51,1082.71,0.2651419979380484
1496,2026-05-01,4,1,0.25,1,96.00,0,0,,3231.34,1222.10,0.37820223189141344
1496,2026-06-01,8,4,0.5,4,1890.08,0,0,,4453.32,1220.77,0.27412582073599023
1497,2025-01-01,1,1,1.0,1,157.69,1,0,0.0,217.22,0.00,0.0
1497,2025-02-01,2,2,1.0,2,595.40,2,0,0.0,854.88,0.00,0.0
1497,2025-03-01,0,0,,0,0.00,0,0,,604.28,0.00,0.0
1497,2025-04-01,0,0,,0,0.00,0,0,,368.14,0.00,0.0
1497,2025-05-01,0,0,,0,0.00,0,0,,338.35,0.00,0.0
1497,2025-06-01,0,0,,0,0.00,0,0,,212.27,0.00,0.0
1497,2025-07-01,0,0,,0,0.00,0,0,,168.97,0.00,0.0
1497,2025-08-01,1,1,1.0,1,205.62,1,0,0.0,313.53,0.00,0.0
1497,2025-09-01,0,0,,0,0.00,0,0,,305.25,0.00,0.0
1497,2025-10-01,1,0,0.0,0,0.00,0,0,,132.43,0.00,0.0
1497,2025-11-01,0,0,,0,0.00,0,0,,98.62,0.00,0.0
1497,2025-12-01,0,0,,0,0.00,0,0,,18.32,0.00,0.0
1497,2026-01-01,3,2,0.6666666666666666,1,934.07,1,0,0.0,1159.19,0.00,0.0
1497,2026-02-01,1,1,1.0,1,305.50,1,0,0.0,1398.39,0.00,0.0
1497,2026-03-01,0,0,,0,0.00,0,0,,966.78,0.00,0.0
1497,2026-04-01,2,1,0.5,1,191.29,1,0,0.0,1199.90,0.00,0.0
1497,2026-05-01,1,1,1.0,1,543.78,0,0,,1575.51,0.00,0.0
1497,2026-06-01,0,0,,0,0.00,0,0,,1316.66,0.00,0.0
1498,2025-05-01,2,1,0.5,0,0.00,0,0,,0.00,0.00,
1498,2025-06-01,2,1,0.5,1,208.94,1,0,0.0,156.67,0.00,0.0
1498,2025-07-01,0,0,,0,0.00,0,0,,165.22,0.00,0.0
1498,2025-08-01,1,1,1.0,1,241.96,1,0,0.0,342.86,0.00,0.0
1498,2025-09-01,0,0,,0,0.00,0,0,,171.54,0.00,0.0
1498,2025-10-01,2,2,1.0,2,411.22,2,0,0.0,513.88,0.00,0.0
1498,2025-11-01,0,0,,0,0.00,0,0,,288.59,0.00,0.0
1498,2025-12-01,0,0,,0,0.00,0,0,,141.90,0.00,0.0
1498,2026-01-01,0,0,,0,0.00,0,0,,0.00,0.00,
1498,2026-02-01,2,0,0.0,0,0.00,0,0,,0.00,0.00,
1498,2026-03-01,0,0,,0,0.00,0,0,,0.00,0.00,
1498,2026-04-01,1,1,1.0,0,0.00,0,0,,0.00,0.00,
1498,2026-05-01,1,0,0.0,1,111.24,0,0,,110.81,0.00,0.0
1498,2026-06-01,0,0,,0,0.00,0,0,,104.36,0.00,0.0
1499,2025-01-01,3,3,1.0,1,382.94,1,0,0.0,421.22,0.00,0.0
1499,2025-02-01,2,0,0.0,2,1308.31,2,0,0.0,1499.73,0.00,0.0
1499,2025-03-01,5,4,0.8,3,975.59,3,1,0.3333333333333333,1850.46,0.00,0.0
1499,2025-04-01,1,0,0.0,0,0.00,0,0,,1636.42,0.00,0.0
1499,2025-05-01,1,0,0.0,0,0.00,0,0,,824.69,213.63,0.25904279183693263
1499,2025-06-01,3,2,0.6666666666666666,1,74.29,1,0,0.0,537.52,70.47,0.13110209852656646
1499,2025-07-01,5,3,0.6,3,1585.94,3,0,0.0,2124.52,0.00,0.0
1499,2025-08-01,6,5,0.8333333333333334,4,1320.45,4,0,0.0,3451.03,0.00,0.0
1499,2025-09-01,3,1,0.3333333333333333,1,523.83,1,0,0.0,2779.29,64.77,0.023304513023110218
1499,2025-10-01,3,1,0.3333333333333333,1,82.69,1,0,0.0,2241.29,0.00,0.0
1499,2025-11-01,1,1,1.0,1,156.51,1,0,0.0,1784.30,512.09,0.2869977021801267
1499,2025-12-01,1,1,1.0,1,833.49,1,1,1.0,1659.01,0.00,0.0
1499,2026-01-01,2,2,1.0,0,0.00,0,0,,1359.65,0.00,0.0
1499,2026-02-01,1,0,0.0,1,155.10,1,0,0.0,1312.37,901.09,0.6866127692647653
1499,2026-03-01,2,2,1.0,2,351.10,2,0,0.0,1328.14,0.00,0.0
1499,2026-04-01,3,1,0.3333333333333333,0,0.00,0,0,,938.34,0.00,0.0
1499,2026-05-01,1,1,1.0,1,355.83,0,0,,1026.64,0.00,0.0
1499,2026-06-01,3,2,0.6666666666666666,2,993.27,0,0,,1739.94,0.00,0.0
1500,2025-02-01,1,1,1.0,1,56.52,1,0,0.0,64.99,0.00,0.0
1500,2025-03-01,0,0,,0,0.00,0,0,,63.57,0.00,0.0
1500,2025-04-01,2,2,1.0,2,786.86,2,0,0.0,912.21,0.00,0.0
1500,2025-05-01,1,1,1.0,1,54.44,1,0,0.0,641.04,0.00,0.0
1500,2025-06-01,1,1,1.0,0,0.00,0,0,,331.75,0.00,0.0
1500,2025-07-01,2,2,1.0,2,956.55,2,0,0.0,1070.55,0.00,0.0
1500,2025-08-01,3,3,1.0,3,1893.47,3,0,0.0,2811.98,0.00,0.0
1500,2025-09-01,0,0,,0,0.00,0,0,,2120.52,0.00,0.0
1500,2025-10-01,1,1,1.0,1,291.41,1,0,0.0,2248.00,0.00,0.0
1500,2025-11-01,1,1,1.0,0,0.00,0,0,,1349.86,0.00,0.0
1500,2025-12-01,2,1,0.5,1,662.99,1,0,0.0,1487.81,0.00,0.0
1500,2026-01-01,3,2,0.6666666666666666,2,738.45,2,0,0.0,1709.18,0.00,0.0
1500,2026-02-01,3,1,0.3333333333333333,0,0.00,0,0,,967.36,0.00,0.0
1500,2026-03-01,2,2,1.0,3,1430.82,3,0,0.0,2356.73,163.79,0.06949883949370526
1500,2026-04-01,2,1,0.5,1,499.59,1,0,0.0,1712.33,475.69,0.2778027599820128
1500,2026-05-01,2,2,1.0,1,173.16,0,0,,1402.20,57.71,0.04115675367279988
1500,2026-06-01,0,0,,1,206.38,0,0,,1167.09,57.64,0.04938779357204672
1501,2025-02-01,2,1,0.5,0,0.00,0,0,,0.00,0.00,
1501,2025-03-01,0,0,,1,459.09,1,0,0.0,476.06,0.00,0.0
1501,2025-04-01,0,0,,0,0.00,0,0,,324.22,0.00,0.0
1501,2025-05-01,0,0,,0,0.00,0,0,,0.00,0.00,
1501,2025-06-01,0,0,,0,0.00,0,0,,0.00,0.00,
1501,2025-07-01,1,0,0.0,0,0.00,0,0,,0.00,0.00,
1501,2025-08-01,0,0,,0,0.00,0,0,,0.00,0.00,
1501,2025-09-01,1,1,1.0,1,282.96,1,0,0.0,311.97,0.00,0.0
1501,2025-10-01,0,0,,0,0.00,0,0,,209.14,0.00,0.0
1501,2025-11-01,1,0,0.0,0,0.00,0,0,,107.11,0.00,0.0
1501,2025-12-01,0,0,,0,0.00,0,0,,0.00,0.00,
1501,2026-01-01,0,0,,0,0.00,0,0,,0.00,0.00,
1501,2026-02-01,1,1,1.0,1,451.79,1,1,1.0,485.48,0.00,0.0
1501,2026-03-01,2,1,0.5,1,321.34,1,1,1.0,835.17,0.00,0.0
1501,2026-04-01,0,0,,0,0.00,0,0,,605.40,0.00,0.0
1501,2026-05-01,1,1,1.0,1,138.51,0,0,,563.47,0.00,0.0
1501,2026-06-01,1,0,0.0,0,0.00,0,0,,417.29,0.00,0.0
1502,2025-04-01,1,1,1.0,1,143.54,1,0,0.0,156.66,0.00,0.0
1502,2025-05-01,0,0,,0,0.00,0,0,,100.90,0.00,0.0
1502,2025-06-01,0,0,,0,0.00,0,0,,49.93,0.00,0.0
1502,2025-07-01,1,0,0.0,0,0.00,0,0,,0.00,0.00,
1502,2025-08-01,0,0,,0,0.00,0,0,,0.00,0.00,
1502,2025-09-01,0,0,,0,0.00,0,0,,0.00,0.00,
1502,2025-10-01,0,0,,0,0.00,0,0,,0.00,0.00,
1502,2025-11-01,0,0,,0,0.00,0,0,,0.00,0.00,
1502,2025-12-01,0,0,,0,0.00,0,0,,0.00,0.00,
1502,2026-01-01,0,0,,0,0.00,0,0,,0.00,0.00,
1502,2026-02-01,0,0,,0,0.00,0,0,,0.00,0.00,
1502,2026-03-01,1,0,0.0,0,0.00,0,0,,0.00,0.00,
1502,2026-04-01,3,1,0.3333333333333333,1,695.28,1,0,0.0,763.81,0.00,0.0
1502,2026-05-01,0,0,,0,0.00,0,0,,529.65,0.00,0.0
1502,2026-06-01,0,0,,0,0.00,0,0,,264.53,0.00,0.0
1503,2025-01-01,1,0,0.0,0,0.00,0,0,,0.00,0.00,
1503,2025-02-01,2,2,1.0,2,580.41,2,0,0.0,620.65,0.00,0.0
1503,2025-03-01,4,3,0.75,2,365.61,2,1,0.5,848.92,0.00,0.0
1503,2025-04-01,3,1,0.3333333333333333,1,281.04,1,0,0.0,887.15,0.00,0.0
1503,2025-05-01,0,0,,0,0.00,0,0,,725.64,173.30,0.23882365911471254
1503,2025-06-01,2,0,0.0,0,0.00,0,0,,455.67,114.33,0.2509052603858055
1503,2025-07-01,1,1,1.0,0,0.00,0,0,,417.49,340.14,0.8147261012239814
1503,2025-08-01,3,2,0.6666666666666666,1,297.41,1,0,0.0,551.86,116.30,0.210741854818251
1503,2025-09-01,0,0,,0,0.00,0,0,,367.22,119.90,0.3265072708458145
1503,2025-10-01,2,1,0.5,1,429.71,1,0,0.0,832.07,120.57,0.1449036739697381
1503,2025-11-01,2,2,1.0,2,595.44,2,0,0.0,1484.51,123.50,0.08319243386706725
1503,2025-12-01,1,0,0.0,0,0.00,0,0,,919.56,122.20,0.13288964287267824
1503,2026-01-01,0,0,,0,0.00,0,0,,510.59,118.48,0.2320452809494898
1503,2026-02-01,0,0,,0,0.00,0,0,,362.91,118.55,0.32666501336419496
1503,2026-03-01,1,1,1.0,0,0.00,0,0,,277.21,116.76,0.42119692651780244
1503,2026-04-01,3,3,1.0,4,1907.36,4,1,0.25,1771.83,118.58,0.06692515647663715
1503,2026-05-01,1,1,1.0,1,163.76,0,0,,1727.16,123.34,0.07141202899557655
1503,2026-06-01,1,0,0.0,0,0.00,0,0,,1313.40,878.75,0.6690650220800974
1504,2025-02-01,3,1,0.3333333333333333,0,0.00,0,0,,0.00,0.00,
1504,2025-03-01,2,1,0.5,2,482.61,2,0,0.0,509.78,0.00,0.0
1504,2025-04-01,5,3,0.6,2,210.31,2,0,0.0,611.85,0.00,0.0
1504,2025-05-01,3,2,0.6666666666666666,0,0.00,0,0,,458.96,0.00,0.0
1504,2025-06-01,5,4,0.8,4,1089.83,4,0,0.0,1512.79,0.00,0.0
1504,2025-07-01,2,2,1.0,2,1056.91,2,0,0.0,2060.05,0.00,0.0
1504,2025-08-01,2,1,0.5,1,123.30,1,0,0.0,1583.14,0.00,0.0
1504,2025-09-01,1,1,1.0,1,101.13,1,0,0.0,1288.62,377.09,0.2926308764414645
1504,2025-10-01,5,3,0.6,2,372.60,2,1,0.5,1226.66,379.20,0.3091321148484502
1504,2025-11-01,1,1,1.0,1,154.77,1,0,0.0,1170.96,388.42,0.3317107330737173
1504,2025-12-01,6,5,0.8333333333333334,4,1066.36,4,2,0.5,2082.55,665.97,0.3197858394756428
1504,2026-01-01,1,0,0.0,0,0.00,0,0,,1802.69,645.70,0.35818693175199284
1504,2026-02-01,0,0,,0,0.00,0,0,,1514.20,1055.96,0.6973715493329811
1504,2026-03-01,3,1,0.3333333333333333,1,103.97,1,0,0.0,1395.15,1039.99,0.7454323907823531
1504,2026-04-01,3,2,0.6666666666666666,2,198.99,2,0,0.0,1518.56,1056.19,0.6955207565061637
1504,2026-05-01,2,1,0.5,0,0.00,0,0,,1377.59,1098.61,0.7974869155554265
1504,2026-06-01,3,0,0.0,0,0.00,0,0,,1220.67,1097.42,0.8990308601014197
1505,2025-01-01,3,0,0.0,0,0.00,0,0,,0.00,0.00,
1505,2025-02-01,2,1,0.5,1,181.88,1,0,0.0,198.41,0.00,0.0
1505,2025-03-01,0,0,,0,0.00,0,0,,194.07,0.00,0.0
1505,2025-04-01,1,0,0.0,0,0.00,0,0,,132.17,0.00,0.0
1505,2025-05-01,7,4,0.5714285714285714,4,1906.48,4,0,0.0,2138.99,0.00,0.0
1505,2025-06-01,3,2,0.6666666666666666,1,107.01,1,0,0.0,1748.76,0.00,0.0
1505,2025-07-01,4,2,0.5,2,413.96,2,0,0.0,1794.66,0.00,0.0
1505,2025-08-01,3,1,0.3333333333333333,1,137.16,1,0,0.0,1324.84,0.00,0.0
1505,2025-09-01,4,2,0.5,2,668.07,2,0,0.0,1803.50,0.00,0.0
1505,2025-10-01,5,2,0.4,2,920.80,2,0,0.0,2222.88,0.00,0.0
1505,2025-11-01,4,3,0.75,3,1265.24,3,0,0.0,2800.07,0.00,0.0
1505,2025-12-01,2,2,1.0,1,187.13,1,0,0.0,2534.46,0.00,0.0
1505,2026-01-01,3,3,1.0,4,3389.71,4,0,0.0,4995.05,0.00,0.0
1505,2026-02-01,1,0,0.0,0,0.00,0,0,,3767.14,843.70,0.22396300641866246
1505,2026-03-01,3,1,0.3333333333333333,1,349.13,1,0,0.0,2036.98,0.00,0.0
1505,2026-04-01,0,0,,0,0.00,0,0,,969.87,0.00,0.0
1505,2026-05-01,4,3,0.75,2,1492.85,0,0,,2445.77,108.55,0.044382750626592034
1505,2026-06-01,3,2,0.6666666666666666,2,391.61,0,0,,2136.49,0.00,0.0
1506,2025-01-01,6,3,0.5,3,1375.60,3,0,0.0,1522.76,0.00,0.0
1506,2025-02-01,0,0,,0,0.00,0,0,,1146.07,0.00,0.0
1506,2025-03-01,5,3,0.6,3,884.91,3,0,0.0,1820.81,0.00,0.0
1506,2025-04-01,2,1,0.5,1,266.08,1,0,0.0,1440.73,0.00,0.0
1506,2025-05-01,3,1,0.3333333333333333,1,82.28,1,1,1.0,878.35,0.00,0.0
1506,2025-06-01,3,3,1.0,3,573.89,3,0,0.0,886.40,122.21,0.13787229241877255
1506,2025-07-01,9,5,0.5555555555555556,3,277.82,3,0,0.0,750.83,0.00,0.0
1506,2025-08-01,4,2,0.5,4,465.89,4,1,0.25,1067.90,0.00,0.0
1506,2025-09-01,4,3,0.75,3,732.27,3,0,0.0,1565.50,0.00,0.0
1506,2025-10-01,3,1,0.3333333333333333,1,200.16,1,0,0.0,1133.19,0.00,0.0
1506,2025-11-01,6,6,1.0,5,1697.40,5,1,0.2,2697.73,0.00,0.0
1506,2025-12-01,7,5,0.7142857142857143,4,1641.28,4,0,0.0,3617.01,0.00,0.0
1506,2026-01-01,5,2,0.4,2,663.43,2,0,0.0,3205.44,85.11,0.026551737047020064
1506,2026-02-01,7,6,0.8571428571428571,3,1433.47,3,0,0.0,3781.29,85.16,0.02252141464949792
1506,2026-03-01,2,0,0.0,1,267.66,1,0,0.0,2777.00,83.87,0.03020165646380987
1506,2026-04-01,4,3,0.75,2,507.84,2,0,0.0,2114.83,85.18,0.04027746911099238
1506,2026-05-01,4,3,0.75,4,1634.10,0,0,,3478.14,88.60,0.025473385200135704
1506,2026-06-01,1,1,1.0,1,413.56,0,0,,2905.26,88.51,0.030465431665324273
1507,2025-01-01,1,1,1.0,0,0.00,0,0,,0.00,0.00,
1507,2025-02-01,0,0,,1,206.28,1,0,0.0,233.19,0.00,0.0
1507,2025-03-01,0,0,,0,0.00,0,0,,190.08,0.00,0.0
1507,2025-04-01,2,2,1.0,2,1237.00,2,0,0.0,1590.55,0.00,0.0
1507,2025-05-01,0,0,,0,0.00,0,0,,1299.36,0.00,0.0
1507,2025-06-01,1,0,0.0,0,0.00,0,0,,1067.61,0.00,0.0
1507,2025-07-01,1,1,1.0,0,0.00,0,0,,994.48,269.36,0.2708551202638565
1507,2025-08-01,2,1,0.5,2,732.06,2,0,0.0,1670.43,273.71,0.16385601312236966
1507,2025-09-01,1,0,0.0,0,0.00,0,0,,1399.31,851.90,0.6088000514539309
1507,2025-10-01,1,0,0.0,0,0.00,0,0,,869.91,283.75,0.32618316837373984
1507,2025-11-01,1,0,0.0,0,0.00,0,0,,449.71,290.65,0.6463053968112784
1507,2025-12-01,1,1,1.0,1,889.06,1,0,0.0,1297.32,287.58,0.22167237073351218
1507,2026-01-01,0,0,,0,0.00,0,0,,1013.10,278.83,0.27522455828644754
1507,2026-02-01,1,0,0.0,0,0.00,0,0,,1013.71,279.00,0.2752266427281964
1507,2026-03-01,1,1,1.0,1,174.85,1,0,0.0,942.23,274.78,0.29162730968022665
1507,2026-04-01,2,0,0.0,0,0.00,0,0,,664.99,279.06,0.4196454082016271
1507,2026-05-01,1,1,1.0,1,280.49,0,0,,767.87,290.27,0.3780197168791592
1507,2026-06-01,1,1,1.0,1,510.88,0,0,,1264.55,289.95,0.22929105215293977
1508,2025-01-01,3,2,0.6666666666666666,2,829.87,2,0,0.0,960.34,0.00,0.0
1508,2025-02-01,1,0,0.0,0,0.00,0,0,,757.28,0.00,0.0
1508,2025-03-01,0,0,,0,0.00,0,0,,550.32,0.00,0.0
1508,2025-04-01,0,0,,0,0.00,0,0,,367.69,0.00,0.0
1508,2025-05-01,1,0,0.0,0,0.00,0,0,,167.34,0.00,0.0
1508,2025-06-01,2,1,0.5,0,0.00,0,0,,144.89,0.00,0.0
1508,2025-07-01,0,0,,0,0.00,0,0,,124.33,0.00,0.0
1508,2025-08-01,1,0,0.0,0,0.00,0,0,,84.21,0.00,0.0
1508,2025-09-01,0,0,,0,0.00,0,0,,86.81,0.00,0.0
1508,2025-10-01,0,0,,0,0.00,0,0,,43.62,0.00,0.0
1508,2025-11-01,1,0,0.0,0,0.00,0,0,,44.69,0.00,0.0
1508,2025-12-01,0,0,,0,0.00,0,0,,22.08,0.00,0.0
1508,2026-01-01,0,0,,0,0.00,0,0,,0.00,0.00,
1508,2026-02-01,1,0,0.0,0,0.00,0,0,,0.00,0.00,
1508,2026-03-01,0,0,,0,0.00,0,0,,0.00,0.00,
1508,2026-04-01,0,0,,0,0.00,0,0,,0.00,0.00,
1508,2026-05-01,0,0,,0,0.00,0,0,,0.00,0.00,
1508,2026-06-01,0,0,,0,0.00,0,0,,0.00,0.00,
1509,2025-02-01,2,1,0.5,1,125.95,1,0,0.0,135.81,0.00,0.0
1509,2025-03-01,3,2,0.6666666666666666,2,1325.65,2,0,0.0,1586.82,0.00,0.0
1509,2025-04-01,1,1,1.0,1,330.71,1,1,1.0,1614.01,0.00,0.0
1509,2025-05-01,4,2,0.5,1,347.06,1,0,0.0,1564.32,0.00,0.0
1509,2025-06-01,2,1,0.5,1,327.44,1,0,0.0,1475.91,341.57,0.2314301007514008
1509,2025-07-01,3,1,0.3333333333333333,0,0.00,0,0,,717.78,0.00,0.0
1509,2025-08-01,6,4,0.6666666666666666,2,246.53,2,0,0.0,277.17,0.00,0.0
1509,2025-09-01,9,5,0.5555555555555556,6,3308.78,6,0,0.0,4133.46,0.00,0.0
1509,2025-10-01,5,3,0.6,1,443.76,1,0,0.0,3591.43,0.00,0.0
1509,2025-11-01,5,1,0.2,1,88.55,1,0,0.0,3052.64,0.00,0.0
1509,2025-12-01,1,0,0.0,0,0.00,0,0,,1856.88,0.00,0.0
1509,2026-01-01,3,1,0.3333333333333333,0,0.00,0,0,,1027.45,0.00,0.0
1509,2026-02-01,3,2,0.6666666666666666,2,388.09,2,0,0.0,1097.78,0.00,0.0
1509,2026-03-01,5,2,0.4,2,229.38,2,0,0.0,1193.77,0.00,0.0
1509,2026-04-01,4,3,0.75,3,791.43,3,1,0.3333333333333333,1828.82,0.00,0.0
1509,2026-05-01,4,2,0.5,1,125.75,0,0,,1642.79,0.00,0.0
1509,2026-06-01,5,2,0.4,3,1190.18,0,0,,2565.44,0.00,0.0
1510,2025-02-01,3,2,0.6666666666666666,2,552.07,2,0,0.0,587.02,0.00,0.0
1510,2025-03-01,0,0,,0,0.00,0,0,,426.75,0.00,0.0
1510,2025-04-01,2,1,0.5,1,397.81,1,0,0.0,694.50,0.00,0.0
1510,2025-05-01,1,0,0.0,0,0.00,0,0,,367.34,0.00,0.0
1510,2025-06-01,2,0,0.0,0,0.00,0,0,,148.28,0.00,0.0
1510,2025-07-01,1,0,0.0,0,0.00,0,0,,0.00,0.00,
1510,2025-08-01,1,1,1.0,1,632.58,1,0,0.0,679.31,0.00,0.0
1510,2025-09-01,2,2,1.0,1,502.09,1,0,0.0,1066.78,0.00,0.0
1510,2025-10-01,1,1,1.0,1,287.18,1,0,0.0,1019.45,0.00,0.0
1510,2025-11-01,1,0,0.0,0,0.00,0,0,,527.01,0.00,0.0
1510,2025-12-01,2,2,1.0,2,753.22,2,0,0.0,1067.58,0.00,0.0
1510,2026-01-01,1,1,1.0,0,0.00,0,0,,625.83,0.00,0.0
1510,2026-02-01,1,1,1.0,1,254.40,1,0,0.0,684.36,0.00,0.0
1510,2026-03-01,0,0,,0,0.00,0,0,,568.92,0.00,0.0
1510,2026-04-01,1,1,1.0,1,192.91,1,0,0.0,375.60,165.14,0.4396698615548455
1510,2026-05-01,5,4,0.8,3,1100.69,0,0,,1424.83,81.80,0.05741035772688672
1510,2026-06-01,1,1,1.0,1,130.78,0,0,,1072.45,0.00,0.0
1511,2025-04-01,1,1,1.0,1,112.51,1,0,0.0,125.60,0.00,0.0
1511,2025-05-01,3,2,0.6666666666666666,2,1217.09,2,0,0.0,1353.97,0.00,0.0
1511,2025-06-01,1,0,0.0,0,0.00,0,0,,940.56,0.00,0.0
1511,2025-07-01,0,0,,0,0.00,0,0,,91.46,0.00,0.0
1511,2025-08-01,0,0,,0,0.00,0,0,,45.94,0.00,0.0
1511,2025-09-01,0,0,,0,0.00,0,0,,0.00,0.00,
1511,2025-10-01,0,0,,0,0.00,0,0,,0.00,0.00,
1511,2025-11-01,0,0,,0,0.00,0,0,,0.00,0.00,
1511,2025-12-01,0,0,,0,0.00,0,0,,0.00,0.00,
1511,2026-01-01,1,0,0.0,0,0.00,0,0,,0.00,0.00,
1511,2026-02-01,0,0,,0,0.00,0,0,,0.00,0.00,
1511,2026-03-01,3,1,0.3333333333333333,1,397.82,1,1,1.0,448.13,0.00,0.0
1511,2026-04-01,1,0,0.0,0,0.00,0,0,,444.12,0.00,0.0
1511,2026-05-01,0,0,,0,0.00,0,0,,439.95,439.95,1.0
1511,2026-06-01,0,0,,0,0.00,0,0,,223.74,0.00,0.0
1512,2025-02-01,1,0,0.0,0,0.00,0,0,,0.00,0.00,
1512,2025-03-01,1,1,1.0,1,174.82,1,0,0.0,194.69,0.00,0.0
1512,2025-04-01,1,0,0.0,0,0.00,0,0,,198.89,0.00,0.0
1512,2025-05-01,0,0,,0,0.00,0,0,,96.06,0.00,0.0
1512,2025-06-01,0,0,,0,0.00,0,0,,47.51,0.00,0.0
1512,2025-07-01,1,1,1.0,1,88.12,1,0,0.0,100.37,0.00,0.0
1512,2025-08-01,1,0,0.0,0,0.00,0,0,,76.48,0.00,0.0
1512,2025-09-01,0,0,,0,0.00,0,0,,52.55,0.00,0.0
1512,2025-10-01,1,1,1.0,1,281.74,1,0,0.0,330.09,0.00,0.0
1512,2025-11-01,0,0,,0,0.00,0,0,,207.38,0.00,0.0
1512,2025-12-01,1,1,1.0,1,244.46,1,0,0.0,375.94,0.00,0.0
1512,2026-01-01,1,0,0.0,0,0.00,0,0,,260.65,0.00,0.0
1512,2026-02-01,1,1,1.0,1,389.78,1,1,1.0,741.24,0.00,0.0
1512,2026-03-01,2,0,0.0,0,0.00,0,0,,686.51,0.00,0.0
1512,2026-04-01,0,0,,0,0.00,0,0,,653.00,564.56,0.8645635528330781
1512,2026-05-01,0,0,,0,0.00,0,0,,633.24,587.24,0.9273577158739182
1512,2026-06-01,1,1,1.0,1,293.83,0,0,,906.98,586.60,0.6467617808551457
1513,2025-01-01,4,3,0.75,3,850.35,3,1,0.3333333333333333,936.59,0.00,0.0
1513,2025-02-01,1,0,0.0,0,0.00,0,0,,857.68,0.00,0.0
1513,2025-03-01,3,1,0.3333333333333333,0,0.00,0,0,,696.05,235.42,0.3382228288197687
1513,2025-04-01,1,1,1.0,2,676.08,2,0,0.0,1408.99,478.19,0.3393849495028354
1513,2025-05-01,3,0,0.0,0,0.00,0,0,,962.34,463.63,0.4817735935324313
1513,2025-06-01,3,2,0.6666666666666666,2,442.77,2,0,0.0,1312.95,490.60,0.37366236338017444
1513,2025-07-01,5,0,0.0,0,0.00,0,0,,1044.56,517.36,0.4952898828214751
1513,2025-08-01,5,3,0.6,3,1010.63,3,0,0.0,1874.72,519.74,0.2772360672527097
1513,2025-09-01,1,1,1.0,0,0.00,0,0,,1338.24,514.63,0.3845573290291726
1513,2025-10-01,6,4,0.6666666666666666,4,1278.09,4,1,0.25,2210.03,488.55,0.22106034759709142
1513,2025-11-01,3,2,0.6666666666666666,2,447.51,2,0,0.0,2173.70,489.04,0.22498044808391224
1513,2025-12-01,3,3,1.0,3,785.01,3,1,0.3333333333333333,2222.48,480.93,0.21639339836578958
1513,2026-01-01,6,3,0.5,0,0.00,0,0,,1548.84,478.99,0.3092572505875365
1513,2026-02-01,3,1,0.3333333333333333,3,917.93,3,0,0.0,2225.08,942.43,0.4235488162223381
1513,2026-03-01,2,1,0.5,0,0.00,0,0,,1235.70,472.75,0.3825766771870195
1513,2026-04-01,1,0,0.0,1,431.15,1,0,0.0,1597.21,468.51,0.2933302446140457
1513,2026-05-01,3,1,0.3333333333333333,0,0.00,0,0,,1340.80,464.11,0.346144093078759
1513,2026-06-01,3,2,0.6666666666666666,2,479.64,0,0,,1781.60,472.05,0.26495846430175124
1514,2025-01-01,1,1,1.0,1,222.40,1,0,0.0,253.97,0.00,0.0
1514,2025-02-01,1,0,0.0,0,0.00,0,0,,188.82,0.00,0.0
1514,2025-03-01,0,0,,0,0.00,0,0,,147.75,0.00,0.0
1514,2025-04-01,2,2,1.0,2,351.57,2,0,0.0,441.88,0.00,0.0
1514,2025-05-01,0,0,,0,0.00,0,0,,244.08,0.00,0.0
1514,2025-06-01,0,0,,0,0.00,0,0,,60.57,0.00,0.0
1514,2025-07-01,1,0,0.0,0,0.00,0,0,,0.00,0.00,
1514,2025-08-01,2,0,0.0,0,0.00,0,0,,0.00,0.00,
1514,2025-09-01,1,1,1.0,1,288.73,1,0,0.0,344.45,0.00,0.0
1514,2025-10-01,2,1,0.5,0,0.00,0,0,,288.64,0.00,0.0
1514,2025-11-01,2,1,0.5,1,67.82,1,0,0.0,313.40,0.00,0.0
1514,2025-12-01,0,0,,0,0.00,0,0,,232.57,0.00,0.0
1514,2026-01-01,2,2,1.0,0,0.00,0,0,,195.99,0.00,0.0
1514,2026-02-01,2,1,0.5,1,435.49,1,0,0.0,553.31,0.00,0.0
1514,2026-03-01,1,1,1.0,1,719.41,1,0,0.0,1079.72,0.00,0.0
1514,2026-04-01,1,0,0.0,0,0.00,0,0,,548.25,0.00,0.0
1514,2026-05-01,0,0,,0,0.00,0,0,,404.47,0.00,0.0
1514,2026-06-01,1,0,0.0,0,0.00,0,0,,202.00,0.00,0.0
1515,2025-02-01,1,1,1.0,0,0.00,0,0,,0.00,0.00,
1515,2025-03-01,0,0,,1,284.04,1,1,1.0,325.83,0.00,0.0
1515,2025-04-01,1,1,1.0,0,0.00,0,0,,332.87,0.00,0.0
1515,2025-05-01,0,0,,1,236.55,1,0,0.0,566.29,321.60,0.5679069028236416
1515,2025-06-01,1,0,0.0,0,0.00,0,0,,479.67,318.24,0.6634561260866846
1515,2025-07-01,2,2,1.0,2,704.73,2,1,0.5,1132.42,318.60,0.28134437752777236
1515,2025-08-01,0,0,,0,0.00,0,0,,1053.05,323.75,0.3074402924837377
1515,2025-09-01,0,0,,0,0.00,0,0,,984.94,582.28,0.5911832192823928
1515,2025-10-01,1,0,0.0,0,0.00,0,0,,663.04,335.62,0.506183638996139
1515,2025-11-01,4,3,0.75,1,329.64,1,0,0.0,1082.41,343.78,0.31760608272281293
1515,2025-12-01,0,0,,1,80.52,1,0,0.0,947.08,340.16,0.35916712421337166
1515,2026-01-01,0,0,,0,0.00,0,0,,630.09,329.81,0.5234331603421734
1515,2026-02-01,0,0,,0,0.00,0,0,,565.97,330.00,0.5830697740162906
1515,2026-03-01,1,0,0.0,0,0.00,0,0,,493.88,325.01,0.6580748359925488
1515,2026-04-01,2,2,1.0,1,62.79,1,0,0.0,479.75,330.08,0.6880250130276185
1515,2026-05-01,1,0,0.0,0,0.00,0,0,,398.70,343.33,0.8611236518685729
1515,2026-06-01,1,0,0.0,0,0.00,0,0,,379.84,342.96,0.9029064869418703
1516,2025-02-01,1,0,0.0,0,0.00,0,0,,0.00,0.00,
1516,2025-03-01,2,1,0.5,1,330.14,1,0,0.0,379.65,0.00,0.0
1516,2025-04-01,1,1,1.0,1,243.78,1,0,0.0,595.58,0.00,0.0
1516,2025-05-01,1,1,1.0,1,267.86,1,0,0.0,805.69,0.00,0.0
1516,2025-06-01,1,1,1.0,1,162.09,1,1,1.0,731.62,0.00,0.0
1516,2025-07-01,0,0,,0,0.00,0,0,,400.12,0.00,0.0
1516,2025-08-01,1,0,0.0,0,0.00,0,0,,184.62,0.00,0.0
1516,2025-09-01,1,1,1.0,1,171.59,1,0,0.0,323.84,125.52,0.387598814229249
1516,2025-10-01,1,0,0.0,0,0.00,0,0,,292.42,126.22,0.431639422748102
1516,2025-11-01,0,0,,0,0.00,0,0,,299.53,129.29,0.4316429072213134
1516,2025-12-01,0,0,,0,0.00,0,0,,229.02,127.92,0.558553838092743
1516,2026-01-01,1,0,0.0,0,0.00,0,0,,222.05,124.03,0.558567890114839
1516,2026-02-01,3,1,0.3333333333333333,1,65.57,1,0,0.0,290.55,222.19,0.7647220788160385
1516,2026-03-01,3,1,0.3333333333333333,1,118.12,1,0,0.0,355.73,122.23,0.3436032946335704
1516,2026-04-01,1,1,1.0,0,0.00,0,0,,293.01,156.88,0.5354083478379578
1516,2026-05-01,1,1,1.0,2,476.77,0,0,,802.03,129.12,0.16099148410907324
1516,2026-06-01,0,0,,0,0.00,0,0,,716.35,152.64,0.2130801982271236
1517,2025-02-01,2,1,0.5,1,522.28,1,0,0.0,612.27,0.00,0.0
1517,2025-03-01,2,2,1.0,2,822.23,2,0,0.0,1253.02,0.00,0.0
1517,2025-04-01,1,1,1.0,1,548.08,1,0,0.0,1658.64,0.00,0.0
1517,2025-05-01,4,3,0.75,0,0.00,0,0,,973.87,0.00,0.0
1517,2025-06-01,1,0,0.0,2,858.13,2,0,0.0,1685.53,0.00,0.0
1517,2025-07-01,1,0,0.0,0,0.00,0,0,,1238.86,432.80,0.3493534378380124
1517,2025-08-01,2,1,0.5,1,299.35,1,0,0.0,1152.23,434.78,0.3773378578929554
1517,2025-09-01,0,0,,0,0.00,0,0,,899.90,430.51,0.4783975997333037
1517,2025-10-01,1,1,1.0,1,171.55,1,0,0.0,904.91,408.70,0.45164712512846583
1517,2025-11-01,0,0,,0,0.00,0,0,,742.78,645.30,0.868763294649829
1517,2025-12-01,0,0,,0,0.00,0,0,,498.18,402.32,0.8075795897065318
1517,2026-01-01,0,0,,0,0.00,0,0,,448.43,400.69,0.8935396828936512
1517,2026-02-01,2,1,0.5,1,175.97,1,0,0.0,580.52,391.39,0.6742058843795218
1517,2026-03-01,1,1,1.0,1,168.47,1,0,0.0,724.13,395.47,0.5461312195324044
1517,2026-04-01,1,0,0.0,0,0.00,0,0,,621.28,391.93,0.630842776203966
1517,2026-05-01,2,1,0.5,0,0.00,0,0,,519.97,388.25,0.7466776929438237
1517,2026-06-01,0,0,,1,305.48,0,0,,837.26,394.89,0.47164560590497573
1518,2025-04-01,2,1,0.5,0,0.00,0,0,,0.00,0.00,
1518,2025-05-01,1,1,1.0,0,0.00,0,0,,0.00,0.00,
1518,2025-06-01,1,0,0.0,1,74.38,1,0,0.0,54.21,0.00,0.0
1518,2025-07-01,0,0,,0,0.00,0,0,,27.12,0.00,0.0
1518,2025-08-01,0,0,,0,0.00,0,0,,0.00,0.00,
1518,2025-09-01,0,0,,0,0.00,0,0,,0.00,0.00,
1518,2025-10-01,0,0,,0,0.00,0,0,,0.00,0.00,
1518,2025-11-01,0,0,,0,0.00,0,0,,0.00,0.00,
1518,2025-12-01,0,0,,0,0.00,0,0,,0.00,0.00,
1518,2026-01-01,0,0,,0,0.00,0,0,,0.00,0.00,
1518,2026-02-01,0,0,,0,0.00,0,0,,0.00,0.00,
1518,2026-03-01,0,0,,0,0.00,0,0,,0.00,0.00,
1518,2026-04-01,1,1,1.0,1,295.00,1,0,0.0,383.58,0.00,0.0
1518,2026-05-01,0,0,,0,0.00,0,0,,365.74,0.00,0.0
1518,2026-06-01,0,0,,0,0.00,0,0,,332.14,0.00,0.0
1519,2025-02-01,3,2,0.6666666666666666,2,270.69,2,0,0.0,300.86,0.00,0.0
1519,2025-03-01,2,2,1.0,2,739.21,2,0,0.0,1012.27,0.00,0.0
1519,2025-04-01,2,1,0.5,1,28.37,1,0,0.0,1010.15,0.00,0.0
1519,2025-05-01,2,0,0.0,0,0.00,0,0,,600.55,0.00,0.0
1519,2025-06-01,4,1,0.25,1,136.48,1,0,0.0,581.17,0.00,0.0
1519,2025-07-01,2,1,0.5,1,305.83,1,0,0.0,785.69,0.00,0.0
1519,2025-08-01,0,0,,0,0.00,0,0,,504.83,0.00,0.0
1519,2025-09-01,3,1,0.3333333333333333,1,473.22,1,0,0.0,1098.57,0.00,0.0
1519,2025-10-01,4,1,0.25,1,410.21,1,0,0.0,1332.97,0.00,0.0
1519,2025-11-01,3,1,0.3333333333333333,1,235.17,1,0,0.0,1396.61,0.00,0.0
1519,2025-12-01,1,1,1.0,1,331.39,1,1,1.0,1442.83,0.00,0.0
1519,2026-01-01,4,1,0.25,1,256.89,1,0,0.0,1551.63,0.00,0.0
1519,2026-02-01,2,0,0.0,0,0.00,0,0,,1231.44,370.02,0.30047748976807637
1519,2026-03-01,1,0,0.0,0,0.00,0,0,,728.71,0.00,0.0
1519,2026-04-01,4,2,0.5,2,319.00,2,0,0.0,795.86,0.00,0.0
1519,2026-05-01,3,1,0.3333333333333333,1,158.20,0,0,,871.29,141.86,0.16281605435618454
1519,2026-06-01,3,2,0.6666666666666666,2,807.78,0,0,,1564.55,141.70,0.09056917324470294
1520,2025-01-01,1,0,0.0,0,0.00,0,0,,0.00,0.00,
1520,2025-02-01,1,1,1.0,1,123.76,1,0,0.0,132.80,0.00,0.0
1520,2025-03-01,0,0,,0,0.00,0,0,,86.61,0.00,0.0
1520,2025-04-01,0,0,,0,0.00,0,0,,44.25,0.00,0.0
1520,2025-05-01,0,0,,0,0.00,0,0,,0.00,0.00,
1520,2025-06-01,1,0,0.0,0,0.00,0,0,,0.00,0.00,
1520,2025-07-01,0,0,,0,0.00,0,0,,0.00,0.00,
1520,2025-08-01,0,0,,0,0.00,0,0,,0.00,0.00,
1520,2025-09-01,0,0,,0,0.00,0,0,,0.00,0.00,
1520,2025-10-01,1,0,0.0,0,0.00,0,0,,0.00,0.00,
1520,2025-11-01,0,0,,0,0.00,0,0,,0.00,0.00,
1520,2025-12-01,0,0,,0,0.00,0,0,,0.00,0.00,
1520,2026-01-01,0,0,,0,0.00,0,0,,0.00,0.00,
1520,2026-02-01,1,1,1.0,0,0.00,0,0,,0.00,0.00,
1520,2026-03-01,1,1,1.0,1,263.23,1,0,0.0,273.82,0.00,0.0
1520,2026-04-01,0,0,,0,0.00,0,0,,92.71,0.00,0.0
1520,2026-05-01,0,0,,0,0.00,0,0,,0.00,0.00,
1520,2026-06-01,1,1,1.0,1,182.46,0,0,,212.34,0.00,0.0
1521,2025-01-01,4,2,0.5,2,562.69,2,1,0.5,616.08,0.00,0.0
1521,2025-02-01,6,3,0.5,2,429.49,2,0,0.0,964.29,0.00,0.0
1521,2025-03-01,3,2,0.6666666666666666,3,811.78,3,1,0.3333333333333333,1608.47,0.00,0.0
1521,2025-04-01,4,1,0.25,1,444.39,1,0,0.0,1684.53,0.00,0.0
1521,2025-05-01,4,4,1.0,3,472.13,3,1,0.3333333333333333,1770.65,324.63,0.18333945161381413
1521,2025-06-01,4,3,0.75,3,1156.45,3,0,0.0,2585.33,214.15,0.08283275249194494
1521,2025-07-01,2,0,0.0,0,0.00,0,0,,1720.42,0.00,0.0
1521,2025-08-01,4,2,0.5,1,282.07,1,0,0.0,1655.86,0.00,0.0
1521,2025-09-01,6,4,0.6666666666666666,4,1943.36,4,0,0.0,3335.63,0.00,0.0
1521,2025-10-01,3,1,0.3333333333333333,1,130.18,1,0,0.0,2730.58,95.83,0.035095107999033176
1521,2025-11-01,4,3,0.75,3,901.63,3,0,0.0,2958.25,0.00,0.0
1521,2025-12-01,9,4,0.4444444444444444,2,555.18,2,0,0.0,2610.58,292.83,0.11217047552651134
1521,2026-01-01,8,2,0.25,3,796.21,3,0,0.0,2369.73,283.92,0.11981111772227217
1521,2026-02-01,3,2,0.6666666666666666,2,402.04,2,0,0.0,2077.57,284.09,0.13674148163479447
1521,2026-03-01,8,5,0.625,5,1113.37,5,0,0.0,2444.20,371.06,0.15181245397267001
1521,2026-04-01,4,3,0.75,3,1309.27,3,0,0.0,3266.34,376.84,0.11537072074554393
1521,2026-05-01,7,5,0.7142857142857143,5,1936.20,0,0,,4616.96,391.97,0.08489785486553923
1521,2026-06-01,2,0,0.0,0,0.00,0,0,,3189.50,465.30,0.145884934942781
1522,2025-01-01,2,1,0.5,1,161.77,1,0,0.0,170.20,0.00,0.0
1522,2025-02-01,2,1,0.5,1,28.49,1,0,0.0,199.44,0.00,0.0
1522,2025-03-01,2,1,0.5,1,579.25,1,0,0.0,777.84,0.00,0.0
1522,2025-04-01,1,0,0.0,0,0.00,0,0,,711.35,0.00,0.0
1522,2025-05-01,1,1,1.0,0,0.00,0,0,,534.04,81.45,0.15251666541832073
1522,2025-06-01,0,0,,0,0.00,0,0,,412.85,80.60,0.19522829114690562
1522,2025-07-01,0,0,,0,0.00,0,0,,297.51,80.69,0.2712177741924641
1522,2025-08-01,0,0,,0,0.00,0,0,,192.15,82.00,0.42674993494665625
1522,2025-09-01,0,0,,0,0.00,0,0,,129.95,84.53,0.650480954213159
1522,2025-10-01,2,2,1.0,2,518.48,2,0,0.0,650.77,85.00,0.13061450281973663
1522,2025-11-01,0,0,,0,0.00,0,0,,510.37,87.07,0.17060172032055174
1522,2025-12-01,0,0,,0,0.00,0,0,,395.32,86.15,0.21792471921481332
1522,2026-01-01,0,0,,0,0.00,0,0,,189.87,83.53,0.4399325854532048
1522,2026-02-01,1,0,0.0,0,0.00,0,0,,83.58,83.58,1.0
1522,2026-03-01,2,0,0.0,0,0.00,0,0,,82.32,82.32,1.0
1522,2026-04-01,0,0,,0,0.00,0,0,,83.60,83.60,1.0
1522,2026-05-01,2,2,1.0,2,496.61,0,0,,708.43,86.96,0.12275030701692474
1522,2026-06-01,1,1,1.0,1,225.79,0,0,,872.49,86.86,0.09955414961776066
1523,2025-03-01,1,1,1.0,1,206.53,1,0,0.0,297.01,0.00,0.0
1523,2025-04-01,0,0,,0,0.00,0,0,,278.14,0.00,0.0
1523,2025-05-01,0,0,,0,0.00,0,0,,244.29,0.00,0.0
1523,2025-06-01,1,1,1.0,1,365.13,1,0,0.0,620.84,0.00,0.0
1523,2025-07-01,1,1,1.0,1,127.86,1,0,0.0,611.92,0.00,0.0
1523,2025-08-01,0,0,,0,0.00,0,0,,298.44,0.00,0.0
1523,2025-09-01,0,0,,0,0.00,0,0,,256.28,0.00,0.0
1523,2025-10-01,1,0,0.0,0,0.00,0,0,,180.52,0.00,0.0
1523,2025-11-01,1,1,1.0,1,509.54,1,0,0.0,718.95,0.00,0.0
1523,2025-12-01,0,0,,0,0.00,0,0,,520.27,0.00,0.0
1523,2026-01-01,0,0,,0,0.00,0,0,,319.12,0.00,0.0
1523,2026-02-01,0,0,,0,0.00,0,0,,159.66,0.00,0.0
1523,2026-03-01,1,1,1.0,1,513.82,1,0,0.0,562.59,0.00,0.0
1523,2026-04-01,0,0,,0,0.00,0,0,,380.91,0.00,0.0
1523,2026-05-01,1,1,1.0,1,458.15,0,0,,678.21,0.00,0.0
1523,2026-06-01,1,1,1.0,1,285.28,0,0,,629.73,0.00,0.0
1524,2025-01-01,1,1,1.0,0,0.00,0,0,,0.00,0.00,
1524,2025-02-01,0,0,,1,297.07,1,0,0.0,320.02,0.00,0.0
1524,2025-03-01,1,1,1.0,0,0.00,0,0,,81.20,0.00,0.0
1524,2025-04-01,1,0,0.0,0,0.00,0,0,,82.20,0.00,0.0
1524,2025-05-01,2,1,0.5,0,0.00,0,0,,0.00,0.00,
1524,2025-06-01,1,0,0.0,0,0.00,0,0,,0.00,0.00,
1524,2025-07-01,1,1,1.0,1,69.60,1,0,0.0,74.42,0.00,0.0
1524,2025-08-01,0,0,,0,0.00,0,0,,74.76,0.00,0.0
1524,2025-09-01,1,0,0.0,0,0.00,0,0,,49.35,0.00,0.0
1524,2025-10-01,0,0,,0,0.00,0,0,,0.00,0.00,
1524,2025-11-01,2,2,1.0,2,446.78,2,0,0.0,510.06,0.00,0.0
1524,2025-12-01,0,0,,0,0.00,0,0,,286.39,0.00,0.0
1524,2026-01-01,1,0,0.0,0,0.00,0,0,,245.66,0.00,0.0
1524,2026-02-01,1,1,1.0,1,307.65,1,0,0.0,419.65,0.00,0.0
1524,2026-03-01,1,0,0.0,0,0.00,0,0,,337.55,0.00,0.0
1524,2026-04-01,0,0,,0,0.00,0,0,,124.41,0.00,0.0
1524,2026-05-01,2,2,1.0,1,105.46,0,0,,191.73,0.00,0.0
1524,2026-06-01,2,0,0.0,0,0.00,0,0,,158.79,0.00,0.0
1525,2025-01-01,1,1,1.0,1,519.86,1,0,0.0,587.42,0.00,0.0
1525,2025-02-01,1,0,0.0,0,0.00,0,0,,582.28,0.00,0.0
1525,2025-03-01,1,1,1.0,1,319.73,1,0,0.0,634.06,0.00,0.0
1525,2025-04-01,1,1,1.0,0,0.00,0,0,,528.81,0.00,0.0
1525,2025-05-01,0,0,,0,0.00,0,0,,255.45,0.00,0.0
1525,2025-06-01,1,0,0.0,0,0.00,0,0,,139.09,139.09,1.0
1525,2025-07-01,1,0,0.0,0,0.00,0,0,,0.00,0.00,
1525,2025-08-01,0,0,,0,0.00,0,0,,0.00,0.00,
1525,2025-09-01,1,1,1.0,0,0.00,0,0,,0.00,0.00,
1525,2025-10-01,3,1,0.3333333333333333,1,280.33,1,0,0.0,305.94,0.00,0.0
1525,2025-11-01,0,0,,0,0.00,0,0,,208.93,0.00,0.0
1525,2025-12-01,0,0,,0,0.00,0,0,,103.37,0.00,0.0
1525,2026-01-01,3,3,1.0,3,669.89,3,0,0.0,726.44,0.00,0.0
1525,2026-02-01,0,0,,0,0.00,0,0,,547.27,0.00,0.0
1525,2026-03-01,1,0,0.0,0,0.00,0,0,,192.88,0.00,0.0
1525,2026-04-01,2,2,1.0,2,257.73,2,1,0.5,378.58,0.00,0.0
1525,2026-05-01,1,0,0.0,0,0.00,0,0,,296.87,0.00,0.0
1525,2026-06-01,2,2,1.0,2,914.93,0,0,,1244.12,184.45,0.14825740282287883
1526,2025-01-01,5,3,0.6,3,888.09,3,0,0.0,1011.68,0.00,0.0
1526,2025-02-01,4,3,0.75,2,669.67,2,1,0.5,1503.04,0.00,0.0
1526,2025-03-01,1,0,0.0,0,0.00,0,0,,1275.15,0.00,0.0
1526,2025-04-01,3,1,0.3333333333333333,1,300.30,1,0,0.0,1419.11,494.68,0.34858467631120915
1526,2025-05-01,2,2,1.0,2,974.47,2,0,0.0,1980.32,359.71,0.18164236083057284
1526,2025-06-01,2,2,1.0,2,585.51,2,0,0.0,2083.04,253.76,0.12182195253091635
1526,2025-07-01,2,1,0.5,1,186.68,1,0,0.0,1336.89,0.00,0.0
1526,2025-08-01,1,1,1.0,1,567.59,1,0,0.0,1577.84,0.00,0.0
1526,2025-09-01,2,2,1.0,2,390.97,2,0,0.0,1492.68,113.90,0.0763057051745853
1526,2025-10-01,0,0,,0,0.00,0,0,,610.97,0.00,0.0
1526,2025-11-01,5,4,0.8,2,598.98,2,0,0.0,1052.56,0.00,0.0
1526,2025-12-01,2,1,0.5,0,0.00,0,0,,541.88,0.00,0.0
1526,2026-01-01,2,0,0.0,1,131.88,1,0,0.0,554.00,0.00,0.0
1526,2026-02-01,4,3,0.75,2,781.37,2,0,0.0,1073.99,0.00,0.0
1526,2026-03-01,2,2,1.0,1,52.30,1,0,0.0,605.19,0.00,0.0
1526,2026-04-01,3,3,1.0,3,504.83,3,0,0.0,1063.28,0.00,0.0
1526,2026-05-01,6,3,0.5,2,381.38,0,0,,1150.89,0.00,0.0
1526,2026-06-01,1,0,0.0,0,0.00,0,0,,741.11,0.00,0.0
1527,2025-01-01,3,0,0.0,0,0.00,0,0,,0.00,0.00,
1527,2025-02-01,2,1,0.5,1,225.72,1,0,0.0,246.75,0.00,0.0
1527,2025-03-01,1,1,1.0,1,170.67,1,0,0.0,346.40,0.00,0.0
1527,2025-04-01,0,0,,0,0.00,0,0,,266.15,0.00,0.0
1527,2025-05-01,3,2,0.6666666666666666,1,538.86,1,0,0.0,744.75,0.00,0.0
1527,2025-06-01,0,0,,0,0.00,0,0,,579.41,0.00,0.0
1527,2025-07-01,1,1,1.0,1,151.82,1,0,0.0,553.67,0.00,0.0
1527,2025-08-01,1,1,1.0,1,199.61,1,0,0.0,500.30,0.00,0.0
1527,2025-09-01,0,0,,0,0.00,0,0,,72.49,0.00,0.0
1527,2025-10-01,0,0,,0,0.00,0,0,,68.82,0.00,0.0
1527,2025-11-01,0,0,,0,0.00,0,0,,0.00,0.00,
1527,2025-12-01,0,0,,0,0.00,0,0,,0.00,0.00,
1527,2026-01-01,0,0,,0,0.00,0,0,,0.00,0.00,
1527,2026-02-01,2,2,1.0,1,143.32,1,0,0.0,162.04,0.00,0.0
1527,2026-03-01,1,1,1.0,2,745.54,2,0,0.0,932.41,0.00,0.0
1527,2026-04-01,0,0,,0,0.00,0,0,,439.33,0.00,0.0
1527,2026-05-01,1,1,1.0,1,325.13,0,0,,492.07,0.00,0.0
1527,2026-06-01,3,1,0.3333333333333333,0,0.00,0,0,,368.19,0.00,0.0
1528,2025-02-01,1,1,1.0,1,161.56,1,0,0.0,180.91,0.00,0.0
1528,2025-03-01,1,1,1.0,1,1289.85,1,0,0.0,1591.46,0.00,0.0
1528,2025-04-01,2,1,0.5,1,417.96,1,0,0.0,1875.17,0.00,0.0
1528,2025-05-01,1,0,0.0,0,0.00,0,0,,1091.37,0.00,0.0
1528,2025-06-01,1,1,1.0,1,371.36,1,0,0.0,1019.19,0.00,0.0
1528,2025-07-01,0,0,,0,0.00,0,0,,442.16,0.00,0.0
1528,2025-08-01,0,0,,0,0.00,0,0,,381.87,0.00,0.0
1528,2025-09-01,0,0,,0,0.00,0,0,,354.32,0.00,0.0
1528,2025-10-01,0,0,,0,0.00,0,0,,316.71,0.00,0.0
1528,2025-11-01,1,1,1.0,1,195.94,1,0,0.0,513.03,0.00,0.0
1528,2025-12-01,2,2,1.0,2,234.07,2,0,0.0,679.38,0.00,0.0
1528,2026-01-01,1,1,1.0,1,424.27,1,1,1.0,999.38,0.00,0.0
1528,2026-02-01,0,0,,0,0.00,0,0,,850.22,0.00,0.0
1528,2026-03-01,0,0,,0,0.00,0,0,,649.57,0.00,0.0
1528,2026-04-01,3,2,0.6666666666666666,0,0.00,0,0,,482.59,0.00,0.0
1528,2026-05-01,1,0,0.0,0,0.00,0,0,,340.26,0.00,0.0
1528,2026-06-01,1,0,0.0,0,0.00,0,0,,297.39,0.00,0.0
1529,2025-01-01,1,1,1.0,1,128.40,1,0,0.0,136.41,0.00,0.0
1529,2025-02-01,0,0,,0,0.00,0,0,,90.14,0.00,0.0
1529,2025-03-01,1,1,1.0,1,227.19,1,0,0.0,336.11,0.00,0.0
1529,2025-04-01,3,2,0.6666666666666666,2,602.57,2,0,0.0,969.70,90.07,0.09288439723625863
1529,2025-05-01,0,0,,0,0.00,0,0,,704.77,43.50,0.06172226400102161
1529,2025-06-01,0,0,,0,0.00,0,0,,533.72,0.00,0.0
1529,2025-07-01,0,0,,0,0.00,0,0,,340.09,0.00,0.0
1529,2025-08-01,0,0,,0,0.00,0,0,,257.91,0.00,0.0
1529,2025-09-01,0,0,,0,0.00,0,0,,118.68,0.00,0.0
1529,2025-10-01,1,0,0.0,0,0.00,0,0,,0.00,0.00,
1529,2025-11-01,1,1,1.0,1,225.27,1,0,0.0,240.30,0.00,0.0
1529,2025-12-01,1,1,1.0,1,572.04,1,0,0.0,803.93,0.00,0.0
1529,2026-01-01,0,0,,0,0.00,0,0,,623.01,0.00,0.0
1529,2026-02-01,1,1,1.0,1,243.90,1,0,0.0,660.40,0.00,0.0
1529,2026-03-01,1,0,0.0,0,0.00,0,0,,508.10,0.00,0.0
1529,2026-04-01,2,0,0.0,0,0.00,0,0,,291.80,0.00,0.0
1529,2026-05-01,0,0,,0,0.00,0,0,,233.17,162.84,0.6983745764892568
1529,2026-06-01,4,1,0.25,1,541.66,0,0,,759.12,162.67,0.21428759616397933
1530,2025-06-01,1,1,1.0,1,248.75,1,0,0.0,273.00,0.00,0.0
1530,2025-07-01,0,0,,0,0.00,0,0,,204.97,0.00,0.0
1530,2025-08-01,0,0,,0,0.00,0,0,,138.85,0.00,0.0
1530,2025-09-01,0,0,,0,0.00,0,0,,71.56,0.00,0.0
1530,2025-10-01,1,1,1.0,0,0.00,0,0,,0.00,0.00,
1530,2025-11-01,0,0,,0,0.00,0,0,,0.00,0.00,
1530,2025-12-01,2,2,1.0,2,460.81,2,0,0.0,497.04,0.00,0.0
1530,2026-01-01,1,1,1.0,1,238.63,1,0,0.0,574.48,0.00,0.0
1530,2026-02-01,0,0,,0,0.00,0,0,,234.60,0.00,0.0
1530,2026-03-01,1,1,1.0,1,503.05,1,1,1.0,720.95,0.00,0.0
1530,2026-04-01,0,0,,0,0.00,0,0,,574.88,0.00,0.0
1530,2026-05-01,0,0,,0,0.00,0,0,,597.97,597.97,1.0
1530,2026-06-01,0,0,,0,0.00,0,0,,597.32,597.32,1.0
1531,2025-01-01,2,1,0.5,1,167.20,1,0,0.0,232.30,0.00,0.0
1531,2025-02-01,0,0,,0,0.00,0,0,,211.07,0.00,0.0
1531,2025-03-01,2,2,1.0,1,124.38,1,0,0.0,321.91,0.00,0.0
1531,2025-04-01,4,2,0.5,3,813.39,3,1,0.3333333333333333,1201.90,0.00,0.0
1531,2025-05-01,0,0,,0,0.00,0,0,,865.72,0.00,0.0
1531,2025-06-01,0,0,,0,0.00,0,0,,484.98,0.00,0.0
1531,2025-07-01,2,0,0.0,0,0.00,0,0,,230.73,0.00,0.0
1531,2025-08-01,1,1,1.0,1,43.49,1,0,0.0,200.69,0.00,0.0
1531,2025-09-01,2,1,0.5,0,0.00,0,0,,144.95,0.00,0.0
1531,2025-10-01,1,1,1.0,1,313.16,1,0,0.0,455.54,0.00,0.0
1531,2025-11-01,1,0,0.0,1,100.64,1,0,0.0,456.46,79.23,0.17357490251062527
1531,2025-12-01,3,2,0.6666666666666666,1,424.39,1,0,0.0,561.13,0.00,0.0
1531,2026-01-01,3,2,0.6666666666666666,2,321.06,2,1,0.5,742.51,0.00,0.0
1531,2026-02-01,0,0,,0,0.00,0,0,,471.07,0.00,0.0
1531,2026-03-01,1,1,1.0,1,885.22,1,0,0.0,1187.67,91.68,0.07719315971608275
1531,2026-04-01,2,2,1.0,0,0.00,0,0,,916.37,93.11,0.10160742931348692
1531,2026-05-01,0,0,,1,141.08,0,0,,930.62,96.85,0.10407040467645225
1531,2026-06-01,2,0,0.0,0,0.00,0,0,,587.47,96.74,0.16467223858239569
1532,2025-01-01,1,1,1.0,1,242.08,1,0,0.0,258.99,0.00,0.0
1532,2025-02-01,0,0,,0,0.00,0,0,,168.27,0.00,0.0
1532,2025-03-01,0,0,,0,0.00,0,0,,85.39,0.00,0.0
1532,2025-04-01,3,0,0.0,0,0.00,0,0,,0.00,0.00,
1532,2025-05-01,0,0,,0,0.00,0,0,,0.00,0.00,
1532,2025-06-01,1,0,0.0,0,0.00,0,0,,0.00,0.00,
1532,2025-07-01,2,1,0.5,1,246.77,1,0,0.0,312.75,0.00,0.0
1532,2025-08-01,0,0,,0,0.00,0,0,,288.00,0.00,0.0
1532,2025-09-01,1,0,0.0,0,0.00,0,0,,285.17,0.00,0.0
1532,2025-10-01,0,0,,0,0.00,0,0,,196.88,0.00,0.0
1532,2025-11-01,0,0,,0,0.00,0,0,,197.08,0.00,0.0
1532,2025-12-01,3,3,1.0,1,612.91,1,0,0.0,884.52,0.00,0.0
1532,2026-01-01,1,1,1.0,2,853.65,2,0,0.0,1817.67,0.00,0.0
1532,2026-02-01,0,0,,0,0.00,0,0,,1353.69,0.00,0.0
1532,2026-03-01,1,1,1.0,1,110.58,1,0,0.0,1139.85,0.00,0.0
1532,2026-04-01,0,0,,0,0.00,0,0,,843.62,0.00,0.0
1532,2026-05-01,2,2,1.0,0,0.00,0,0,,669.89,0.00,0.0
1532,2026-06-01,0,0,,1,427.26,0,0,,902.81,71.33,0.0790088722987118
1533,2025-01-01,1,1,1.0,1,640.63,1,1,1.0,915.88,0.00,0.0
1533,2025-02-01,2,1,0.5,0,0.00,0,0,,907.86,0.00,0.0
1533,2025-03-01,1,1,1.0,1,161.37,1,0,0.0,826.32,0.00,0.0
1533,2025-04-01,0,0,,1,209.11,1,0,0.0,1018.50,0.00,0.0
1533,2025-05-01,1,0,0.0,0,0.00,0,0,,943.77,0.00,0.0
1533,2025-06-01,0,0,,0,0.00,0,0,,667.56,0.00,0.0
1533,2025-07-01,0,0,,0,0.00,0,0,,553.73,0.00,0.0
1533,2025-08-01,1,0,0.0,0,0.00,0,0,,448.62,0.00,0.0
1533,2025-09-01,0,0,,0,0.00,0,0,,303.11,0.00,0.0
1533,2025-10-01,0,0,,0,0.00,0,0,,228.57,0.00,0.0
1533,2025-11-01,0,0,,0,0.00,0,0,,234.12,0.00,0.0
1533,2025-12-01,1,1,1.0,1,364.15,1,0,0.0,480.08,0.00,0.0
1533,2026-01-01,1,0,0.0,0,0.00,0,0,,130.23,0.00,0.0
1533,2026-02-01,1,0,0.0,0,0.00,0,0,,130.31,0.00,0.0
1533,2026-03-01,1,1,1.0,1,169.01,1,0,0.0,183.49,0.00,0.0
1533,2026-04-01,0,0,,0,0.00,0,0,,124.23,0.00,0.0
1533,2026-05-01,0,0,,0,0.00,0,0,,0.00,0.00,
1533,2026-06-01,0,0,,0,0.00,0,0,,0.00,0.00,
1534,2025-02-01,2,1,0.5,1,193.32,1,0,0.0,212.48,0.00,0.0
1534,2025-03-01,1,1,1.0,1,315.56,1,1,1.0,506.92,0.00,0.0
1534,2025-04-01,2,0,0.0,0,0.00,0,0,,464.78,0.00,0.0
1534,2025-05-01,3,2,0.6666666666666666,2,1961.22,2,0,0.0,2473.17,0.00,0.0
1534,2025-06-01,1,1,1.0,1,99.81,1,1,1.0,1942.20,0.00,0.0
1534,2025-07-01,1,0,0.0,0,0.00,0,0,,1444.04,0.00,0.0
1534,2025-08-01,1,1,1.0,1,177.24,1,0,0.0,1531.56,0.00,0.0
1534,2025-09-01,1,0,0.0,0,0.00,0,0,,1476.27,1295.60,0.8776172380391121
1534,2025-10-01,0,0,,0,0.00,0,0,,1139.19,977.13,0.8577410265188423
1534,2025-11-01,2,0,0.0,0,0.00,0,0,,1114.03,1061.11,0.9524967909302262
1534,2025-12-01,1,0,0.0,0,0.00,0,0,,1049.93,1049.93,1.0
1534,2026-01-01,0,0,,0,0.00,0,0,,1017.98,1017.98,1.0
1534,2026-02-01,0,0,,0,0.00,0,0,,1018.59,1018.59,1.0
1534,2026-03-01,7,2,0.2857142857142857,1,150.55,1,0,0.0,1160.99,1003.19,0.8640815166366635
1534,2026-04-01,1,0,0.0,1,312.85,1,0,0.0,1492.25,1018.82,0.6827408276093149
1534,2026-05-01,0,0,,0,0.00,0,0,,1433.07,1059.74,0.7394893480430126
1534,2026-06-01,1,1,1.0,1,330.21,0,0,,1790.78,1058.58,0.5911278884061694
1535,2025-05-01,1,0,0.0,0,0.00,0,0,,0.00,0.00,
1535,2025-08-01,1,1,1.0,1,288.36,1,0,0.0,315.79,0.00,0.0
1535,2025-09-01,1,0,0.0,0,0.00,0,0,,217.03,0.00,0.0
1535,2025-10-01,1,0,0.0,0,0.00,0,0,,109.11,0.00,0.0
1535,2025-11-01,0,0,,0,0.00,0,0,,0.00,0.00,
1535,2025-12-01,1,0,0.0,0,0.00,0,0,,0.00,0.00,
1535,2026-01-01,0,0,,0,0.00,0,0,,0.00,0.00,
1535,2026-02-01,1,0,0.0,0,0.00,0,0,,0.00,0.00,
1535,2026-03-01,0,0,,0,0.00,0,0,,0.00,0.00,
1535,2026-04-01,0,0,,0,0.00,0,0,,0.00,0.00,
1535,2026-05-01,2,1,0.5,0,0.00,0,0,,0.00,0.00,
1535,2026-06-01,2,0,0.0,0,0.00,0,0,,0.00,0.00,
1536,2025-01-01,7,6,0.8571428571428571,4,2151.71,4,0,0.0,2326.69,0.00,0.0
1536,2025-02-01,5,2,0.4,3,1501.61,3,1,0.3333333333333333,3328.09,0.00,0.0
1536,2025-03-01,3,2,0.6666666666666666,1,189.34,1,0,0.0,2498.56,0.00,0.0
1536,2025-04-01,4,0,0.0,1,147.36,1,0,0.0,1199.70,249.12,0.20765191297824456
1536,2025-05-01,6,5,0.8333333333333334,5,1437.28,5,1,0.2,2391.56,240.69,0.10064142233521216
1536,2025-06-01,6,3,0.5,3,897.98,3,0,0.0,2866.51,238.18,0.08309058750885222
1536,2025-07-01,6,4,0.6666666666666666,3,530.41,3,0,0.0,2587.94,238.45,0.09213892130420334
1536,2025-08-01,4,2,0.5,2,411.62,2,0,0.0,2405.70,242.30,0.10071912541048345
1536,2025-09-01,4,2,0.5,2,625.79,2,0,0.0,2195.30,249.79,0.11378399307611714
1536,2025-10-01,4,2,0.5,1,112.42,1,0,0.0,1533.11,251.18,0.16383690667988599
1536,2025-11-01,5,4,0.8,5,1103.59,5,0,0.0,2150.15,466.97,0.21718019673046066
1536,2025-12-01,9,7,0.7777777777777778,6,1013.38,6,0,0.0,2511.37,254.58,0.10137096485185378
1536,2026-01-01,10,4,0.4,2,370.22,2,0,0.0,2218.43,246.83,0.11126337094251341
1536,2026-02-01,5,3,0.6,3,900.39,3,0,0.0,2623.68,246.98,0.0941349554823759
1536,2026-03-01,8,4,0.5,2,187.95,2,0,0.0,2104.65,243.25,0.11557741192122205
1536,2026-04-01,4,1,0.25,2,167.32,2,0,0.0,1803.71,247.04,0.13696215023479383
1536,2026-05-01,7,3,0.42857142857142855,2,532.99,0,0,,1917.28,284.56,0.14841859300675958
1536,2026-06-01,3,3,1.0,3,562.01,0,0,,1908.65,256.68,0.1344824876221413
1537,2025-01-01,1,0,0.0,0,0.00,0,0,,0.00,0.00,
1537,2025-03-01,1,0,0.0,0,0.00,0,0,,0.00,0.00,
1537,2025-05-01,1,1,1.0,0,0.00,0,0,,0.00,0.00,
1537,2025-08-01,1,0,0.0,0,0.00,0,0,,0.00,0.00,
1537,2025-09-01,2,2,1.0,2,406.14,2,0,0.0,447.04,0.00,0.0
1537,2025-10-01,4,2,0.5,2,654.94,2,0,0.0,1050.26,0.00,0.0
1537,2025-11-01,0,0,,0,0.00,0,0,,777.02,0.00,0.0
1537,2025-12-01,1,1,1.0,1,295.06,1,0,0.0,800.43,0.00,0.0
1537,2026-01-01,0,0,,0,0.00,0,0,,426.94,0.00,0.0
1537,2026-02-01,0,0,,0,0.00,0,0,,244.94,0.00,0.0
1537,2026-03-01,3,1,0.3333333333333333,0,0.00,0,0,,73.61,0.00,0.0
1537,2026-04-01,1,0,0.0,0,0.00,0,0,,72.95,0.00,0.0
1537,2026-05-01,1,1,1.0,1,242.23,0,0,,365.08,72.27,0.19795661224937
1537,2026-06-01,1,0,0.0,0,0.00,0,0,,297.82,0.00,0.0
1538,2025-03-01,2,0,0.0,0,0.00,0,0,,0.00,0.00,
1538,2025-04-01,1,0,0.0,0,0.00,0,0,,0.00,0.00,
1538,2025-05-01,1,1,1.0,1,210.43,1,0,0.0,254.43,0.00,0.0
1538,2025-06-01,0,0,,0,0.00,0,0,,209.81,0.00,0.0
1538,2025-07-01,1,0,0.0,0,0.00,0,0,,184.83,0.00,0.0
1538,2025-08-01,0,0,,0,0.00,0,0,,128.04,0.00,0.0
1538,2025-09-01,1,1,1.0,1,484.25,1,0,0.0,575.06,0.00,0.0
1538,2025-10-01,2,2,1.0,2,288.53,2,0,0.0,796.98,0.00,0.0
1538,2025-11-01,1,1,1.0,0,0.00,0,0,,567.71,0.00,0.0
1538,2025-12-01,2,0,0.0,1,111.22,1,0,0.0,546.86,0.00,0.0
1538,2026-01-01,0,0,,0,0.00,0,0,,359.53,0.00,0.0
1538,2026-02-01,2,1,0.5,1,771.78,1,0,0.0,1278.68,0.00,0.0
1538,2026-03-01,0,0,,0,0.00,0,0,,1125.97,152.25,0.13521674644972778
1538,2026-04-01,0,0,,0,0.00,0,0,,1007.25,0.00,0.0
1538,2026-05-01,1,1,1.0,0,0.00,0,0,,923.85,0.00,0.0
1538,2026-06-01,1,1,1.0,1,934.13,0,0,,1775.39,0.00,0.0
1539,2025-01-01,4,3,0.75,1,261.07,1,1,1.0,306.97,0.00,0.0
1539,2025-02-01,0,0,,0,0.00,0,0,,304.29,0.00,0.0
1539,2025-03-01,0,0,,0,0.00,0,0,,297.63,297.63,1.0
1539,2025-04-01,1,1,1.0,1,576.45,1,0,0.0,889.87,0.00,0.0
1539,2025-05-01,3,1,0.3333333333333333,0,0.00,0,0,,700.14,0.00,0.0
1539,2025-06-01,1,1,1.0,2,664.32,2,0,0.0,1268.86,0.00,0.0
1539,2025-07-01,2,1,0.5,1,140.38,1,0,0.0,990.10,0.00,0.0
1539,2025-08-01,1,1,1.0,1,545.84,1,0,0.0,1246.52,49.31,0.03955812983345634
1539,2025-09-01,1,1,1.0,1,610.70,1,0,0.0,1163.17,0.00,0.0
1539,2025-10-01,4,1,0.25,1,280.74,1,0,0.0,1190.99,0.00,0.0
1539,2025-11-01,4,3,0.75,2,344.28,2,0,0.0,1137.22,0.00,0.0
1539,2025-12-01,0,0,,1,209.71,1,0,0.0,1040.11,326.84,0.31423599426983684
1539,2026-01-01,0,0,,0,0.00,0,0,,392.78,158.47,0.4034574061815775
1539,2026-02-01,2,2,1.0,1,183.92,1,0,0.0,248.42,0.00,0.0
1539,2026-03-01,1,1,1.0,1,220.02,1,0,0.0,507.63,0.00,0.0
1539,2026-04-01,1,0,0.0,0,0.00,0,0,,463.88,0.00,0.0
1539,2026-05-01,8,4,0.5,2,1427.93,0,0,,2048.41,0.00,0.0
1539,2026-06-01,2,1,0.5,3,1284.79,0,0,,2701.35,0.00,0.0
1540,2025-01-01,2,1,0.5,0,0.00,0,0,,0.00,0.00,
1540,2025-02-01,1,1,1.0,1,346.98,1,0,0.0,353.07,0.00,0.0
1540,2025-03-01,2,1,0.5,1,373.58,1,0,0.0,513.19,0.00,0.0
1540,2025-04-01,1,0,0.0,0,0.00,0,0,,386.63,0.00,0.0
1540,2025-05-01,0,0,,0,0.00,0,0,,128.81,0.00,0.0
1540,2025-06-01,0,0,,0,0.00,0,0,,0.00,0.00,
1540,2025-07-01,0,0,,0,0.00,0,0,,0.00,0.00,
1540,2025-08-01,1,0,0.0,0,0.00,0,0,,0.00,0.00,
1540,2025-09-01,3,1,0.3333333333333333,1,623.97,1,0,0.0,687.55,0.00,0.0
1540,2025-10-01,0,0,,0,0.00,0,0,,489.54,0.00,0.0
1540,2025-11-01,1,1,1.0,1,359.58,1,0,0.0,703.61,0.00,0.0
1540,2025-12-01,0,0,,0,0.00,0,0,,444.83,0.00,0.0
1540,2026-01-01,2,0,0.0,0,0.00,0,0,,123.06,0.00,0.0
1540,2026-02-01,1,1,1.0,1,210.03,1,0,0.0,238.25,0.00,0.0
1540,2026-03-01,2,1,0.5,1,254.59,1,0,0.0,527.03,0.00,0.0
1540,2026-04-01,0,0,,0,0.00,0,0,,434.06,0.00,0.0
1540,2026-05-01,1,1,1.0,1,135.06,0,0,,488.24,0.00,0.0
1540,2026-06-01,0,0,,0,0.00,0,0,,387.10,0.00,0.0
1541,2025-01-01,5,2,0.4,1,129.54,1,0,0.0,174.20,0.00,0.0
1541,2025-02-01,5,3,0.6,3,488.89,3,2,0.6666666666666666,702.21,0.00,0.0
1541,2025-03-01,2,1,0.5,0,0.00,0,0,,676.16,0.00,0.0
1541,2025-04-01,3,3,1.0,3,1518.11,3,0,0.0,2308.41,304.30,0.1318223365866549
1541,2025-05-01,4,2,0.5,3,841.65,3,0,0.0,2531.75,141.16,0.05575590006912215
1541,2025-06-01,3,1,0.3333333333333333,1,631.05,1,1,1.0,2399.50,139.69,0.05821629506147114
1541,2025-07-01,4,3,0.75,1,350.22,1,0,0.0,2138.59,139.85,0.06539355369659448
1541,2025-08-01,3,1,0.3333333333333333,1,300.99,1,0,0.0,1889.38,923.75,0.48891699922725973
1541,2025-09-01,3,2,0.6666666666666666,2,492.18,2,0,0.0,2372.24,952.32,0.4014433615485786
1541,2025-10-01,1,0,0.0,0,0.00,0,0,,1963.07,957.63,0.48782264514255735
1541,2025-11-01,1,0,0.0,0,0.00,0,0,,1594.99,980.92,0.6150007210076552
1541,2025-12-01,0,0,,0,0.00,0,0,,1496.62,970.58,0.6485146530181343
1541,2026-01-01,0,0,,0,0.00,0,0,,1381.62,941.04,0.6811134754852999
1541,2026-02-01,4,0,0.0,0,0.00,0,0,,1327.34,941.61,0.709396236081185
1541,2026-03-01,3,1,0.3333333333333333,1,172.20,1,0,0.0,1406.73,927.37,0.6592380911759897
1541,2026-04-01,1,1,1.0,1,250.56,1,0,0.0,1615.74,941.82,0.5829031898696573
1541,2026-05-01,2,2,1.0,1,473.84,0,0,,2097.39,979.65,0.46708051435355374
1541,2026-06-01,1,1,1.0,1,948.40,0,0,,2985.22,978.58,0.32780833573404977
1542,2025-01-01,1,1,1.0,0,0.00,0,0,,0.00,0.00,
1542,2025-02-01,3,2,0.6666666666666666,2,357.45,2,0,0.0,379.06,0.00,0.0
1542,2025-03-01,2,1,0.5,1,324.38,1,0,0.0,600.66,0.00,0.0
1542,2025-04-01,2,1,0.5,1,287.54,1,0,0.0,804.60,0.00,0.0
1542,2025-05-01,0,0,,0,0.00,0,0,,550.98,0.00,0.0
1542,2025-06-01,2,1,0.5,0,0.00,0,0,,408.07,0.00,0.0
1542,2025-07-01,2,1,0.5,2,428.23,2,0,0.0,737.05,0.00,0.0
1542,2025-08-01,2,0,0.0,0,0.00,0,0,,584.46,0.00,0.0
1542,2025-09-01,2,1,0.5,1,124.91,1,0,0.0,461.82,0.00,0.0
1542,2025-10-01,2,1,0.5,1,303.70,1,0,0.0,638.27,0.00,0.0
1542,2025-11-01,1,0,0.0,0,0.00,0,0,,533.61,0.00,0.0
1542,2025-12-01,2,1,0.5,1,329.84,1,0,0.0,844.93,0.00,0.0
1542,2026-01-01,3,2,0.6666666666666666,2,577.95,2,0,0.0,1013.64,0.00,0.0
1542,2026-02-01,0,0,,0,0.00,0,0,,760.67,0.00,0.0
1542,2026-03-01,1,1,1.0,1,284.07,1,0,0.0,729.12,0.00,0.0
1542,2026-04-01,2,1,0.5,0,0.00,0,0,,510.01,0.00,0.0
1542,2026-05-01,1,1,1.0,2,715.24,0,0,,946.96,0.00,0.0
1542,2026-06-01,2,1,0.5,1,329.38,0,0,,983.39,0.00,0.0
1543,2025-01-01,2,1,0.5,1,486.75,1,0,0.0,533.02,0.00,0.0
1543,2025-02-01,2,1,0.5,1,83.60,1,1,1.0,439.58,0.00,0.0
1543,2025-03-01,3,1,0.3333333333333333,1,139.51,1,0,0.0,418.29,0.00,0.0
1543,2025-04-01,5,3,0.6,2,677.81,2,0,0.0,702.11,87.28,0.12431100539801455
1543,2025-05-01,1,0,0.0,1,205.92,1,0,0.0,804.80,56.23,0.0698682902584493
1543,2025-06-01,4,1,0.25,1,150.13,1,0,0.0,693.44,55.64,0.08023765574526995
1543,2025-07-01,1,1,1.0,1,411.65,1,0,0.0,1049.33,55.70,0.05308149009367883
1543,2025-08-01,2,1,0.5,0,0.00,0,0,,653.42,56.60,0.0866211624988522
1543,2025-09-01,8,5,0.625,3,967.65,3,1,0.3333333333333333,1536.64,58.35,0.03797245939192003
1543,2025-10-01,2,2,1.0,3,875.29,3,0,0.0,2237.81,58.68,0.026222065322793267
1543,2025-11-01,4,3,0.75,2,748.10,2,0,0.0,2686.33,60.10,0.022372530552836025
1543,2025-12-01,0,0,,0,0.00,0,0,,1759.99,59.47,0.03378996471570861
1543,2026-01-01,3,2,0.6666666666666666,2,454.72,2,0,0.0,1519.65,57.66,0.037942947389201453
1543,2026-02-01,3,2,0.6666666666666666,2,774.70,2,0,0.0,1922.45,127.66,0.06640484798044162
1543,2026-03-01,3,2,0.6666666666666666,2,474.73,2,0,0.0,1985.31,420.77,0.2119417118737124
1543,2026-04-01,1,1,1.0,1,277.55,1,0,0.0,1748.59,395.02,0.22590773137213413
1543,2026-05-01,4,3,0.75,2,506.86,0,0,,1880.60,108.55,0.057720940125491865
1543,2026-06-01,6,4,0.6666666666666666,5,1928.08,0,0,,3763.34,108.43,0.028812172166214057
1544,2025-01-01,1,1,1.0,0,0.00,0,0,,0.00,0.00,
1544,2025-02-01,1,1,1.0,1,161.07,1,0,0.0,171.58,0.00,0.0
1544,2025-03-01,1,1,1.0,0,0.00,0,0,,55.96,0.00,0.0
1544,2025-04-01,1,0,0.0,0,0.00,0,0,,57.17,0.00,0.0
1544,2025-05-01,1,1,1.0,1,174.18,1,0,0.0,185.00,0.00,0.0
1544,2025-06-01,1,1,1.0,1,62.17,1,0,0.0,195.58,0.00,0.0
1544,2025-07-01,0,0,,0,0.00,0,0,,61.33,0.00,0.0
1544,2025-08-01,0,0,,0,0.00,0,0,,49.85,0.00,0.0
1544,2025-09-01,1,1,1.0,1,1111.08,1,1,1.0,1267.28,0.00,0.0
1544,2025-10-01,0,0,,0,0.00,0,0,,1261.42,0.00,0.0
1544,2025-11-01,0,0,,0,0.00,0,0,,843.76,0.00,0.0
1544,2025-12-01,1,0,0.0,0,0.00,0,0,,0.00,0.00,
1544,2026-01-01,1,1,1.0,1,135.11,1,0,0.0,150.95,0.00,0.0
1544,2026-02-01,0,0,,0,0.00,0,0,,151.04,0.00,0.0
1544,2026-03-01,0,0,,0,0.00,0,0,,111.56,0.00,0.0
1544,2026-04-01,0,0,,0,0.00,0,0,,75.54,0.00,0.0
1544,2026-05-01,1,1,1.0,0,0.00,0,0,,39.28,0.00,0.0
1544,2026-06-01,0,0,,1,432.55,0,0,,512.44,39.24,0.07657481851533837
1545,2025-01-01,43,17,0.3953488372093023,11,2447.22,11,4,0.36363636363636365,2866.10,0.00,0.0
1545,2025-02-01,41,19,0.4634146341463415,18,4382.33,18,2,0.1111111111111111,6990.83,0.00,0.0
1545,2025-03-01,39,21,0.5384615384615384,21,4944.86,21,1,0.047619047619047616,11212.46,860.36,0.07673249224523433
1545,2025-04-01,54,38,0.7037037037037037,28,12506.78,28,2,0.07142857142857142,21483.28,626.18,0.02914731828659311
1545,2025-05-01,34,17,0.5,14,4564.68,14,0,0.0,19670.46,725.14,0.036864414965384645
1545,2025-06-01,40,25,0.625,19,6116.05,19,3,0.15789473684210525,21047.49,2497.83,0.11867590862378363
1545,2025-07-01,46,25,0.5434782608695652,25,6988.58,25,2,0.08,21249.45,2031.50,0.09560247441698491
1545,2025-08-01,35,22,0.6285714285714286,20,5600.79,20,4,0.2,22170.37,3727.00,0.16810725305892504
1545,2025-09-01,37,21,0.5675675675675675,20,6413.82,20,0,0.0,23267.32,3469.95,0.14913406443028246
1545,2025-10-01,43,21,0.4883720930232558,14,4412.14,14,3,0.21428571428571427,20897.25,3735.26,0.1787440931223008
1545,2025-11-01,37,19,0.5135135135135135,21,5748.23,21,2,0.09523809523809523,21992.42,3208.33,0.14588344529615205
1545,2025-12-01,32,21,0.65625,18,6541.80,18,2,0.1111111111111111,23612.01,3456.92,0.14640515568136725
1545,2026-01-01,37,23,0.6216216216216216,16,3851.93,16,0,0.0,22535.55,4384.87,0.19457568153428695
1545,2026-02-01,37,19,0.5135135135135135,18,6444.43,18,1,0.05555555555555555,23017.71,4413.38,0.19173844835129125
1545,2026-03-01,34,22,0.6470588235294118,18,8969.96,18,2,0.1111111111111111,27242.96,3944.34,0.14478382672073814
1545,2026-04-01,56,26,0.4642857142857143,21,7606.76,21,2,0.09523809523809523,29393.66,4741.87,0.16132288391442237
1545,2026-05-01,35,21,0.6,20,5902.13,0,0,,28580.05,6943.36,0.24294429156002176
1545,2026-06-01,36,21,0.5833333333333334,15,5123.56,0,0,,26248.90,5413.55,0.2062391185916362
1546,2025-02-01,2,0,0.0,0,0.00,0,0,,0.00,0.00,
1546,2025-03-01,3,1,0.3333333333333333,1,91.89,1,0,0.0,102.12,0.00,0.0
1546,2025-04-01,1,1,1.0,1,112.62,1,0,0.0,170.80,0.00,0.0
1546,2025-05-01,3,2,0.6666666666666666,2,1438.30,2,0,0.0,1708.43,0.00,0.0
1546,2025-06-01,1,0,0.0,0,0.00,0,0,,1197.64,0.00,0.0
1546,2025-07-01,3,1,0.3333333333333333,0,0.00,0,0,,689.09,0.00,0.0
1546,2025-08-01,2,0,0.0,0,0.00,0,0,,91.04,0.00,0.0
1546,2025-09-01,3,1,0.3333333333333333,1,232.97,1,0,0.0,288.01,0.00,0.0
1546,2025-10-01,2,2,1.0,1,392.75,1,0,0.0,596.85,0.00,0.0
1546,2025-11-01,0,0,,0,0.00,0,0,,398.30,0.00,0.0
1546,2025-12-01,7,5,0.7142857142857143,2,224.81,2,0,0.0,481.01,0.00,0.0
1546,2026-01-01,1,0,0.0,0,0.00,0,0,,256.56,0.00,0.0
1546,2026-02-01,2,1,0.5,1,383.18,1,0,0.0,657.64,0.00,0.0
1546,2026-03-01,2,2,1.0,2,1322.83,2,1,0.5,1963.99,0.00,0.0
1546,2026-04-01,0,0,,0,0.00,0,0,,1658.37,0.00,0.0
1546,2026-05-01,3,3,1.0,2,136.32,0,0,,1717.93,1235.69,0.719290075847095
1546,2026-06-01,1,1,1.0,1,158.69,0,0,,1748.10,1256.83,0.7189691665236543
1547,2025-04-01,1,1,1.0,1,61.52,1,0,0.0,68.70,0.00,0.0
1547,2025-05-01,3,2,0.6666666666666666,2,426.17,2,0,0.0,543.89,0.00,0.0
1547,2025-06-01,2,1,0.5,1,276.55,1,0,0.0,735.52,0.00,0.0
1547,2025-07-01,0,0,,0,0.00,0,0,,545.84,0.00,0.0
1547,2025-08-01,0,0,,0,0.00,0,0,,359.99,0.00,0.0
1547,2025-09-01,1,1,1.0,1,336.39,1,0,0.0,581.43,0.00,0.0
1547,2025-10-01,0,0,,0,0.00,0,0,,291.83,0.00,0.0
1547,2025-11-01,1,1,1.0,1,222.37,1,0,0.0,380.69,0.00,0.0
1547,2025-12-01,0,0,,0,0.00,0,0,,210.05,0.00,0.0
1547,2026-01-01,0,0,,0,0.00,0,0,,162.93,0.00,0.0
1547,2026-02-01,2,1,0.5,1,90.13,1,0,0.0,217.28,0.00,0.0
1547,2026-03-01,1,1,1.0,1,452.79,1,0,0.0,622.80,0.00,0.0
1547,2026-04-01,0,0,,0,0.00,0,0,,462.54,0.00,0.0
1547,2026-05-01,0,0,,0,0.00,0,0,,169.08,0.00,0.0
1547,2026-06-01,1,0,0.0,0,0.00,0,0,,0.00,0.00,
1548,2025-01-01,1,1,1.0,1,89.85,1,0,0.0,99.10,0.00,0.0
1548,2025-02-01,0,0,,0,0.00,0,0,,81.86,0.00,0.0
1548,2025-03-01,3,1,0.3333333333333333,1,444.26,1,0,0.0,553.88,0.00,0.0
1548,2025-04-01,1,0,0.0,0,0.00,0,0,,382.67,0.00,0.0
1548,2025-05-01,4,2,0.5,2,823.78,2,0,0.0,1096.01,0.00,0.0
1548,2025-06-01,7,3,0.42857142857142855,2,1424.91,2,0,0.0,2232.40,0.00,0.0
1548,2025-07-01,1,1,1.0,1,376.78,1,0,0.0,1853.12,0.00,0.0
1548,2025-08-01,0,0,,0,0.00,0,0,,1055.01,0.00,0.0
1548,2025-09-01,2,2,1.0,1,222.40,1,0,0.0,568.01,0.00,0.0
1548,2025-10-01,2,0,0.0,0,0.00,0,0,,337.51,0.00,0.0
1548,2025-11-01,0,0,,0,0.00,0,0,,172.49,0.00,0.0
1548,2025-12-01,4,1,0.25,1,504.85,1,0,0.0,604.66,0.00,0.0
1548,2026-01-01,2,1,0.5,1,745.02,1,0,0.0,1238.59,0.00,0.0
1548,2026-02-01,1,1,1.0,1,574.26,1,0,0.0,1559.84,0.00,0.0
1548,2026-03-01,2,1,0.5,0,0.00,0,0,,527.11,0.00,0.0
1548,2026-04-01,3,1,0.3333333333333333,1,118.71,1,0,0.0,465.67,0.00,0.0
1548,2026-05-01,3,3,1.0,3,1458.64,0,0,,1777.62,0.00,0.0
1548,2026-06-01,3,3,1.0,2,781.41,0,0,,2290.41,0.00,0.0
1549,2025-02-01,1,0,0.0,0,0.00,0,0,,0.00,0.00,
1549,2025-03-01,3,1,0.3333333333333333,1,308.73,1,0,0.0,348.55,0.00,0.0
1549,2025-04-01,4,2,0.5,2,335.80,2,0,0.0,675.00,0.00,0.0
1549,2025-05-01,2,1,0.5,1,736.81,1,0,0.0,1288.26,0.00,0.0
1549,2025-06-01,2,1,0.5,1,254.44,1,0,0.0,1281.05,0.00,0.0
1549,2025-07-01,2,1,0.5,0,0.00,0,0,,933.76,143.92,0.15412954078135707
1549,2025-08-01,1,0,0.0,0,0.00,0,0,,512.33,144.58,0.2822009251849394
1549,2025-09-01,0,0,,0,0.00,0,0,,250.95,143.16,0.5704722056186492
1549,2025-10-01,2,1,0.5,1,279.39,1,0,0.0,437.89,135.91,0.31037475164995776
1549,2025-11-01,2,2,1.0,2,271.40,2,0,0.0,580.43,136.04,0.23437796116672124
1549,2025-12-01,2,2,1.0,1,1069.51,1,0,0.0,1695.45,133.79,0.07891120351529092
1549,2026-01-01,2,0,0.0,0,0.00,0,0,,1374.88,133.25,0.09691754916792737
1549,2026-02-01,1,1,1.0,1,191.51,1,0,0.0,1208.74,130.15,0.10767410692125685
1549,2026-03-01,1,1,1.0,1,139.90,1,0,0.0,1044.19,131.51,0.12594451201409704
1549,2026-04-01,3,3,1.0,2,815.01,2,0,0.0,1671.14,130.33,0.07798867838720873
1549,2026-05-01,1,1,1.0,0,0.00,0,0,,962.75,129.11,0.13410542716177618
1549,2026-06-01,1,1,1.0,2,225.88,0,0,,769.57,131.32,0.17064074743038318
1550,2025-01-01,14,6,0.42857142857142855,3,698.46,3,0,0.0,787.16,0.00,0.0
1550,2025-02-01,20,12,0.6,11,5685.01,11,0,0.0,6769.04,0.00,0.0
1550,2025-03-01,23,12,0.5217391304347826,8,1861.36,8,0,0.0,6281.19,0.00,0.0
1550,2025-04-01,14,11,0.7857142857142857,10,4451.34,10,2,0.2,9685.84,0.00,0.0
1550,2025-05-01,15,8,0.5333333333333333,8,1750.71,8,2,0.25,7462.97,149.70,0.020059038157730767
1550,2025-06-01,20,13,0.65,10,2436.55,10,2,0.2,7231.76,453.09,0.06265279821233005
1550,2025-07-01,18,13,0.7222222222222222,14,4948.06,14,0,0.0,10339.53,106.00,0.01025191667319501
1550,2025-08-01,15,9,0.6,8,4036.85,8,0,0.0,12298.09,635.14,0.05164541810964141
1550,2025-09-01,23,12,0.5217391304347826,10,2859.06,10,0,0.0,11691.75,197.88,0.0169247546346783
1550,2025-10-01,14,9,0.6428571428571429,9,2697.04,9,0,0.0,11533.77,476.27,0.041293523279898936
1550,2025-11-01,18,8,0.4444444444444444,6,1440.95,6,1,0.16666666666666666,10017.29,348.79,0.0348187982977432
1550,2025-12-01,16,10,0.625,9,4765.44,9,0,0.0,11924.86,363.92,0.030517758699053908
1550,2026-01-01,14,9,0.6428571428571429,7,1537.36,7,0,0.0,9704.96,818.45,0.08433316572144554
1550,2026-02-01,20,13,0.65,9,3219.95,9,0,0.0,9656.43,334.81,0.034672233941529115
1550,2026-03-01,16,11,0.6875,10,3909.14,10,0,0.0,10013.88,442.60,0.04419865227064835
1550,2026-04-01,19,8,0.42105263157894735,6,1517.99,6,1,0.16666666666666666,9063.51,517.66,0.057114738109187276
1550,2026-05-01,14,9,0.6428571428571429,8,2092.91,0,0,,8166.83,845.21,0.10349303218017272
1550,2026-06-01,27,14,0.5185185185185185,12,4031.72,0,0,,10207.05,1084.35,0.10623539612326774
1551,2025-01-01,7,4,0.5714285714285714,3,1193.43,3,0,0.0,1317.74,0.00,0.0
1551,2025-02-01,4,2,0.5,2,353.05,2,0,0.0,1302.94,0.00,0.0
1551,2025-03-01,6,4,0.6666666666666666,4,514.62,4,0,0.0,1581.64,0.00,0.0
1551,2025-04-01,2,2,1.0,2,966.49,2,0,0.0,2331.63,281.86,0.12088538919125247
1551,2025-05-01,10,6,0.6,5,1246.42,5,1,0.2,3103.88,273.28,0.08804464090106576
1551,2025-06-01,6,2,0.3333333333333333,2,1201.74,2,0,0.0,3752.22,289.18,0.07706904179392467
1551,2025-07-01,7,4,0.5714285714285714,3,621.75,3,0,0.0,3577.37,785.71,0.2196334178460713
1551,2025-08-01,4,2,0.5,1,454.03,1,0,0.0,3073.63,306.35,0.09967042226943386
1551,2025-09-01,13,6,0.46153846153846156,4,1482.51,4,0,0.0,3661.61,462.75,0.12637883335472647
1551,2025-10-01,5,5,1.0,5,1926.54,5,1,0.2,4408.70,287.97,0.06531857463651418
1551,2025-11-01,3,1,0.3333333333333333,1,524.61,1,0,0.0,4050.30,288.26,0.07117003678739846
1551,2025-12-01,6,4,0.6666666666666666,4,1025.54,4,0,0.0,4011.57,900.31,0.22442834102358925
1551,2026-01-01,1,1,1.0,1,146.37,1,0,0.0,2536.72,282.33,0.11129726576050963
1551,2026-02-01,4,2,0.5,1,312.92,1,0,0.0,2118.26,306.75,0.1448122515649637
1551,2026-03-01,6,4,0.6666666666666666,4,1956.10,4,0,0.0,3527.04,278.65,0.07900392397024134
1551,2026-04-01,4,3,0.75,3,685.77,3,0,0.0,2761.24,379.86,0.13756862858715652
1551,2026-05-01,4,2,0.5,1,224.35,0,0,,2262.00,324.93,0.14364721485411142
1551,2026-06-01,5,1,0.2,2,722.98,0,0,,1952.28,336.26,0.17223963775687914
1552,2025-05-01,1,1,1.0,1,153.49,1,0,0.0,163.99,0.00,0.0
1552,2025-06-01,2,1,0.5,1,421.16,1,0,0.0,633.16,0.00,0.0
1552,2025-07-01,0,0,,0,0.00,0,0,,368.43,0.00,0.0
1552,2025-08-01,1,0,0.0,0,0.00,0,0,,214.69,0.00,0.0
1552,2025-09-01,0,0,,0,0.00,0,0,,221.33,56.73,0.25631410111598063
1552,2025-10-01,0,0,,0,0.00,0,0,,57.05,57.05,1.0
1552,2025-11-01,0,0,,0,0.00,0,0,,58.43,58.43,1.0
1552,2025-12-01,0,0,,0,0.00,0,0,,57.82,57.82,1.0
1552,2026-01-01,0,0,,0,0.00,0,0,,56.06,56.06,1.0
1552,2026-02-01,0,0,,0,0.00,0,0,,56.09,56.09,1.0
1552,2026-03-01,0,0,,0,0.00,0,0,,55.24,55.24,1.0
1552,2026-04-01,1,0,0.0,0,0.00,0,0,,56.11,56.11,1.0
1552,2026-05-01,0,0,,0,0.00,0,0,,58.36,58.36,1.0
1552,2026-06-01,0,0,,0,0.00,0,0,,58.30,58.30,1.0
1553,2025-01-01,21,11,0.5238095238095238,11,2417.82,11,0,0.0,2759.34,0.00,0.0
1553,2025-02-01,16,8,0.5,4,1107.68,4,0,0.0,3336.42,0.00,0.0
1553,2025-03-01,29,16,0.5517241379310345,16,3821.37,16,2,0.125,6803.39,0.00,0.0
1553,2025-04-01,20,12,0.6,8,1765.90,8,0,0.0,7160.42,126.75,0.01770147561176579
1553,2025-05-01,18,13,0.7222222222222222,11,2855.55,11,0,0.0,7992.10,0.00,0.0
1553,2025-06-01,15,10,0.6666666666666666,8,2350.95,8,0,0.0,7850.37,432.23,0.0550585513803808
1553,2025-07-01,26,17,0.6538461538461539,14,3504.03,14,1,0.07142857142857142,9085.19,139.56,0.01536126377103836
1553,2025-08-01,23,11,0.4782608695652174,9,3054.01,9,1,0.1111111111111111,10176.53,402.16,0.0395183820025097
1553,2025-09-01,14,3,0.21428571428571427,4,942.00,4,0,0.0,8038.48,343.51,0.042733203292164686
1553,2025-10-01,21,9,0.42857142857142855,9,3059.95,9,0,0.0,9026.64,422.18,0.046770448361738146
1553,2025-11-01,20,14,0.7,10,4168.72,10,0,0.0,11002.75,587.61,0.053405739474222357
1553,2025-12-01,16,4,0.25,5,1190.91,5,0,0.0,9872.27,581.42,0.058894256336182046
1553,2026-01-01,13,8,0.6153846153846154,6,1850.81,6,1,0.16666666666666666,9401.43,800.94,0.0851934227027165
1553,2026-02-01,17,5,0.29411764705882354,6,2215.92,6,0,0.0,9148.87,1004.12,0.10975344496096238
1553,2026-03-01,19,13,0.6842105263157895,9,3824.05,9,1,0.1111111111111111,10575.56,1350.75,0.12772373283306038
1553,2026-04-01,25,16,0.64,17,4513.10,17,2,0.11764705882352941,12729.26,1560.70,0.12260728431974836
1553,2026-05-01,17,13,0.7647058823529411,11,2970.56,0,0,,13039.15,1551.19,0.1189640429015695
1553,2026-06-01,23,12,0.5217391304347826,12,4244.17,0,0,,14051.67,2064.79,0.1469426765644226
1554,2025-01-01,1,0,0.0,0,0.00,0,0,,0.00,0.00,
1554,2025-04-01,2,2,1.0,2,828.03,2,0,0.0,930.96,0.00,0.0
1554,2025-05-01,2,1,0.5,1,227.59,1,0,0.0,676.43,0.00,0.0
1554,2025-06-01,3,1,0.3333333333333333,1,84.01,1,0,0.0,652.79,0.00,0.0
1554,2025-07-01,0,0,,0,0.00,0,0,,335.34,152.05,0.4534204091369954
1554,2025-08-01,1,1,1.0,0,0.00,0,0,,250.55,154.51,0.6166832967471562
1554,2025-09-01,1,1,1.0,1,433.64,1,0,0.0,710.90,159.29,0.22406808271205514
1554,2025-10-01,2,0,0.0,0,0.00,0,0,,588.64,160.18,0.2721187822777929
1554,2025-11-01,0,0,,0,0.00,0,0,,473.67,164.07,0.3463803914117423
1554,2025-12-01,0,0,,0,0.00,0,0,,330.67,162.34,0.4909426316266973
1554,2026-01-01,2,2,1.0,1,247.60,1,0,0.0,470.97,157.40,0.3342038771046988
1554,2026-02-01,3,3,1.0,3,811.79,3,0,0.0,1376.42,157.50,0.11442728237020676
1554,2026-03-01,0,0,,0,0.00,0,0,,1032.30,155.12,0.15026639542768577
1554,2026-04-01,1,1,1.0,1,1815.14,1,0,0.0,2737.44,157.53,0.05754646677187445
1554,2026-05-01,1,0,0.0,0,0.00,0,0,,2154.89,343.58,0.1594420132814204
1554,2026-06-01,0,0,,0,0.00,0,0,,1491.40,343.20,0.23011935094542038
1555,2025-01-01,3,2,0.6666666666666666,1,194.64,1,0,0.0,210.17,0.00,0.0
1555,2025-02-01,5,3,0.6,2,793.70,2,0,0.0,999.88,0.00,0.0
1555,2025-03-01,3,2,0.6666666666666666,1,180.67,1,0,0.0,852.06,0.00,0.0
1555,2025-04-01,0,0,,1,439.55,1,0,0.0,985.43,0.00,0.0
1555,2025-05-01,5,2,0.4,2,549.86,2,0,0.0,839.61,0.00,0.0
1555,2025-06-01,2,0,0.0,0,0.00,0,0,,590.16,0.00,0.0
1555,2025-07-01,5,2,0.4,2,289.38,2,1,0.5,611.56,0.00,0.0
1555,2025-08-01,3,1,0.3333333333333333,1,162.90,1,0,0.0,586.85,0.00,0.0
1555,2025-09-01,3,3,1.0,3,501.05,3,0,0.0,965.60,152.94,0.15838856669428333
1555,2025-10-01,1,1,1.0,0,0.00,0,0,,424.10,0.00,0.0
1555,2025-11-01,6,2,0.3333333333333333,2,1672.46,2,1,0.5,2040.87,0.00,0.0
1555,2025-12-01,3,1,0.3333333333333333,0,0.00,0,0,,1536.91,0.00,0.0
1555,2026-01-01,5,4,0.8,5,1556.42,5,1,0.2,2737.99,245.72,0.08974466670805957
1555,2026-02-01,4,1,0.25,1,253.53,1,0,0.0,2459.74,245.87,0.09995771910852368
1555,2026-03-01,3,3,1.0,1,113.31,1,0,0.0,1787.74,919.09,0.5141071967959547
1555,2026-04-01,3,2,0.6666666666666666,2,305.59,2,0,0.0,1895.51,933.41,0.49243211589493063
1555,2026-05-01,5,4,0.8,1,482.40,0,0,,2346.41,970.90,0.4137810527571908
1555,2026-06-01,0,0,,2,621.78,0,0,,2664.21,969.84,0.36402535836139044
1556,2025-01-01,4,3,0.75,3,483.86,3,0,0.0,551.83,0.00,0.0
1556,2025-02-01,2,1,0.5,1,235.75,1,0,0.0,681.29,0.00,0.0
1556,2025-03-01,3,2,0.6666666666666666,1,550.11,1,0,0.0,1071.72,0.00,0.0
1556,2025-04-01,2,2,1.0,2,186.32,2,0,0.0,903.72,0.00,0.0
1556,2025-05-01,0,0,,0,0.00,0,0,,545.91,0.00,0.0
1556,2025-06-01,0,0,,0,0.00,0,0,,193.66,0.00,0.0
1556,2025-07-01,1,1,1.0,1,365.07,1,0,0.0,478.18,0.00,0.0
1556,2025-08-01,1,0,0.0,0,0.00,0,0,,338.01,0.00,0.0
1556,2025-09-01,1,1,1.0,0,0.00,0,0,,193.72,0.00,0.0
1556,2025-10-01,1,0,0.0,1,129.81,1,0,0.0,140.55,0.00,0.0
1556,2025-11-01,2,1,0.5,1,122.11,1,1,1.0,215.10,0.00,0.0
1556,2025-12-01,1,1,1.0,1,213.03,1,0,0.0,421.61,0.00,0.0
1556,2026-01-01,1,0,0.0,0,0.00,0,0,,353.31,125.42,0.3549857066032663
1556,2026-02-01,3,1,0.3333333333333333,1,192.02,1,0,0.0,509.68,81.67,0.16023779626432272
1556,2026-03-01,2,1,0.5,0,0.00,0,0,,454.21,106.75,0.23502344730411046
1556,2026-04-01,1,1,1.0,1,121.58,1,0,0.0,530.16,105.80,0.19956239625773353
1556,2026-05-01,0,0,,0,0.00,0,0,,391.37,104.80,0.2677772951427038
1556,2026-06-01,1,0,0.0,0,0.00,0,0,,306.80,106.60,0.34745762711864403
1557,2025-01-01,7,2,0.2857142857142857,1,310.79,1,0,0.0,371.74,0.00,0.0
1557,2025-02-01,10,7,0.7,5,1245.07,5,2,0.4,1877.85,0.00,0.0
1557,2025-03-01,10,5,0.5,6,1375.62,6,1,0.16666666666666666,3215.63,0.00,0.0
1557,2025-04-01,7,4,0.5714285714285714,2,737.08,2,0,0.0,3516.12,794.55,0.2259735162622436
1557,2025-05-01,4,2,0.5,1,754.32,1,0,0.0,3317.50,315.87,0.09521326299924643
1557,2025-06-01,8,4,0.5,4,506.58,4,1,0.25,3103.81,312.57,0.10070526224221199
1557,2025-07-01,12,8,0.6666666666666666,6,1164.37,6,2,0.3333333333333333,3493.32,486.60,0.13929442478788087
1557,2025-08-01,3,1,0.3333333333333333,3,585.02,3,0,0.0,3186.76,536.91,0.1684814670700021
1557,2025-09-01,7,3,0.42857142857142855,2,428.41,2,0,0.0,2952.17,655.51,0.2220434460075131
1557,2025-10-01,7,4,0.5714285714285714,4,1336.15,4,0,0.0,3632.09,589.02,0.16217109157537396
1557,2025-11-01,6,2,0.3333333333333333,2,1197.43,2,0,0.0,4042.25,726.07,0.17962026099325873
1557,2025-12-01,8,6,0.75,6,1828.10,6,0,0.0,5247.55,718.42,0.13690579413249993
1557,2026-01-01,3,2,0.6666666666666666,1,36.45,1,0,0.0,3565.88,696.56,0.1953402806600334
1557,2026-02-01,8,3,0.375,3,1319.86,3,2,0.6666666666666666,3732.00,827.99,0.22186227224008576
1557,2026-03-01,9,6,0.6666666666666666,5,1160.17,5,0,0.0,4049.04,772.79,0.1908575859956928
1557,2026-04-01,8,3,0.375,3,790.50,3,2,0.6666666666666666,4108.86,1978.03,0.4814060347639005
1557,2026-05-01,10,6,0.6,4,1546.19,0,0,,5409.97,1838.42,0.3398207383774771
1557,2026-06-01,5,3,0.6,3,749.02,0,0,,5117.46,2301.40,0.4497152884438765
1558,2025-01-01,15,10,0.6666666666666666,6,1934.62,6,0,0.0,2225.32,0.00,0.0
1558,2025-02-01,11,5,0.45454545454545453,6,1560.56,6,1,0.16666666666666666,3309.12,0.00,0.0
1558,2025-03-01,13,8,0.6153846153846154,7,2739.89,7,1,0.14285714285714285,5914.92,0.00,0.0
1558,2025-04-01,14,8,0.5714285714285714,5,1043.82,5,1,0.2,5872.08,264.80,0.04509475347747306
1558,2025-05-01,22,14,0.6363636363636364,16,4332.46,16,1,0.0625,8864.72,482.32,0.054408937902155965
1558,2025-06-01,18,10,0.5555555555555556,6,1598.23,6,2,0.3333333333333333,7725.11,360.08,0.046611634009095015
1558,2025-07-01,20,12,0.6,11,3627.78,11,0,0.0,8595.91,507.38,0.0590257459652323
1558,2025-08-01,15,6,0.4,6,1679.58,6,0,0.0,7375.82,574.02,0.0778245673023474
1558,2025-09-01,12,8,0.6666666666666666,6,2615.57,6,0,0.0,7523.21,398.03,0.05290693733127215
1558,2025-10-01,10,5,0.5,3,683.26,3,0,0.0,6181.72,385.27,0.06232407808829905
1558,2025-11-01,8,4,0.5,3,1055.32,3,0,0.0,5423.56,495.24,0.09131271710832
1558,2025-12-01,12,10,0.8333333333333334,7,2844.13,7,2,0.2857142857142857,6482.65,463.53,0.07150316614347528
1558,2026-01-01,15,5,0.3333333333333333,4,1138.14,4,0,0.0,6102.79,449.42,0.07364172779990791
1558,2026-02-01,15,12,0.8,7,2595.55,7,1,0.14285714285714285,7296.01,617.37,0.08461748270630111
1558,2026-03-01,16,8,0.5,9,4077.91,9,0,0.0,9015.07,442.90,0.0491288475852101
1558,2026-04-01,21,14,0.6666666666666666,12,4218.50,12,0,0.0,10915.63,739.60,0.06775605255949498
1558,2026-05-01,15,13,0.8666666666666667,11,6263.23,0,0,,14748.61,852.20,0.05778171637869603
1558,2026-06-01,13,9,0.6923076923076923,7,3031.68,0,0,,13581.88,768.46,0.05657979602234743
1559,2025-01-01,1,0,0.0,0,0.00,0,0,,0.00,0.00,
1559,2025-04-01,1,1,1.0,0,0.00,0,0,,0.00,0.00,
1559,2025-05-01,1,1,1.0,2,345.31,2,0,0.0,375.71,0.00,0.0
1559,2025-06-01,0,0,,0,0.00,0,0,,289.64,0.00,0.0
1559,2025-07-01,0,0,,0,0.00,0,0,,227.64,0.00,0.0
1559,2025-08-01,0,0,,0,0.00,0,0,,150.53,72.38,0.48083438517239085
1559,2025-09-01,1,0,0.0,0,0.00,0,0,,71.67,71.67,1.0
1559,2025-10-01,1,1,1.0,1,567.68,1,0,0.0,647.72,68.03,0.10502995121348731
1559,2025-11-01,2,0,0.0,0,0.00,0,0,,648.37,68.10,0.10503262026312135
1559,2025-12-01,2,1,0.5,1,523.86,1,0,0.0,1061.92,66.97,0.06306501431369595
1559,2026-01-01,2,0,0.0,0,0.00,0,0,,774.37,66.70,0.08613453517052572
1559,2026-02-01,0,0,,0,0.00,0,0,,534.87,65.15,0.12180529848374372
1559,2026-03-01,3,1,0.3333333333333333,1,594.08,1,0,0.0,716.11,65.83,0.09192721788552037
1559,2026-04-01,0,0,,0,0.00,0,0,,494.88,65.24,0.1318299385709667
1559,2026-05-01,0,0,,0,0.00,0,0,,277.43,64.63,0.2329596655012075
1559,2026-06-01,2,1,0.5,1,236.42,0,0,,350.23,65.74,0.18770522228250006
1560,2025-04-01,2,1,0.5,1,751.07,1,0,0.0,834.15,0.00,0.0
1560,2025-05-01,0,0,,0,0.00,0,0,,606.56,0.00,0.0
1560,2025-06-01,1,1,1.0,1,68.21,1,0,0.0,717.76,0.00,0.0
1560,2025-07-01,1,1,1.0,1,1003.42,1,0,0.0,1397.30,0.00,0.0
1560,2025-08-01,1,1,1.0,1,147.57,1,0,0.0,1061.69,0.00,0.0
1560,2025-09-01,4,3,0.75,1,221.25,1,0,0.0,973.72,0.00,0.0
1560,2025-10-01,1,1,1.0,1,155.28,1,0,0.0,777.99,0.00,0.0
1560,2025-11-01,1,0,0.0,0,0.00,0,0,,409.87,0.00,0.0
1560,2025-12-01,1,1,1.0,0,0.00,0,0,,288.31,0.00,0.0
1560,2026-01-01,1,0,0.0,1,333.85,1,0,0.0,548.41,0.00,0.0
1560,2026-02-01,1,1,1.0,1,178.58,1,1,1.0,444.79,0.00,0.0
1560,2026-03-01,0,0,,0,0.00,0,0,,391.82,0.00,0.0
1560,2026-04-01,0,0,,0,0.00,0,0,,267.80,195.57,0.7302837938760268
1560,2026-05-01,0,0,,0,0.00,0,0,,42.93,0.00,0.0
1560,2026-06-01,0,0,,0,0.00,0,0,,29.11,0.00,0.0
1561,2025-01-01,2,2,1.0,2,436.04,2,0,0.0,496.46,0.00,0.0
1561,2025-02-01,3,2,0.6666666666666666,1,99.55,1,0,0.0,462.00,0.00,0.0
1561,2025-03-01,3,3,1.0,2,985.62,2,0,0.0,1319.69,0.00,0.0
1561,2025-04-01,2,2,1.0,1,126.33,1,0,0.0,1217.76,0.00,0.0
1561,2025-05-01,1,0,0.0,0,0.00,0,0,,858.30,0.00,0.0
1561,2025-06-01,6,5,0.8333333333333334,5,558.26,5,1,0.2,1199.28,0.00,0.0
1561,2025-07-01,6,3,0.5,3,884.01,3,0,0.0,1675.56,0.00,0.0
1561,2025-08-01,3,2,0.6666666666666666,2,860.10,2,0,0.0,2438.87,121.13,0.04966644388589798
1561,2025-09-01,2,1,0.5,1,166.19,1,0,0.0,2056.72,119.94,0.05831615387607453
1561,2025-10-01,3,2,0.6666666666666666,2,1167.21,2,0,0.0,2579.36,113.86,0.04414273308107437
1561,2025-11-01,6,3,0.5,2,664.82,2,0,0.0,2453.49,113.97,0.046452196666788945
1561,2025-12-01,3,3,1.0,1,322.30,1,0,0.0,2055.60,112.08,0.054524226503210746
1561,2026-01-01,2,1,0.5,2,1460.67,2,0,0.0,2534.91,111.63,0.04403706640472443
1561,2026-02-01,2,1,0.5,0,0.00,0,0,,1562.87,109.04,0.06976907868216807
1561,2026-03-01,2,2,1.0,2,628.52,2,0,0.0,1679.01,110.18,0.06562200344250481
1561,2026-04-01,1,0,0.0,0,0.00,0,0,,1051.24,109.19,0.10386781324911533
1561,2026-05-01,1,1,1.0,0,0.00,0,0,,439.78,108.16,0.24594115239437903
1561,2026-06-01,3,1,0.3333333333333333,2,383.39,0,0,,575.21,110.02,0.19126927556892265
1562,2025-01-01,1,0,0.0,0,0.00,0,0,,0.00,0.00,
1562,2025-03-01,2,1,0.5,1,243.41,1,0,0.0,266.55,0.00,0.0
1562,2025-04-01,1,1,1.0,1,355.22,1,0,0.0,609.48,0.00,0.0
1562,2025-05-01,1,1,1.0,1,162.76,1,0,0.0,614.40,0.00,0.0
1562,2025-06-01,0,0,,0,0.00,0,0,,436.76,0.00,0.0
1562,2025-07-01,1,1,1.0,1,127.00,1,1,1.0,470.21,0.00,0.0
1562,2025-08-01,0,0,,0,0.00,0,0,,344.08,0.00,0.0
1562,2025-09-01,2,1,0.5,0,0.00,0,0,,213.66,136.60,0.6393335205466629
1562,2025-10-01,0,0,,1,122.74,1,0,0.0,210.67,86.45,0.41035743105330613
1562,2025-11-01,1,1,1.0,1,67.33,1,1,1.0,264.40,86.54,0.32730711043872923
1562,2025-12-01,0,0,,0,0.00,0,0,,198.88,85.11,0.4279465004022526
1562,2026-01-01,0,0,,0,0.00,0,0,,198.08,167.63,0.8462742326332794
1562,2026-02-01,0,0,,0,0.00,0,0,,150.25,82.79,0.5510149750415974
1562,2026-03-01,1,0,0.0,0,0.00,0,0,,151.82,151.82,1.0
1562,2026-04-01,0,0,,0,0.00,0,0,,136.95,82.91,0.605403431909456
1562,2026-05-01,0,0,,0,0.00,0,0,,128.97,82.13,0.636814763123207
1562,2026-06-01,0,0,,0,0.00,0,0,,124.37,83.54,0.6717053951917665
1563,2025-02-01,1,1,1.0,1,248.68,1,1,1.0,263.85,0.00,0.0
1563,2025-03-01,2,1,0.5,1,191.68,1,0,0.0,466.84,0.00,0.0
1563,2025-04-01,0,0,,0,0.00,0,0,,423.59,263.65,0.6224179041053849
1563,2025-05-01,1,0,0.0,0,0.00,0,0,,187.90,0.00,0.0
1563,2025-06-01,2,0,0.0,0,0.00,0,0,,185.94,84.01,0.4518124126062171
1563,2025-07-01,1,0,0.0,0,0.00,0,0,,102.05,102.05,1.0
1563,2025-08-01,0,0,,0,0.00,0,0,,0.00,0.00,
1563,2025-09-01,0,0,,0,0.00,0,0,,0.00,0.00,
1563,2025-10-01,1,1,1.0,0,0.00,0,0,,0.00,0.00,
1563,2025-11-01,1,1,1.0,1,123.70,1,0,0.0,158.36,0.00,0.0
1563,2025-12-01,1,1,1.0,1,421.56,1,0,0.0,645.85,0.00,0.0
1563,2026-01-01,1,0,0.0,0,0.00,0,0,,532.37,0.00,0.0
1563,2026-02-01,1,0,0.0,0,0.00,0,0,,438.82,0.00,0.0
1563,2026-03-01,0,0,,0,0.00,0,0,,339.73,0.00,0.0
1563,2026-04-01,0,0,,0,0.00,0,0,,251.13,0.00,0.0
1563,2026-05-01,4,1,0.25,1,1163.29,0,0,,1460.97,0.00,0.0
1563,2026-06-01,0,0,,0,0.00,0,0,,1037.87,0.00,0.0
1564,2025-01-01,1,1,1.0,1,1362.60,1,0,0.0,1546.32,0.00,0.0
1564,2025-02-01,0,0,,0,0.00,0,0,,1149.59,0.00,0.0
1564,2025-03-01,1,0,0.0,0,0.00,0,0,,749.65,0.00,0.0
1564,2025-04-01,0,0,,0,0.00,0,0,,382.93,0.00,0.0
1564,2025-05-01,0,0,,0,0.00,0,0,,0.00,0.00,
1564,2025-06-01,0,0,,0,0.00,0,0,,0.00,0.00,
1564,2025-07-01,0,0,,0,0.00,0,0,,0.00,0.00,
1564,2025-08-01,1,1,1.0,1,502.41,1,0,0.0,548.74,0.00,0.0
1564,2025-09-01,0,0,,0,0.00,0,0,,424.28,0.00,0.0
1564,2025-10-01,0,0,,0,0.00,0,0,,284.43,0.00,0.0
1564,2025-11-01,1,1,1.0,0,0.00,0,0,,291.35,0.00,0.0
1564,2025-12-01,0,0,,0,0.00,0,0,,144.14,0.00,0.0
1564,2026-01-01,0,0,,0,0.00,0,0,,55.90,55.90,1.0
1564,2026-02-01,0,0,,0,0.00,0,0,,0.00,0.00,
1564,2026-03-01,0,0,,0,0.00,0,0,,0.00,0.00,
1564,2026-04-01,0,0,,0,0.00,0,0,,0.00,0.00,
1564,2026-05-01,0,0,,0,0.00,0,0,,0.00,0.00,
1564,2026-06-01,0,0,,0,0.00,0,0,,0.00,0.00,
1565,2025-01-01,9,4,0.4444444444444444,4,2603.19,4,0,0.0,2765.44,0.00,0.0
1565,2025-02-01,4,2,0.5,2,679.44,2,0,0.0,2971.01,0.00,0.0
1565,2025-03-01,7,4,0.5714285714285714,3,1159.70,3,0,0.0,3019.82,0.00,0.0
1565,2025-04-01,6,2,0.3333333333333333,2,682.87,2,0,0.0,2437.71,0.00,0.0
1565,2025-05-01,12,10,0.8333333333333334,8,2322.41,8,0,0.0,3574.37,0.00,0.0
1565,2025-06-01,5,2,0.4,3,997.79,3,1,0.3333333333333333,3434.04,0.00,0.0
1565,2025-07-01,7,3,0.42857142857142855,2,670.13,2,0,0.0,2983.17,0.00,0.0
1565,2025-08-01,8,5,0.625,5,1997.03,5,1,0.2,3785.58,140.17,0.03702735115887129
1565,2025-09-01,4,3,0.75,1,140.78,1,0,0.0,3104.10,475.63,0.15322637801617217
1565,2025-10-01,6,2,0.3333333333333333,2,664.21,2,0,0.0,2310.89,145.31,0.06288053520505087
1565,2025-11-01,8,4,0.5,4,1072.30,4,0,0.0,2777.76,148.85,0.05358634295259489
1565,2025-12-01,9,4,0.4444444444444444,4,1273.16,4,0,0.0,3040.72,147.28,0.04843589676129338
1565,2026-01-01,9,4,0.4444444444444444,3,1526.27,3,0,0.0,3774.13,142.79,0.037833884895326866
1565,2026-02-01,10,5,0.5,4,1738.45,4,0,0.0,4395.92,142.88,0.03250286629420007
1565,2026-03-01,10,4,0.4,2,352.69,2,0,0.0,3380.09,140.72,0.04163202754956229
1565,2026-04-01,5,1,0.2,1,335.98,1,0,0.0,2632.72,903.87,0.3433217356954025
1565,2026-05-01,6,4,0.6666666666666666,4,696.21,0,0,,2420.19,732.99,0.30286465112243255
1565,2026-06-01,9,5,0.5555555555555556,4,2415.18,0,0,,4083.10,148.49,0.036366976072102083
1566,2025-01-01,3,2,0.6666666666666666,1,321.43,1,0,0.0,408.63,0.00,0.0
1566,2025-02-01,1,1,1.0,1,223.86,1,0,0.0,583.00,0.00,0.0
1566,2025-03-01,1,1,1.0,1,240.05,1,0,0.0,810.68,0.00,0.0
1566,2025-04-01,2,2,1.0,1,389.31,1,0,0.0,1252.71,0.00,0.0
1566,2025-05-01,2,2,1.0,1,137.07,1,0,0.0,1151.08,0.00,0.0
1566,2025-06-01,1,0,0.0,0,0.00,0,0,,900.74,0.00,0.0
1566,2025-07-01,2,1,0.5,1,207.80,1,1,1.0,984.34,0.00,0.0
1566,2025-08-01,1,1,1.0,1,348.62,1,0,0.0,1236.31,0.00,0.0
1566,2025-09-01,0,0,,0,0.00,0,0,,1046.19,0.00,0.0
1566,2025-10-01,3,3,1.0,2,239.13,2,0,0.0,975.71,0.00,0.0
1566,2025-11-01,0,0,,0,0.00,0,0,,815.66,0.00,0.0
1566,2025-12-01,1,1,1.0,1,136.90,1,0,0.0,749.73,0.00,0.0
1566,2026-01-01,0,0,,0,0.00,0,0,,520.74,0.00,0.0
1566,2026-02-01,1,1,1.0,0,0.00,0,0,,383.38,0.00,0.0
1566,2026-03-01,2,0,0.0,0,0.00,0,0,,234.94,0.00,0.0
1566,2026-04-01,0,0,,0,0.00,0,0,,157.93,0.00,0.0
1566,2026-05-01,1,0,0.0,0,0.00,0,0,,123.17,0.00,0.0
1566,2026-06-01,0,0,,0,0.00,0,0,,98.41,0.00,0.0
1567,2025-01-01,6,5,0.8333333333333334,4,1250.63,4,0,0.0,1326.21,0.00,0.0
1567,2025-02-01,6,4,0.6666666666666666,3,573.09,3,1,0.3333333333333333,1630.68,0.00,0.0
1567,2025-03-01,6,5,0.8333333333333334,5,931.49,5,0,0.0,2270.69,0.00,0.0
1567,2025-04-01,8,2,0.25,2,404.14,2,0,0.0,2140.82,257.06,0.12007548509449649
1567,2025-05-01,5,1,0.2,1,368.25,1,0,0.0,1927.26,249.24,0.12932349553251768
1567,2025-06-01,4,3,0.75,2,1127.38,2,0,0.0,2827.32,322.61,0.11410452301119081
1567,2025-07-01,4,1,0.25,1,178.07,1,0,0.0,2419.03,602.04,0.24887661583361922
1567,2025-08-01,4,2,0.5,1,468.73,1,0,0.0,2176.70,623.27,0.28633711581752197
1567,2025-09-01,6,4,0.6666666666666666,4,1203.51,4,0,0.0,2814.53,617.14,0.21926929185334673
1567,2025-10-01,5,3,0.6,2,350.81,2,0,0.0,2143.02,585.88,0.2733898890351
1567,2025-11-01,6,0,0.0,0,0.00,0,0,,1673.37,586.46,0.3504664240425011
1567,2025-12-01,6,3,0.5,2,771.25,2,0,0.0,2348.33,1039.15,0.44250595103754586
1567,2026-01-01,4,3,0.75,4,1225.14,4,0,0.0,3239.22,836.91,0.258367755200326
1567,2026-02-01,7,5,0.7142857142857143,2,934.81,2,0,0.0,3437.49,561.07,0.163220838460621
1567,2026-03-01,9,6,0.6666666666666666,4,846.04,4,1,0.25,3646.50,566.92,0.15546962841080486
1567,2026-04-01,6,3,0.5,4,980.83,4,0,0.0,4023.59,561.84,0.13963649377794457
1567,2026-05-01,7,1,0.14285714285714285,1,167.90,0,0,,3245.35,556.57,0.17149768129785695
1567,2026-06-01,5,3,0.6,3,328.43,0,0,,2796.16,566.09,0.20245264934767684
1568,2025-02-01,1,1,1.0,1,207.12,1,0,0.0,210.75,0.00,0.0
1568,2025-03-01,0,0,,0,0.00,0,0,,142.59,0.00,0.0
1568,2025-04-01,0,0,,0,0.00,0,0,,72.17,0.00,0.0
1568,2025-05-01,0,0,,0,0.00,0,0,,0.00,0.00,
1568,2025-06-01,1,1,1.0,1,290.43,1,0,0.0,319.34,0.00,0.0
1568,2025-07-01,0,0,,0,0.00,0,0,,280.64,0.00,0.0
1568,2025-08-01,1,0,0.0,0,0.00,0,0,,225.54,0.00,0.0
1568,2025-09-01,0,0,,0,0.00,0,0,,167.49,0.00,0.0
1568,2025-10-01,1,0,0.0,0,0.00,0,0,,106.01,0.00,0.0
1568,2025-11-01,0,0,,0,0.00,0,0,,53.06,0.00,0.0
1568,2025-12-01,0,0,,0,0.00,0,0,,0.00,0.00,
1568,2026-01-01,0,0,,0,0.00,0,0,,0.00,0.00,
1568,2026-02-01,0,0,,0,0.00,0,0,,0.00,0.00,
1568,2026-03-01,0,0,,0,0.00,0,0,,0.00,0.00,
1568,2026-04-01,0,0,,0,0.00,0,0,,0.00,0.00,
1568,2026-05-01,2,1,0.5,0,0.00,0,0,,0.00,0.00,
1568,2026-06-01,1,1,1.0,2,546.20,0,0,,440.33,0.00,0.0
1569,2025-01-01,4,1,0.25,1,91.27,1,0,0.0,103.22,0.00,0.0
1569,2025-02-01,2,1,0.5,1,279.13,1,0,0.0,385.23,0.00,0.0
1569,2025-03-01,3,3,1.0,2,606.16,2,0,0.0,913.27,0.00,0.0
1569,2025-04-01,2,1,0.5,2,472.79,2,0,0.0,1169.06,0.00,0.0
1569,2025-05-01,3,2,0.6666666666666666,2,1146.64,2,0,0.0,1917.03,0.00,0.0
1569,2025-06-01,4,2,0.5,2,760.62,2,0,0.0,2038.84,0.00,0.0
1569,2025-07-01,3,2,0.6666666666666666,1,902.85,1,0,0.0,1947.23,0.00,0.0
1569,2025-08-01,3,1,0.3333333333333333,0,0.00,0,0,,1526.99,0.00,0.0
1569,2025-09-01,3,0,0.0,0,0.00,0,0,,1075.07,0.00,0.0
1569,2025-10-01,2,0,0.0,0,0.00,0,0,,868.14,0.00,0.0
1569,2025-11-01,0,0,,0,0.00,0,0,,423.03,0.00,0.0
1569,2025-12-01,0,0,,0,0.00,0,0,,275.78,275.78,1.0
1569,2026-01-01,0,0,,0,0.00,0,0,,0.00,0.00,
1569,2026-02-01,1,0,0.0,0,0.00,0,0,,0.00,0.00,
1569,2026-03-01,1,1,1.0,1,92.06,1,1,1.0,100.12,0.00,0.0
1569,2026-04-01,3,1,0.3333333333333333,1,120.47,1,0,0.0,232.86,0.00,0.0
1569,2026-05-01,1,1,1.0,1,157.62,0,0,,365.41,105.77,0.2894556799211844
1569,2026-06-01,4,2,0.5,2,746.08,0,0,,1173.32,105.65,0.09004363685950978
1570,2025-01-01,2,1,0.5,1,592.27,1,0,0.0,625.38,0.00,0.0
1570,2025-02-01,3,3,1.0,3,1198.00,3,0,0.0,1701.61,0.00,0.0
1570,2025-03-01,1,0,0.0,0,0.00,0,0,,1086.33,0.00,0.0
1570,2025-04-01,4,1,0.25,1,647.14,1,0,0.0,1432.62,0.00,0.0
1570,2025-05-01,5,1,0.2,1,134.68,1,0,0.0,499.76,0.00,0.0
1570,2025-06-01,2,1,0.5,1,195.80,1,0,0.0,598.12,0.00,0.0
1570,2025-07-01,8,3,0.375,3,489.51,3,0,0.0,1014.11,0.00,0.0
1570,2025-08-01,5,4,0.8,2,436.73,2,0,0.0,1139.77,0.00,0.0
1570,2025-09-01,3,0,0.0,1,179.05,1,0,0.0,1041.48,0.00,0.0
1570,2025-10-01,1,1,1.0,1,415.81,1,0,0.0,1229.02,163.67,0.13317114448910514
1570,2025-11-01,2,1,0.5,0,0.00,0,0,,768.65,167.65,0.21810967280296625
1570,2025-12-01,5,2,0.4,2,980.55,2,0,0.0,1700.47,269.43,0.15844443006933379
1570,2026-01-01,4,3,0.75,1,329.48,1,0,0.0,1482.36,212.04,0.14304217598963814
1570,2026-02-01,2,1,0.5,3,1025.75,3,0,0.0,2196.52,160.94,0.07327044597818368
1570,2026-03-01,3,1,0.3333333333333333,1,85.10,1,0,0.0,1455.33,158.50,0.10891000666515499
1570,2026-04-01,3,1,0.3333333333333333,1,544.45,1,0,0.0,1608.04,160.97,0.10010323126290391
1570,2026-05-01,5,3,0.6,3,895.98,0,0,,2165.65,167.44,0.07731627917715235
1570,2026-06-01,3,2,0.6666666666666666,1,580.10,0,0,,2111.69,167.25,0.07920196619769
1571,2025-01-01,3,3,1.0,2,631.10,2,0,0.0,677.72,0.00,0.0
1571,2025-02-01,2,1,0.5,1,152.70,1,0,0.0,668.09,0.00,0.0
1571,2025-03-01,12,8,0.6666666666666666,5,2308.20,5,1,0.2,2813.10,0.00,0.0
1571,2025-04-01,7,5,0.7142857142857143,7,1982.89,7,0,0.0,3867.77,0.00,0.0
1571,2025-05-01,4,3,0.75,2,484.39,2,0,0.0,3036.71,590.86,0.19457241554181992
1571,2025-06-01,1,1,1.0,2,814.33,2,1,0.5,2793.52,370.04,0.13246370170967095
1571,2025-07-01,6,3,0.5,3,1260.48,3,0,0.0,3257.68,390.22,0.11978463200805482
1571,2025-08-01,5,3,0.6,1,206.57,1,0,0.0,2569.84,392.02,0.152546462036547
1571,2025-09-01,3,1,0.3333333333333333,1,848.98,1,0,0.0,2381.52,531.54,0.2231935906479895
1571,2025-10-01,4,3,0.75,1,318.95,1,0,0.0,1962.59,368.50,0.187762089891419
1571,2025-11-01,5,4,0.8,6,2038.46,6,0,0.0,3391.01,368.86,0.10877585144249058
1571,2025-12-01,5,3,0.6,3,1586.50,3,0,0.0,4413.54,362.75,0.08219025997272031
1571,2026-01-01,6,2,0.3333333333333333,2,406.44,2,0,0.0,3545.41,403.43,0.1137893783793694
1571,2026-02-01,5,3,0.6,3,626.96,3,0,0.0,3106.28,394.07,0.1268623562589335
1571,2026-03-01,2,2,1.0,2,343.33,2,0,0.0,2491.31,500.70,0.20097860161922843
1571,2026-04-01,2,2,1.0,2,468.51,2,0,0.0,1966.06,496.22,0.25239311109528706
1571,2026-05-01,4,1,0.25,1,297.16,0,0,,1704.80,491.56,0.288338808071328
1571,2026-06-01,5,4,0.8,4,1183.96,0,0,,2531.16,572.45,0.22616112770429372
1572,2025-03-01,1,0,0.0,0,0.00,0,0,,0.00,0.00,
1572,2025-05-01,1,0,0.0,0,0.00,0,0,,0.00,0.00,
1572,2025-06-01,1,1,1.0,1,445.17,1,0,0.0,474.15,0.00,0.0
1572,2025-07-01,0,0,,0,0.00,0,0,,474.69,0.00,0.0
1572,2025-08-01,0,0,,0,0.00,0,0,,160.80,0.00,0.0
1572,2025-09-01,0,0,,0,0.00,0,0,,0.00,0.00,
1572,2025-10-01,1,0,0.0,0,0.00,0,0,,0.00,0.00,
1572,2025-11-01,0,0,,0,0.00,0,0,,0.00,0.00,
1572,2025-12-01,3,2,0.6666666666666666,1,157.15,1,0,0.0,178.27,0.00,0.0
1572,2026-01-01,0,0,,1,420.00,1,0,0.0,479.80,0.00,0.0
1572,2026-02-01,2,2,1.0,2,1225.09,2,0,0.0,1780.77,0.00,0.0
1572,2026-03-01,0,0,,0,0.00,0,0,,1208.75,0.00,0.0
1572,2026-04-01,1,1,1.0,1,154.35,1,1,1.0,521.57,0.00,0.0
1572,2026-05-01,0,0,,0,0.00,0,0,,270.79,0.00,0.0
1572,2026-06-01,0,0,,0,0.00,0,0,,175.37,175.37,1.0
1573,2025-04-01,1,1,1.0,1,97.08,1,0,0.0,104.23,0.00,0.0
1573,2025-05-01,0,0,,0,0.00,0,0,,67.14,0.00,0.0
1573,2025-06-01,0,0,,0,0.00,0,0,,33.23,0.00,0.0
1573,2025-07-01,0,0,,0,0.00,0,0,,0.00,0.00,
1573,2025-08-01,0,0,,0,0.00,0,0,,0.00,0.00,
1573,2025-09-01,0,0,,0,0.00,0,0,,0.00,0.00,
1573,2025-10-01,0,0,,0,0.00,0,0,,0.00,0.00,
1573,2025-11-01,1,1,1.0,1,204.68,1,0,0.0,224.30,0.00,0.0
1573,2025-12-01,0,0,,0,0.00,0,0,,147.95,0.00,0.0
1573,2026-01-01,0,0,,0,0.00,0,0,,71.71,0.00,0.0
1573,2026-02-01,0,0,,0,0.00,0,0,,0.00,0.00,
1573,2026-03-01,0,0,,0,0.00,0,0,,0.00,0.00,
1573,2026-04-01,0,0,,0,0.00,0,0,,0.00,0.00,
1573,2026-05-01,1,0,0.0,0,0.00,0,0,,0.00,0.00,
1573,2026-06-01,1,1,1.0,1,168.20,0,0,,191.06,0.00,0.0
1574,2025-01-01,5,2,0.4,2,1579.44,2,0,0.0,1692.06,0.00,0.0
1574,2025-02-01,8,3,0.375,3,1126.53,3,0,0.0,2560.78,0.00,0.0
1574,2025-03-01,9,5,0.5555555555555556,5,2612.07,5,0,0.0,4668.08,0.00,0.0
1574,2025-04-01,9,4,0.4444444444444444,2,1427.28,2,0,0.0,5673.23,0.00,0.0
1574,2025-05-01,5,2,0.4,3,1496.70,3,0,0.0,6746.18,0.00,0.0
1574,2025-06-01,9,3,0.3333333333333333,1,143.90,1,0,0.0,5220.95,0.00,0.0
1574,2025-07-01,12,9,0.75,4,978.59,4,1,0.25,4882.02,0.00,0.0
1574,2025-08-01,6,3,0.5,3,1317.66,3,0,0.0,5450.63,519.45,0.09530091017001704
1574,2025-09-01,11,5,0.45454545454545453,6,1096.05,6,2,0.3333333333333333,6038.98,674.75,0.11173244488307629
1574,2025-10-01,6,0,0.0,1,316.21,1,0,0.0,4862.37,1175.41,0.2417360258474777
1574,2025-11-01,4,3,0.75,2,806.95,2,0,0.0,4636.92,971.79,0.2095766155120209
1574,2025-12-01,2,0,0.0,0,0.00,0,0,,3739.74,886.73,0.23711006647520952
1574,2026-01-01,2,1,0.5,0,0.00,0,0,,2587.04,774.96,0.2995547034448636
1574,2026-02-01,3,2,0.6666666666666666,3,1207.16,3,0,0.0,3242.90,775.42,0.23911313947392765
1574,2026-03-01,5,4,0.8,4,1072.27,4,0,0.0,3209.23,763.70,0.23796985569747262
1574,2026-04-01,8,4,0.5,1,166.50,1,0,0.0,2499.73,775.60,0.3102735095390302
1574,2026-05-01,3,3,1.0,3,975.41,0,0,,3053.70,961.81,0.3149654517470609
1574,2026-06-01,9,6,0.6666666666666666,5,1189.46,0,0,,3823.57,1080.42,0.28256838504329723
1575,2025-01-01,1,1,1.0,0,0.00,0,0,,0.00,0.00,
1575,2025-02-01,2,1,0.5,1,375.01,1,0,0.0,396.44,0.00,0.0
1575,2025-03-01,0,0,,0,0.00,0,0,,387.78,0.00,0.0
1575,2025-04-01,0,0,,0,0.00,0,0,,264.10,0.00,0.0
1575,2025-05-01,1,0,0.0,0,0.00,0,0,,127.58,0.00,0.0
1575,2025-06-01,0,0,,0,0.00,0,0,,126.25,126.25,1.0
1575,2025-07-01,3,2,0.6666666666666666,2,836.38,2,0,0.0,911.18,0.00,0.0
1575,2025-08-01,3,3,1.0,2,161.11,2,1,0.5,892.70,0.00,0.0
1575,2025-09-01,2,0,0.0,0,0.00,0,0,,666.18,0.00,0.0
1575,2025-10-01,1,1,1.0,1,348.84,1,0,0.0,821.65,133.59,0.1625874764194
1575,2025-11-01,1,0,0.0,0,0.00,0,0,,476.50,136.84,0.2871773347324239
1575,2025-12-01,0,0,,0,0.00,0,0,,321.62,135.40,0.42099371929606366
1575,2026-01-01,2,2,1.0,1,482.55,1,0,0.0,672.43,131.28,0.1952322174798864
1575,2026-02-01,0,0,,0,0.00,0,0,,667.79,131.36,0.19670854609982183
1575,2026-03-01,1,1,1.0,1,364.78,1,0,0.0,889.96,129.37,0.14536608386893793
1575,2026-04-01,0,0,,0,0.00,0,0,,796.35,468.92,0.5888365668361901
1575,2026-05-01,1,0,0.0,0,0.00,0,0,,716.55,487.76,0.680706161468146
1575,2026-06-01,2,1,0.5,1,507.91,0,0,,1218.01,487.23,0.4000213462943654
1576,2025-01-01,2,1,0.5,0,0.00,0,0,,0.00,0.00,
1576,2025-04-01,1,0,0.0,0,0.00,0,0,,0.00,0.00,
1576,2025-06-01,3,2,0.6666666666666666,1,440.61,1,0,0.0,473.60,0.00,0.0
1576,2025-07-01,1,1,1.0,1,422.76,1,0,0.0,1009.84,0.00,0.0
1576,2025-08-01,3,2,0.6666666666666666,0,0.00,0,0,,961.30,0.00,0.0
1576,2025-09-01,1,0,0.0,1,224.30,1,0,0.0,900.28,0.00,0.0
1576,2025-10-01,1,0,0.0,0,0.00,0,0,,568.34,0.00,0.0
1576,2025-11-01,1,1,1.0,1,142.76,1,0,0.0,612.24,0.00,0.0
1576,2025-12-01,2,1,0.5,1,396.59,1,1,1.0,892.12,0.00,0.0
1576,2026-01-01,1,0,0.0,0,0.00,0,0,,789.66,0.00,0.0
1576,2026-02-01,2,1,0.5,1,1061.87,1,0,0.0,1597.32,0.00,0.0
1576,2026-03-01,2,0,0.0,0,0.00,0,0,,1167.57,0.00,0.0
1576,2026-04-01,3,0,0.0,0,0.00,0,0,,775.79,0.00,0.0
1576,2026-05-01,1,1,1.0,1,232.42,0,0,,814.11,107.98,0.13263563891857366
1576,2026-06-01,0,0,,0,0.00,0,0,,354.46,0.00,0.0
1577,2025-01-01,1,1,1.0,1,274.08,1,0,0.0,305.98,0.00,0.0
1577,2025-02-01,1,1,1.0,1,139.25,1,0,0.0,380.70,0.00,0.0
1577,2025-03-01,1,1,1.0,1,136.33,1,0,0.0,405.01,0.00,0.0
1577,2025-04-01,0,0,,0,0.00,0,0,,201.45,0.00,0.0
1577,2025-05-01,1,0,0.0,0,0.00,0,0,,84.46,0.00,0.0
1577,2025-06-01,2,2,1.0,2,1200.37,2,1,0.5,1318.56,0.00,0.0
1577,2025-07-01,0,0,,0,0.00,0,0,,1177.58,0.00,0.0
1577,2025-08-01,1,1,1.0,1,165.15,1,0,0.0,1039.44,401.87,0.386621642422843
1577,2025-09-01,1,0,0.0,0,0.00,0,0,,744.20,0.00,0.0
1577,2025-10-01,2,2,1.0,0,0.00,0,0,,527.98,0.00,0.0
1577,2025-11-01,0,0,,1,194.49,1,1,1.0,485.39,0.00,0.0
1577,2025-12-01,1,1,1.0,1,253.88,1,0,0.0,574.86,0.00,0.0
1577,2026-01-01,0,0,,0,0.00,0,0,,278.67,0.00,0.0
1577,2026-02-01,1,0,0.0,0,0.00,0,0,,244.35,0.00,0.0
1577,2026-03-01,1,1,1.0,1,441.51,1,0,0.0,607.67,0.00,0.0
1577,2026-04-01,1,0,0.0,0,0.00,0,0,,412.42,0.00,0.0
1577,2026-05-01,0,0,,0,0.00,0,0,,343.19,0.00,0.0
1577,2026-06-01,0,0,,0,0.00,0,0,,257.11,0.00,0.0
1578,2025-03-01,1,0,0.0,0,0.00,0,0,,0.00,0.00,
1578,2025-04-01,1,1,1.0,1,314.60,1,0,0.0,346.51,0.00,0.0
1578,2025-05-01,0,0,,0,0.00,0,0,,223.18,0.00,0.0
1578,2025-06-01,0,0,,0,0.00,0,0,,110.43,0.00,0.0
1578,2025-07-01,0,0,,0,0.00,0,0,,0.00,0.00,
1578,2025-08-01,1,0,0.0,0,0.00,0,0,,0.00,0.00,
1578,2025-09-01,0,0,,0,0.00,0,0,,0.00,0.00,
1578,2025-10-01,2,1,0.5,0,0.00,0,0,,0.00,0.00,
1578,2025-11-01,0,0,,0,0.00,0,0,,0.00,0.00,
1578,2025-12-01,0,0,,0,0.00,0,0,,0.00,0.00,
1578,2026-01-01,1,1,1.0,1,95.51,1,0,0.0,105.66,0.00,0.0
1578,2026-02-01,0,0,,0,0.00,0,0,,70.48,0.00,0.0
1578,2026-03-01,0,0,,0,0.00,0,0,,34.69,0.00,0.0
1578,2026-04-01,1,1,1.0,1,443.99,1,0,0.0,486.87,0.00,0.0
1578,2026-05-01,0,0,,0,0.00,0,0,,379.81,0.00,0.0
1578,2026-06-01,1,1,1.0,1,97.18,0,0,,379.55,0.00,0.0
1579,2025-01-01,3,0,0.0,0,0.00,0,0,,0.00,0.00,
1579,2025-07-01,1,1,1.0,1,121.76,1,0,0.0,137.47,0.00,0.0
1579,2025-08-01,2,1,0.5,1,187.14,1,0,0.0,319.00,0.00,0.0
1579,2025-09-01,1,0,0.0,0,0.00,0,0,,235.27,0.00,0.0
1579,2025-10-01,1,1,1.0,1,271.67,1,0,0.0,470.01,0.00,0.0
1579,2025-11-01,2,0,0.0,0,0.00,0,0,,329.09,0.00,0.0
1579,2025-12-01,2,0,0.0,0,0.00,0,0,,245.84,0.00,0.0
1579,2026-01-01,0,0,,0,0.00,0,0,,214.60,0.00,0.0
1579,2026-02-01,0,0,,0,0.00,0,0,,161.05,0.00,0.0
1579,2026-03-01,3,1,0.3333333333333333,1,197.12,1,0,0.0,370.97,158.62,0.4275817451545947
1579,2026-04-01,1,0,0.0,0,0.00,0,0,,143.77,0.00,0.0
1579,2026-05-01,1,1,1.0,1,149.94,0,0,,235.73,0.00,0.0
1579,2026-06-01,1,0,0.0,0,0.00,0,0,,120.57,0.00,0.0
1580,2025-02-01,1,1,1.0,0,0.00,0,0,,0.00,0.00,
1580,2025-04-01,1,1,1.0,1,431.43,1,0,0.0,478.21,0.00,0.0
1580,2025-05-01,0,0,,0,0.00,0,0,,346.50,0.00,0.0
1580,2025-06-01,1,0,0.0,0,0.00,0,0,,228.58,0.00,0.0
1580,2025-07-01,0,0,,0,0.00,0,0,,114.41,0.00,0.0
1580,2025-08-01,0,0,,0,0.00,0,0,,0.00,0.00,
1580,2025-09-01,1,1,1.0,1,474.55,1,1,1.0,606.53,0.00,0.0
1580,2025-10-01,0,0,,0,0.00,0,0,,609.91,0.00,0.0
1580,2025-11-01,1,0,0.0,0,0.00,0,0,,572.67,0.00,0.0
1580,2025-12-01,1,1,1.0,1,111.46,1,0,0.0,650.18,0.00,0.0
1580,2026-01-01,0,0,,0,0.00,0,0,,558.62,0.00,0.0
1580,2026-02-01,1,1,1.0,1,216.70,1,0,0.0,716.57,0.00,0.0
1580,2026-03-01,1,1,1.0,1,823.68,1,0,0.0,1470.64,393.74,0.26773377577109286
1580,2026-04-01,1,1,1.0,1,158.71,1,0,0.0,1011.87,0.00,0.0
1580,2026-05-01,2,0,0.0,0,0.00,0,0,,882.15,0.00,0.0
1580,2026-06-01,0,0,,0,0.00,0,0,,349.36,0.00,0.0
1581,2025-01-01,1,0,0.0,0,0.00,0,0,,0.00,0.00,
1581,2025-02-01,1,1,1.0,1,137.84,1,0,0.0,147.74,0.00,0.0
1581,2025-03-01,0,0,,0,0.00,0,0,,115.61,0.00,0.0
1581,2025-04-01,1,1,1.0,1,121.89,1,0,0.0,188.42,0.00,0.0
1581,2025-05-01,1,1,1.0,1,177.25,1,0,0.0,290.41,0.00,0.0
1581,2025-06-01,0,0,,0,0.00,0,0,,191.59,0.00,0.0
1581,2025-07-01,1,1,1.0,1,191.90,1,0,0.0,322.66,0.00,0.0
1581,2025-08-01,1,0,0.0,0,0.00,0,0,,192.01,0.00,0.0
1581,2025-09-01,0,0,,0,0.00,0,0,,158.35,0.00,0.0
1581,2025-10-01,3,3,1.0,3,1617.99,3,0,0.0,1932.87,0.00,0.0
1581,2025-11-01,0,0,,0,0.00,0,0,,1791.27,0.00,0.0
1581,2025-12-01,0,0,,0,0.00,0,0,,783.66,0.00,0.0
1581,2026-01-01,3,1,0.3333333333333333,1,161.68,1,0,0.0,375.41,0.00,0.0
1581,2026-02-01,3,1,0.3333333333333333,1,151.70,1,0,0.0,466.26,0.00,0.0
1581,2026-03-01,1,1,1.0,0,0.00,0,0,,353.76,0.00,0.0
1581,2026-04-01,1,1,1.0,2,172.17,2,0,0.0,467.99,0.00,0.0
1581,2026-05-01,0,0,,0,0.00,0,0,,313.63,0.00,0.0
1581,2026-06-01,0,0,,0,0.00,0,0,,228.86,0.00,0.0
1582,2025-01-01,39,25,0.6410256410256411,19,4689.16,19,0,0.0,5129.94,0.00,0.0
1582,2025-02-01,30,15,0.5,13,3705.81,13,0,0.0,7849.52,0.00,0.0
1582,2025-03-01,54,30,0.5555555555555556,27,7147.70,27,5,0.18518518518518517,13766.42,0.00,0.0
1582,2025-04-01,33,21,0.6363636363636364,17,5939.75,17,2,0.11764705882352941,17414.32,82.29,0.004725421377349217
1582,2025-05-01,44,22,0.5,18,5132.68,18,2,0.1111111111111111,17410.80,207.92,0.011942013003423162
1582,2025-06-01,41,23,0.5609756097560976,18,6698.74,18,0,0.0,20106.06,701.26,0.03487804174462823
1582,2025-07-01,49,20,0.40816326530612246,17,3934.61,17,2,0.11764705882352941,17787.48,825.96,0.046434908148877754
1582,2025-08-01,51,24,0.47058823529411764,20,4783.49,20,3,0.15,17821.09,554.78,0.031130531297468334
1582,2025-09-01,39,22,0.5641025641025641,21,3665.75,21,2,0.09523809523809523,16314.33,929.76,0.05699038820472554
1582,2025-10-01,62,42,0.6774193548387096,37,12592.31,37,2,0.05405405405405406,25032.46,1307.12,0.05221700144532339
1582,2025-11-01,33,19,0.5757575757575758,18,5473.08,18,3,0.16666666666666666,24806.04,1420.14,0.05724976658910491
1582,2025-12-01,49,34,0.6938775510204082,24,6346.88,24,2,0.08333333333333333,24847.69,2267.33,0.09124912617631659
1582,2026-01-01,40,21,0.525,22,7918.67,22,2,0.09090909090909091,26106.05,2851.06,0.10921070020167739
1582,2026-02-01,38,23,0.6052631578947368,17,5150.32,17,1,0.058823529411764705,24442.65,2772.04,0.11340996168582375
1582,2026-03-01,49,30,0.6122448979591837,30,10961.10,30,1,0.03333333333333333,29470.98,3468.35,0.11768695849272742
1582,2026-04-01,39,22,0.5641025641025641,19,5784.89,19,1,0.05263157894736842,27348.95,2938.95,0.10746116395693435
1582,2026-05-01,53,35,0.660377358490566,27,9223.49,0,0,,30452.49,2900.62,0.09525066751520155
1582,2026-06-01,34,15,0.4411764705882353,16,5563.25,0,0,,27499.15,3413.89,0.12414529176356359
1583,2025-02-01,2,0,0.0,0,0.00,0,0,,0.00,0.00,
1583,2025-04-01,1,1,1.0,1,59.31,1,0,0.0,65.34,0.00,0.0
1583,2025-05-01,0,0,,0,0.00,0,0,,47.51,0.00,0.0
1583,2025-06-01,0,0,,0,0.00,0,0,,33.52,0.00,0.0
1583,2025-07-01,1,0,0.0,0,0.00,0,0,,17.67,0.00,0.0
1583,2025-08-01,1,1,1.0,1,334.31,1,0,0.0,382.09,0.00,0.0
1583,2025-09-01,1,1,1.0,1,263.19,1,0,0.0,480.52,0.00,0.0
1583,2025-10-01,2,2,1.0,2,299.80,2,1,0.5,729.23,0.00,0.0
1583,2025-11-01,0,0,,0,0.00,0,0,,637.67,0.00,0.0
1583,2025-12-01,0,0,,0,0.00,0,0,,313.15,0.00,0.0
1583,2026-01-01,1,0,0.0,0,0.00,0,0,,243.81,0.00,0.0
1583,2026-02-01,1,1,1.0,1,243.11,1,0,0.0,546.90,0.00,0.0
1583,2026-03-01,0,0,,0,0.00,0,0,,513.77,0.00,0.0
1583,2026-04-01,0,0,,0,0.00,0,0,,432.53,0.00,0.0
1583,2026-05-01,0,0,,0,0.00,0,0,,399.79,0.00,0.0
1583,2026-06-01,0,0,,0,0.00,0,0,,329.41,0.00,0.0
1584,2025-03-01,2,1,0.5,0,0.00,0,0,,0.00,0.00,
1584,2025-04-01,0,0,,1,381.16,1,1,1.0,435.65,0.00,0.0
1584,2025-05-01,0,0,,0,0.00,0,0,,422.38,0.00,0.0
1584,2025-06-01,1,1,1.0,1,256.69,1,0,0.0,733.65,446.96,0.6092278334355619
1584,2025-07-01,0,0,,0,0.00,0,0,,672.89,471.34,0.7004711022603991
1584,2025-08-01,0,0,,0,0.00,0,0,,473.50,473.50,1.0
1584,2025-09-01,0,0,,0,0.00,0,0,,468.85,468.85,1.0
1584,2025-10-01,0,0,,0,0.00,0,0,,445.09,445.09,1.0
1584,2025-11-01,0,0,,0,0.00,0,0,,445.54,445.54,1.0
1584,2025-12-01,1,1,1.0,1,622.21,1,0,0.0,1191.14,438.15,0.3678408919186661
1584,2026-01-01,0,0,,0,0.00,0,0,,1061.33,436.38,0.4111633516436924
1584,2026-02-01,1,1,1.0,1,595.11,1,1,1.0,1573.37,426.25,0.2709152964655485
1584,2026-03-01,0,0,,0,0.00,0,0,,1466.40,430.69,0.29370567375886525
1584,2026-04-01,1,0,0.0,0,0.00,0,0,,1331.02,1086.51,0.8162987783804901
1584,2026-05-01,2,2,1.0,2,162.69,0,0,,1374.86,1076.30,0.782843344049576
1584,2026-06-01,1,0,0.0,0,0.00,0,0,,1212.40,1094.72,0.9029363246453316
1585,2025-01-01,2,2,1.0,2,647.03,2,0,0.0,714.41,0.00,0.0
1585,2025-02-01,2,1,0.5,1,345.70,1,0,0.0,1044.76,0.00,0.0
1585,2025-03-01,5,2,0.4,2,378.99,2,0,0.0,1320.25,0.00,0.0
1585,2025-04-01,5,0,0.0,0,0.00,0,0,,1239.17,499.69,0.4032457209261037
1585,2025-05-01,4,2,0.5,2,352.62,2,0,0.0,1280.81,0.00,0.0
1585,2025-06-01,3,2,0.6666666666666666,1,146.32,1,0,0.0,1156.29,0.00,0.0
1585,2025-07-01,4,1,0.25,1,1483.05,1,0,0.0,2376.24,0.00,0.0
1585,2025-08-01,7,5,0.7142857142857143,4,1418.58,4,0,0.0,3351.45,108.62,0.0324098524519238
1585,2025-09-01,0,0,,1,187.36,1,0,0.0,2430.76,0.00,0.0
1585,2025-10-01,2,0,0.0,0,0.00,0,0,,1272.37,111.12,0.08733308707372857
1585,2025-11-01,2,0,0.0,0,0.00,0,0,,824.15,111.23,0.13496329551659286
1585,2025-12-01,2,1,0.5,0,0.00,0,0,,611.75,109.39,0.1788148753575807
1585,2026-01-01,2,1,0.5,2,717.26,2,0,0.0,1058.50,108.95,0.10292867264997639
1585,2026-02-01,0,0,,0,0.00,0,0,,932.92,106.42,0.11407194614757965
1585,2026-03-01,8,4,0.5,4,492.85,4,0,0.0,1097.12,274.69,0.25037370570220213
1585,2026-04-01,5,2,0.4,2,369.01,2,0,0.0,1170.35,106.57,0.09105823044388431
1585,2026-05-01,4,2,0.5,1,108.46,0,0,,938.45,105.56,0.11248335020512547
1585,2026-06-01,5,3,0.6,3,1259.20,0,0,,2184.87,107.37,0.04914251191146384
1586,2025-02-01,3,1,0.3333333333333333,1,343.20,1,0,0.0,371.56,0.00,0.0
1586,2025-03-01,1,1,1.0,1,366.17,1,0,0.0,729.64,0.00,0.0
1586,2025-04-01,2,0,0.0,0,0.00,0,0,,415.18,0.00,0.0
1586,2025-05-01,0,0,,0,0.00,0,0,,297.30,0.00,0.0
1586,2025-06-01,0,0,,0,0.00,0,0,,143.79,0.00,0.0
1586,2025-07-01,0,0,,0,0.00,0,0,,0.00,0.00,
1586,2025-08-01,0,0,,0,0.00,0,0,,0.00,0.00,
1586,2025-09-01,2,2,1.0,1,239.38,1,0,0.0,264.03,0.00,0.0
1586,2025-10-01,1,1,1.0,1,285.16,1,0,0.0,522.40,0.00,0.0
1586,2025-11-01,1,1,1.0,1,140.55,1,0,0.0,562.00,0.00,0.0
1586,2025-12-01,0,0,,0,0.00,0,0,,330.07,0.00,0.0
1586,2026-01-01,2,1,0.5,0,0.00,0,0,,206.82,0.00,0.0
1586,2026-02-01,1,0,0.0,1,239.26,1,0,0.0,358.61,0.00,0.0
1586,2026-03-01,2,1,0.5,1,68.18,1,0,0.0,317.53,0.00,0.0
1586,2026-04-01,2,1,0.5,1,126.17,1,0,0.0,370.66,0.00,0.0
1586,2026-05-01,1,0,0.0,0,0.00,0,0,,231.71,0.00,0.0
1586,2026-06-01,0,0,,0,0.00,0,0,,197.71,0.00,0.0
1587,2025-01-01,3,0,0.0,0,0.00,0,0,,0.00,0.00,
1587,2025-02-01,2,0,0.0,0,0.00,0,0,,0.00,0.00,
1587,2025-03-01,1,1,1.0,1,175.61,1,0,0.0,194.21,0.00,0.0
1587,2025-04-01,1,0,0.0,0,0.00,0,0,,132.26,0.00,0.0
1587,2025-05-01,1,1,1.0,0,0.00,0,0,,63.88,0.00,0.0
1587,2025-06-01,2,1,0.5,1,127.84,1,0,0.0,143.66,0.00,0.0
1587,2025-07-01,0,0,,0,0.00,0,0,,95.88,0.00,0.0
1587,2025-08-01,4,2,0.5,0,0.00,0,0,,97.43,0.00,0.0
1587,2025-09-01,5,3,0.6,5,1752.37,5,0,0.0,2059.89,100.44,0.048759885236590306
1587,2025-10-01,1,0,0.0,0,0.00,0,0,,1165.66,101.00,0.08664619185697373
1587,2025-11-01,4,2,0.5,2,259.87,2,0,0.0,893.46,103.46,0.11579701385624425
1587,2025-12-01,4,2,0.5,1,186.94,1,0,0.0,541.83,102.37,0.18893379842385988
1587,2026-01-01,1,0,0.0,0,0.00,0,0,,308.58,99.25,0.3216345842245123
1587,2026-02-01,3,0,0.0,0,0.00,0,0,,177.94,99.31,0.5581094751039677
1587,2026-03-01,3,2,0.6666666666666666,2,211.36,2,0,0.0,341.74,97.81,0.2862117399192368
1587,2026-04-01,2,1,0.5,0,0.00,0,0,,319.34,99.33,0.31104778605874617
1587,2026-05-01,1,1,1.0,2,578.74,0,0,,979.70,103.32,0.1054608553638869
1587,2026-06-01,3,1,0.3333333333333333,1,197.23,0,0,,1021.98,103.21,0.1009902346425566
1588,2025-01-01,1,1,1.0,1,326.08,1,0,0.0,389.23,0.00,0.0
1588,2025-02-01,2,1,0.5,0,0.00,0,0,,316.11,0.00,0.0
1588,2025-03-01,1,1,1.0,2,479.77,2,0,0.0,785.12,0.00,0.0
1588,2025-04-01,2,1,0.5,1,268.23,1,0,0.0,814.77,0.00,0.0
1588,2025-05-01,1,1,1.0,1,206.95,1,0,0.0,843.13,0.00,0.0
1588,2025-06-01,0,0,,0,0.00,0,0,,615.35,0.00,0.0
1588,2025-07-01,1,1,1.0,1,497.68,1,0,0.0,1000.06,0.00,0.0
1588,2025-08-01,0,0,,0,0.00,0,0,,669.53,0.00,0.0
1588,2025-09-01,1,1,1.0,1,162.70,1,0,0.0,517.18,0.00,0.0
1588,2025-10-01,1,0,0.0,0,0.00,0,0,,174.53,0.00,0.0
1588,2025-11-01,0,0,,0,0.00,0,0,,88.41,0.00,0.0
1588,2025-12-01,0,0,,0,0.00,0,0,,43.47,0.00,0.0
1588,2026-01-01,1,1,1.0,1,121.18,1,0,0.0,134.80,0.00,0.0
1588,2026-02-01,0,0,,0,0.00,0,0,,98.75,0.00,0.0
1588,2026-03-01,1,0,0.0,0,0.00,0,0,,66.52,0.00,0.0
1588,2026-04-01,0,0,,0,0.00,0,0,,32.96,0.00,0.0
1588,2026-05-01,1,1,1.0,0,0.00,0,0,,0.00,0.00,
1588,2026-06-01,0,0,,1,263.44,0,0,,213.78,0.00,0.0
1589,2025-01-01,3,1,0.3333333333333333,1,292.54,1,0,0.0,312.63,0.00,0.0
1589,2025-02-01,4,3,0.75,3,1166.56,3,0,0.0,1403.94,0.00,0.0
1589,2025-03-01,1,1,1.0,0,0.00,0,0,,716.38,0.00,0.0
1589,2025-04-01,5,3,0.6,3,552.07,3,1,0.3333333333333333,1114.94,0.00,0.0
1589,2025-05-01,4,2,0.5,2,425.75,2,2,1.0,1245.82,101.16,0.08119953123244128
1589,2025-06-01,3,1,0.3333333333333333,0,0.00,0,0,,881.40,245.90,0.2789879736782392
1589,2025-07-01,7,1,0.14285714285714285,2,323.88,2,0,0.0,832.45,113.45,0.13628446152922097
1589,2025-08-01,2,2,1.0,2,574.67,2,1,0.5,1174.56,85.47,0.07276767470371884
1589,2025-09-01,4,3,0.75,3,635.92,3,0,0.0,1810.77,84.63,0.04673702347620073
1589,2025-10-01,7,3,0.42857142857142855,1,1050.62,1,0,0.0,2367.05,281.96,0.11911873428951647
1589,2025-11-01,6,2,0.3333333333333333,3,696.65,3,0,0.0,2310.55,214.97,0.09303845404773754
1589,2025-12-01,2,2,1.0,2,1252.61,2,1,0.5,2459.34,211.40,0.08595802125773581
1589,2026-01-01,3,2,0.6666666666666666,1,82.77,1,0,0.0,2370.12,210.55,0.08883516446424654
1589,2026-02-01,6,0,0.0,0,0.00,0,0,,1845.88,1164.72,0.6309835959000585
1589,2026-03-01,4,2,0.5,1,232.97,1,1,1.0,1974.03,1233.40,0.6248131993941328
1589,2026-04-01,10,7,0.7,6,1411.75,6,0,0.0,3438.91,1381.23,0.40164761508733876
1589,2026-05-01,2,2,1.0,2,435.19,0,0,,3263.68,1210.88,0.37101676634964215
1589,2026-06-01,3,1,0.3333333333333333,1,135.27,0,0,,2824.31,1368.77,0.484638725918897
1590,2025-01-01,1,0,0.0,0,0.00,0,0,,0.00,0.00,
1590,2025-02-01,2,1,0.5,1,161.89,1,0,0.0,171.81,0.00,0.0
1590,2025-03-01,3,3,1.0,2,439.51,2,0,0.0,598.73,0.00,0.0
1590,2025-04-01,2,0,0.0,0,0.00,0,0,,430.11,0.00,0.0
1590,2025-05-01,2,2,1.0,2,321.05,2,1,0.5,635.63,0.00,0.0
1590,2025-06-01,4,2,0.5,1,205.36,1,1,1.0,686.96,0.00,0.0
1590,2025-07-01,2,2,1.0,1,88.10,1,1,1.0,620.51,225.03,0.3626533013166589
1590,2025-08-01,4,1,0.25,1,336.38,1,0,0.0,839.89,232.36,0.27665527628618036
1590,2025-09-01,1,1,1.0,0,0.00,0,0,,746.10,97.58,0.13078675780726443
1590,2025-10-01,0,0,,0,0.00,0,0,,623.55,194.04,0.31118595140726485
1590,2025-11-01,1,1,1.0,0,0.00,0,0,,413.64,123.38,0.29827869645102023
1590,2025-12-01,0,0,,1,143.39,1,0,0.0,444.61,256.95,0.5779222239715706
1590,2026-01-01,1,0,0.0,0,0.00,0,0,,303.32,118.36,0.3902149545034947
1590,2026-02-01,1,0,0.0,0,0.00,0,0,,276.40,118.44,0.42850940665701887
1590,2026-03-01,2,1,0.5,1,308.06,1,0,0.0,611.95,116.65,0.19062014870495955
1590,2026-04-01,2,2,1.0,2,272.67,2,0,0.0,895.25,179.80,0.2008377548170902
1590,2026-05-01,5,3,0.6,2,337.72,0,0,,1182.79,165.74,0.1401263115176828
1590,2026-06-01,2,1,0.5,1,311.09,0,0,,1285.99,131.59,0.10232583457103088
1591,2025-02-01,1,0,0.0,0,0.00,0,0,,0.00,0.00,
1591,2025-05-01,2,1,0.5,1,140.40,1,0,0.0,143.11,0.00,0.0
1591,2025-06-01,0,0,,0,0.00,0,0,,94.41,0.00,0.0
1591,2025-07-01,1,1,1.0,0,0.00,0,0,,47.24,0.00,0.0
1591,2025-08-01,0,0,,0,0.00,0,0,,0.00,0.00,
1591,2025-09-01,0,0,,0,0.00,0,0,,0.00,0.00,
1591,2025-10-01,0,0,,0,0.00,0,0,,0.00,0.00,
1591,2025-11-01,3,2,0.6666666666666666,0,0.00,0,0,,0.00,0.00,
1591,2025-12-01,0,0,,1,273.52,1,0,0.0,227.92,0.00,0.0
1591,2026-01-01,1,0,0.0,0,0.00,0,0,,92.08,0.00,0.0
1591,2026-02-01,0,0,,0,0.00,0,0,,36.85,0.00,0.0
1591,2026-03-01,0,0,,0,0.00,0,0,,0.00,0.00,
1591,2026-04-01,2,2,1.0,2,323.07,2,0,0.0,355.71,0.00,0.0
1591,2026-05-01,2,1,0.5,1,99.00,0,0,,395.72,0.00,0.0
1591,2026-06-01,0,0,,0,0.00,0,0,,273.39,0.00,0.0
1592,2025-01-01,12,6,0.5,6,1459.72,6,1,0.16666666666666666,1659.58,0.00,0.0
1592,2025-02-01,13,6,0.46153846153846156,6,1575.34,6,2,0.3333333333333333,2994.61,0.00,0.0
1592,2025-03-01,8,5,0.625,5,1813.66,5,0,0.0,3846.96,233.29,0.060642689292324324
1592,2025-04-01,7,4,0.5714285714285714,3,1416.52,3,0,0.0,4252.40,857.40,0.20162731633900857
1592,2025-05-01,11,5,0.45454545454545453,6,1563.60,6,0,0.0,4437.33,893.66,0.20139588446205262
1592,2025-06-01,13,8,0.6153846153846154,8,2608.18,8,0,0.0,6663.21,945.64,0.14191958530498064
1592,2025-07-01,16,9,0.5625,7,2849.43,7,1,0.14285714285714285,8182.66,1020.72,0.12474183211816207
1592,2025-08-01,7,4,0.5714285714285714,5,1023.39,5,1,0.2,6757.16,1142.56,0.16908878878108555
1592,2025-09-01,14,7,0.5,6,1916.65,6,0,0.0,6510.46,1446.11,0.2221210175625071
1592,2025-10-01,7,3,0.42857142857142855,3,789.84,3,0,0.0,4890.41,1135.72,0.23223410716074933
1592,2025-11-01,22,9,0.4090909090909091,6,803.58,6,0,0.0,4493.83,1298.53,0.2889584163174842
1592,2025-12-01,11,7,0.6363636363636364,4,898.14,4,0,0.0,3781.92,1587.78,0.4198343698438888
1592,2026-01-01,9,7,0.7777777777777778,4,1148.93,4,1,0.25,3786.78,1145.48,0.30249446759515997
1592,2026-02-01,12,8,0.6666666666666666,6,1207.21,6,0,0.0,4354.18,1144.93,0.262949625417415
1592,2026-03-01,9,4,0.4444444444444444,4,664.40,4,0,0.0,4268.51,1316.45,0.3084097261105163
1592,2026-04-01,15,6,0.4,6,987.22,6,0,0.0,4269.31,1304.67,0.3055927070182301
1592,2026-05-01,12,7,0.5833333333333334,5,1099.16,0,0,,4222.58,1319.74,0.3125435160494295
1592,2026-06-01,9,4,0.4444444444444444,6,1120.96,0,0,,4727.28,1314.53,0.2780732260411907
1593,2025-04-01,1,1,1.0,1,337.94,1,0,0.0,381.90,0.00,0.0
1593,2025-05-01,0,0,,0,0.00,0,0,,368.97,0.00,0.0
1593,2025-06-01,1,0,0.0,0,0.00,0,0,,304.26,0.00,0.0
1593,2025-07-01,0,0,,0,0.00,0,0,,182.74,0.00,0.0
1593,2025-08-01,1,1,1.0,0,0.00,0,0,,123.78,0.00,0.0
1593,2025-09-01,0,0,,0,0.00,0,0,,63.78,0.00,0.0
1593,2025-10-01,0,0,,0,0.00,0,0,,0.00,0.00,
1593,2025-11-01,1,1,1.0,0,0.00,0,0,,0.00,0.00,
1593,2025-12-01,0,0,,1,144.13,1,0,0.0,169.02,0.00,0.0
1593,2026-01-01,0,0,,0,0.00,0,0,,109.26,0.00,0.0
1593,2026-02-01,3,3,1.0,3,823.59,3,0,0.0,1045.55,0.00,0.0
1593,2026-03-01,1,1,1.0,1,381.47,1,0,0.0,1228.89,0.00,0.0
1593,2026-04-01,0,0,,0,0.00,0,0,,926.64,0.00,0.0
1593,2026-05-01,0,0,,0,0.00,0,0,,780.23,0.00,0.0
1593,2026-06-01,1,0,0.0,0,0.00,0,0,,622.75,78.65,0.1262946607788037
1594,2025-01-01,6,1,0.16666666666666666,1,189.61,1,0,0.0,256.95,0.00,0.0
1594,2025-02-01,4,2,0.5,1,564.03,1,1,1.0,861.56,0.00,0.0
1594,2025-03-01,4,3,0.75,1,177.49,1,0,0.0,1008.00,0.00,0.0
1594,2025-04-01,2,1,0.5,2,650.99,2,0,0.0,1361.84,0.00,0.0
1594,2025-05-01,2,0,0.0,0,0.00,0,0,,909.99,0.00,0.0
1594,2025-06-01,3,2,0.6666666666666666,2,775.59,2,1,0.5,1218.82,0.00,0.0
1594,2025-07-01,6,4,0.6666666666666666,2,318.97,2,0,0.0,1337.98,0.00,0.0
1594,2025-08-01,1,0,0.0,0,0.00,0,0,,1008.07,277.42,0.27519914291666253
1594,2025-09-01,3,1,0.3333333333333333,1,161.63,1,0,0.0,834.54,238.34,0.28559445922304505
1594,2025-10-01,2,1,0.5,1,39.26,1,0,0.0,565.86,317.00,0.5602092390343901
1594,2025-11-01,5,1,0.2,1,398.29,1,0,0.0,927.37,324.70,0.3501299373497094
1594,2025-12-01,3,2,0.6666666666666666,1,694.94,1,0,0.0,1513.94,321.28,0.21221448670356816
1594,2026-01-01,4,0,0.0,1,352.08,1,0,0.0,1533.01,311.51,0.20320154467355073
1594,2026-02-01,4,3,0.75,1,384.26,1,0,0.0,1807.47,311.69,0.1724454624419769
1594,2026-03-01,4,3,0.75,4,1320.88,4,0,0.0,2911.70,306.98,0.10542981763231103
1594,2026-04-01,6,3,0.5,3,843.34,3,0,0.0,3403.02,311.76,0.09161274397446974
1594,2026-05-01,1,1,1.0,1,1030.10,0,0,,4037.05,324.28,0.08032598060464942
1594,2026-06-01,2,1,0.5,1,176.06,0,0,,3131.51,323.93,0.1034421093977027
1595,2025-01-01,6,3,0.5,1,246.04,1,0,0.0,261.88,0.00,0.0
1595,2025-02-01,4,1,0.25,2,674.91,2,0,0.0,751.02,0.00,0.0
1595,2025-03-01,4,2,0.5,2,285.60,2,1,0.5,972.21,0.00,0.0
1595,2025-04-01,7,5,0.7142857142857143,3,1050.64,3,1,0.3333333333333333,1832.07,0.00,0.0
1595,2025-05-01,10,8,0.8,5,1477.11,5,0,0.0,2869.55,0.00,0.0
1595,2025-06-01,6,2,0.3333333333333333,3,661.01,3,0,0.0,2439.14,0.00,0.0
1595,2025-07-01,13,4,0.3076923076923077,3,1155.26,3,0,0.0,2844.85,0.00,0.0
1595,2025-08-01,10,2,0.2,1,221.30,1,0,0.0,2175.83,104.30,0.04793573027304523
1595,2025-09-01,6,3,0.5,5,1396.43,5,0,0.0,2360.23,103.28,0.043758447269969455
1595,2025-10-01,5,3,0.6,3,793.63,3,0,0.0,2035.02,98.04,0.048176430698469795
1595,2025-11-01,6,3,0.5,3,1219.96,3,0,0.0,2522.54,98.14,0.038905230442331934
1595,2025-12-01,7,4,0.5714285714285714,4,1561.46,4,0,0.0,3373.85,96.52,0.028608266520444004
1595,2026-01-01,10,6,0.6,6,1366.50,6,0,0.0,4097.16,96.12,0.0234601528863896
1595,2026-02-01,3,2,0.6666666666666666,2,457.50,2,0,0.0,3302.72,217.05,0.06571855924813488
1595,2026-03-01,5,1,0.2,1,200.69,1,0,0.0,2323.92,219.31,0.09437071844125443
1595,2026-04-01,9,7,0.7777777777777778,6,2746.62,6,1,0.16666666666666666,4457.43,217.35,0.04876128172511963
1595,2026-05-01,6,4,0.6666666666666666,4,2444.77,0,0,,5887.30,322.07,0.05470589234453824
1595,2026-06-01,4,1,0.25,1,417.19,0,0,,4941.67,218.99,0.04431497853964348
1596,2025-02-01,1,1,1.0,1,326.88,1,0,0.0,336.87,0.00,0.0
1596,2025-03-01,0,0,,0,0.00,0,0,,227.92,0.00,0.0
1596,2025-04-01,1,1,1.0,1,249.83,1,0,0.0,401.94,0.00,0.0
1596,2025-05-01,1,1,1.0,1,72.49,1,0,0.0,289.50,0.00,0.0
1596,2025-06-01,0,0,,0,0.00,0,0,,218.53,0.00,0.0
1596,2025-07-01,2,1,0.5,1,570.31,1,0,0.0,812.84,0.00,0.0
1596,2025-08-01,0,0,,0,0.00,0,0,,595.38,0.00,0.0
1596,2025-09-01,1,1,1.0,1,164.35,1,0,0.0,708.82,0.00,0.0
1596,2025-10-01,2,0,0.0,0,0.00,0,0,,644.42,531.17,0.8242605754011358
1596,2025-11-01,1,0,0.0,0,0.00,0,0,,531.70,531.70,1.0
1596,2025-12-01,1,1,1.0,1,273.32,1,0,0.0,827.99,522.88,0.6315052114155968
1596,2026-01-01,0,0,,0,0.00,0,0,,748.67,520.77,0.6955935191740019
1596,2026-02-01,0,0,,0,0.00,0,0,,657.09,508.68,0.7741405286946993
1596,2026-03-01,1,1,1.0,1,379.69,1,0,0.0,1011.43,513.98,0.5081715986276856
1596,2026-04-01,0,0,,0,0.00,0,0,,858.29,509.38,0.5934823894021835
1596,2026-05-01,1,0,0.0,0,0.00,0,0,,808.76,504.60,0.6239180968396063
1596,2026-06-01,3,1,0.3333333333333333,1,90.01,0,0,,853.04,513.23,0.6016482228265967
1597,2025-01-01,4,2,0.5,1,412.58,1,0,0.0,380.76,0.00,0.0
1597,2025-02-01,2,2,1.0,2,344.52,2,0,0.0,689.42,0.00,0.0
1597,2025-03-01,0,0,,1,189.01,1,0,0.0,672.68,0.00,0.0
1597,2025-04-01,1,0,0.0,0,0.00,0,0,,372.89,0.00,0.0
1597,2025-05-01,2,1,0.5,1,136.57,1,0,0.0,311.90,0.00,0.0
1597,2025-06-01,2,0,0.0,0,0.00,0,0,,126.34,0.00,0.0
1597,2025-07-01,6,4,0.6666666666666666,3,1340.13,3,0,0.0,1591.90,0.00,0.0
1597,2025-08-01,3,1,0.3333333333333333,1,190.66,1,0,0.0,1303.99,0.00,0.0
1597,2025-09-01,1,1,1.0,1,514.41,1,0,0.0,1522.78,0.00,0.0
1597,2025-10-01,3,2,0.6666666666666666,1,277.36,1,0,0.0,1289.52,0.00,0.0
1597,2025-11-01,4,4,1.0,3,513.99,3,0,0.0,1628.70,0.00,0.0
1597,2025-12-01,3,2,0.6666666666666666,3,1077.08,3,0,0.0,2519.25,0.00,0.0
1597,2026-01-01,4,4,1.0,2,312.61,2,0,0.0,2315.56,0.00,0.0
1597,2026-02-01,2,2,1.0,2,1055.03,2,0,0.0,3007.12,0.00,0.0
1597,2026-03-01,4,1,0.25,0,0.00,0,0,,2156.05,0.00,0.0
1597,2026-04-01,2,1,0.5,2,365.82,2,0,0.0,2171.14,0.00,0.0
1597,2026-05-01,7,4,0.5714285714285714,3,483.63,0,0,,2072.55,370.00,0.17852404043328265
1597,2026-06-01,1,1,1.0,0,0.00,0,0,,1464.02,0.00,0.0
1598,2025-03-01,2,1,0.5,1,195.52,1,0,0.0,223.27,0.00,0.0
1598,2025-04-01,0,0,,0,0.00,0,0,,188.35,0.00,0.0
1598,2025-05-01,0,0,,0,0.00,0,0,,182.61,0.00,0.0
1598,2025-06-01,1,0,0.0,0,0.00,0,0,,115.94,0.00,0.0
1598,2025-07-01,0,0,,0,0.00,0,0,,81.51,0.00,0.0
1598,2025-08-01,1,1,1.0,1,594.71,1,0,0.0,763.63,0.00,0.0
1598,2025-09-01,1,1,1.0,0,0.00,0,0,,756.12,0.00,0.0
1598,2025-10-01,0,0,,0,0.00,0,0,,638.11,15.39,0.024118098760401812
1598,2025-11-01,0,0,,0,0.00,0,0,,510.01,0.00,0.0
1598,2025-12-01,1,1,1.0,1,358.15,1,0,0.0,837.29,0.00,0.0
1598,2026-01-01,0,0,,0,0.00,0,0,,703.94,0.00,0.0
1598,2026-02-01,1,1,1.0,1,458.00,1,0,0.0,980.88,0.00,0.0
1598,2026-03-01,1,1,1.0,1,177.28,1,0,0.0,746.85,383.46,0.5134364330186784
1598,2026-04-01,1,1,1.0,1,95.29,1,1,1.0,671.75,0.00,0.0
1598,2026-05-01,0,0,,0,0.00,0,0,,454.79,0.00,0.0
1598,2026-06-01,0,0,,0,0.00,0,0,,296.76,0.00,0.0
1599,2025-01-01,1,0,0.0,0,0.00,0,0,,0.00,0.00,
1599,2025-02-01,3,2,0.6666666666666666,2,357.08,2,0,0.0,411.04,0.00,0.0
1599,2025-03-01,2,2,1.0,2,807.60,2,0,0.0,1240.10,0.00,0.0
1599,2025-04-01,3,3,1.0,3,775.02,3,1,0.3333333333333333,1881.31,0.00,0.0
1599,2025-05-01,2,2,1.0,2,421.44,2,0,0.0,1867.53,0.00,0.0
1599,2025-06-01,1,0,0.0,0,0.00,0,0,,1225.54,174.22,0.1421577427093363
1599,2025-07-01,3,2,0.6666666666666666,1,1271.48,1,0,0.0,2052.83,0.00,0.0
1599,2025-08-01,2,0,0.0,1,186.65,1,0,0.0,1504.44,0.00,0.0
1599,2025-09-01,2,1,0.5,0,0.00,0,0,,864.72,0.00,0.0
1599,2025-10-01,3,1,0.3333333333333333,1,279.17,1,1,1.0,637.14,0.00,0.0
1599,2025-11-01,0,0,,0,0.00,0,0,,522.69,0.00,0.0
1599,2025-12-01,2,2,1.0,2,432.54,2,0,0.0,823.11,0.00,0.0
1599,2026-01-01,2,2,1.0,2,362.31,2,0,0.0,957.24,0.00,0.0
1599,2026-02-01,2,1,0.5,1,399.31,1,0,0.0,866.04,0.00,0.0
1599,2026-03-01,1,0,0.0,0,0.00,0,0,,620.09,0.00,0.0
1599,2026-04-01,2,1,0.5,1,858.56,1,0,0.0,1569.59,220.69,0.14060359711771864
1599,2026-05-01,2,0,0.0,0,0.00,0,0,,1366.69,18.44,0.013492452567882987
1599,2026-06-01,1,1,1.0,1,82.80,0,0,,1427.16,0.00,0.0
1600,2025-01-01,3,3,1.0,2,820.81,2,0,0.0,940.54,0.00,0.0
1600,2025-02-01,2,0,0.0,0,0.00,0,0,,735.14,0.00,0.0
1600,2025-03-01,4,2,0.5,1,241.89,1,1,1.0,784.57,0.00,0.0
1600,2025-04-01,4,4,1.0,5,1332.79,5,0,0.0,2115.98,0.00,0.0
1600,2025-05-01,3,3,1.0,2,175.32,2,0,0.0,1620.88,255.00,0.15732194857114654
1600,2025-06-01,4,3,0.75,3,725.75,3,0,0.0,1786.21,0.00,0.0
1600,2025-07-01,4,2,0.5,3,720.69,3,0,0.0,2143.57,126.32,0.05892972937669401
1600,2025-08-01,1,1,1.0,1,583.71,1,0,0.0,1966.43,64.19,0.032642911265592975
1600,2025-09-01,3,3,1.0,1,186.98,1,0,0.0,1178.38,0.00,0.0
1600,2025-10-01,1,0,0.0,2,752.37,2,0,0.0,1566.81,0.00,0.0
1600,2025-11-01,3,3,1.0,3,1143.79,3,0,0.0,2274.24,0.00,0.0
1600,2025-12-01,3,2,0.6666666666666666,2,411.50,2,0,0.0,2243.98,0.00,0.0
1600,2026-01-01,4,2,0.5,2,536.32,2,0,0.0,1971.82,0.00,0.0
1600,2026-02-01,1,1,1.0,1,631.41,1,0,0.0,2250.17,0.00,0.0
1600,2026-03-01,6,5,0.8333333333333334,5,916.28,5,0,0.0,2286.57,187.27,0.0818999637010894
1600,2026-04-01,4,2,0.5,1,204.00,1,0,0.0,1834.68,0.00,0.0
1600,2026-05-01,6,6,1.0,7,1709.58,0,0,,3109.47,89.09,0.02865118492862128
1600,2026-06-01,6,3,0.5,1,210.83,0,0,,2335.73,118.72,0.05082779259589079
1601,2025-01-01,1,1,1.0,1,67.59,1,1,1.0,70.82,0.00,0.0
1601,2025-02-01,0,0,,0,0.00,0,0,,70.20,0.00,0.0
1601,2025-03-01,0,0,,0,0.00,0,0,,68.67,68.67,1.0
1601,2025-04-01,0,0,,0,0.00,0,0,,70.15,70.15,1.0
1601,2025-05-01,0,0,,0,0.00,0,0,,67.77,67.77,1.0
1601,2025-06-01,0,0,,0,0.00,0,0,,67.07,67.07,1.0
1601,2025-07-01,0,0,,0,0.00,0,0,,67.14,67.14,1.0
1601,2025-08-01,1,0,0.0,0,0.00,0,0,,68.23,68.23,1.0
1601,2025-09-01,0,0,,0,0.00,0,0,,70.34,70.34,1.0
1601,2025-10-01,0,0,,0,0.00,0,0,,70.73,70.73,1.0
1601,2025-11-01,1,0,0.0,0,0.00,0,0,,72.45,72.45,1.0
1601,2025-12-01,2,2,1.0,1,1836.00,1,0,0.0,2124.87,71.69,0.0337385345927045
1601,2026-01-01,0,0,,1,141.92,1,0,0.0,1718.60,69.50,0.04043989293611079
1601,2026-02-01,1,0,0.0,0,0.00,0,0,,1182.62,69.55,0.05881009960934197
1601,2026-03-01,0,0,,0,0.00,0,0,,1126.29,68.50,0.060819149597350596
1601,2026-04-01,0,0,,0,0.00,0,0,,606.70,69.56,0.114653041041701
1601,2026-05-01,0,0,,0,0.00,0,0,,72.36,72.36,1.0
1601,2026-06-01,0,0,,0,0.00,0,0,,72.28,72.28,1.0
1602,2025-03-01,2,2,1.0,2,460.19,2,0,0.0,515.27,0.00,0.0
1602,2025-04-01,0,0,,0,0.00,0,0,,427.72,0.00,0.0
1602,2025-05-01,0,0,,0,0.00,0,0,,275.49,0.00,0.0
1602,2025-06-01,1,1,1.0,0,0.00,0,0,,188.65,0.00,0.0
1602,2025-07-01,0,0,,0,0.00,0,0,,94.42,0.00,0.0
1602,2025-08-01,0,0,,0,0.00,0,0,,0.00,0.00,
1602,2025-09-01,0,0,,0,0.00,0,0,,0.00,0.00,
1602,2025-10-01,1,1,1.0,0,0.00,0,0,,0.00,0.00,
1602,2025-11-01,0,0,,0,0.00,0,0,,0.00,0.00,
1602,2025-12-01,0,0,,0,0.00,0,0,,0.00,0.00,
1602,2026-01-01,0,0,,0,0.00,0,0,,0.00,0.00,
1602,2026-02-01,1,1,1.0,0,0.00,0,0,,0.00,0.00,
1602,2026-03-01,0,0,,0,0.00,0,0,,0.00,0.00,
1602,2026-04-01,2,1,0.5,1,220.42,1,0,0.0,232.86,0.00,0.0
1602,2026-05-01,1,0,0.0,0,0.00,0,0,,161.47,0.00,0.0
1602,2026-06-01,0,0,,0,0.00,0,0,,161.29,0.00,0.0
1603,2025-01-01,2,1,0.5,0,0.00,0,0,,0.00,0.00,
1603,2025-02-01,0,0,,1,212.49,1,0,0.0,222.07,0.00,0.0
1603,2025-03-01,1,0,0.0,0,0.00,0,0,,144.81,0.00,0.0
1603,2025-04-01,1,1,1.0,1,883.86,1,0,0.0,1155.89,0.00,0.0
1603,2025-05-01,2,2,1.0,2,509.51,2,0,0.0,1206.33,0.00,0.0
1603,2025-06-01,0,0,,0,0.00,0,0,,754.41,0.00,0.0
1603,2025-07-01,1,0,0.0,0,0.00,0,0,,262.92,0.00,0.0
1603,2025-08-01,2,2,1.0,1,122.84,1,0,0.0,333.96,0.00,0.0
1603,2025-09-01,0,0,,1,151.16,1,0,0.0,215.34,0.00,0.0
1603,2025-10-01,1,0,0.0,0,0.00,0,0,,216.54,0.00,0.0
1603,2025-11-01,2,1,0.5,1,83.47,1,0,0.0,267.84,94.57,0.35308393070489846
1603,2025-12-01,2,1,0.5,1,176.75,1,0,0.0,314.99,0.00,0.0
1603,2026-01-01,1,1,1.0,1,737.88,1,0,0.0,996.64,0.00,0.0
1603,2026-02-01,1,1,1.0,0,0.00,0,0,,731.79,0.00,0.0
1603,2026-03-01,1,1,1.0,1,425.61,1,0,0.0,936.64,0.00,0.0
1603,2026-04-01,1,1,1.0,0,0.00,0,0,,697.59,0.00,0.0
1603,2026-05-01,1,0,0.0,0,0.00,0,0,,394.54,0.00,0.0
1603,2026-06-01,3,2,0.6666666666666666,2,1006.97,0,0,,1404.06,0.00,0.0
1604,2025-02-01,1,0,0.0,0,0.00,0,0,,0.00,0.00,
1604,2025-03-01,1,0,0.0,0,0.00,0,0,,0.00,0.00,
1604,2025-04-01,2,1,0.5,1,659.99,1,1,1.0,720.98,0.00,0.0
1604,2025-05-01,1,0,0.0,0,0.00,0,0,,696.56,0.00,0.0
1604,2025-06-01,1,1,1.0,1,279.81,1,0,0.0,828.83,0.00,0.0
1604,2025-07-01,1,0,0.0,0,0.00,0,0,,484.74,0.00,0.0
1604,2025-08-01,1,0,0.0,0,0.00,0,0,,413.26,0.00,0.0
1604,2025-09-01,1,0,0.0,0,0.00,0,0,,163.54,0.00,0.0
1604,2025-10-01,0,0,,0,0.00,0,0,,32.90,0.00,0.0
1604,2025-11-01,1,0,0.0,0,0.00,0,0,,0.00,0.00,
1604,2025-12-01,0,0,,0,0.00,0,0,,0.00,0.00,
1604,2026-01-01,0,0,,0,0.00,0,0,,0.00,0.00,
1604,2026-02-01,0,0,,0,0.00,0,0,,0.00,0.00,
1604,2026-03-01,1,1,1.0,1,899.56,1,0,0.0,939.80,0.00,0.0
1604,2026-04-01,0,0,,0,0.00,0,0,,636.29,0.00,0.0
1604,2026-05-01,1,0,0.0,0,0.00,0,0,,330.91,0.00,0.0
1604,2026-06-01,1,1,1.0,0,0.00,0,0,,0.00,0.00,
1605,2025-01-01,1,1,1.0,1,73.48,1,0,0.0,86.82,0.00,0.0
1605,2025-02-01,0,0,,0,0.00,0,0,,86.06,0.00,0.0
1605,2025-03-01,0,0,,0,0.00,0,0,,56.14,0.00,0.0
1605,2025-04-01,0,0,,0,0.00,0,0,,43.03,0.00,0.0
1605,2025-05-01,1,1,1.0,1,78.53,1,0,0.0,118.76,0.00,0.0
1605,2025-06-01,0,0,,0,0.00,0,0,,98.35,0.00,0.0
1605,2025-07-01,0,0,,0,0.00,0,0,,28.24,0.00,0.0
1605,2025-08-01,0,0,,0,0.00,0,0,,28.70,0.00,0.0
1605,2025-09-01,1,1,1.0,1,1356.55,1,0,0.0,1698.68,29.59,0.01741940801092613
1605,2025-10-01,1,0,0.0,0,0.00,0,0,,1398.67,0.00,0.0
1605,2025-11-01,1,1,1.0,1,110.05,1,0,0.0,1270.23,0.00,0.0
1605,2025-12-01,3,1,0.3333333333333333,0,0.00,0,0,,659.14,0.00,0.0
1605,2026-01-01,0,0,,1,249.65,1,0,0.0,896.06,0.00,0.0
1605,2026-02-01,0,0,,0,0.00,0,0,,557.26,89.34,0.1603201378171769
1605,2026-03-01,0,0,,0,0.00,0,0,,214.59,87.99,0.4100377464001118
1605,2026-04-01,0,0,,0,0.00,0,0,,153.63,89.36,0.5816572284059103
1605,2026-05-01,1,0,0.0,0,0.00,0,0,,92.95,92.95,1.0
1605,2026-06-01,0,0,,0,0.00,0,0,,92.85,92.85,1.0
1606,2025-01-01,2,2,1.0,1,356.60,1,0,0.0,385.63,0.00,0.0
1606,2025-02-01,2,2,1.0,2,441.07,2,0,0.0,749.00,0.00,0.0
1606,2025-03-01,1,0,0.0,0,0.00,0,0,,610.98,0.00,0.0
1606,2025-04-01,0,0,,0,0.00,0,0,,245.25,0.00,0.0
1606,2025-05-01,1,1,1.0,0,0.00,0,0,,132.48,0.00,0.0
1606,2025-06-01,0,0,,0,0.00,0,0,,77.11,0.00,0.0
1606,2025-07-01,3,3,1.0,1,306.32,1,0,0.0,367.46,0.00,0.0
1606,2025-08-01,1,1,1.0,3,390.06,3,0,0.0,736.65,0.00,0.0
1606,2025-09-01,4,4,1.0,3,1058.40,3,0,0.0,1694.12,0.00,0.0
1606,2025-10-01,2,1,0.5,1,295.51,1,1,1.0,1708.86,0.00,0.0
1606,2025-11-01,1,1,1.0,1,307.99,1,0,0.0,1597.43,0.00,0.0
1606,2025-12-01,3,1,0.3333333333333333,1,264.06,1,0,0.0,1573.29,361.98,0.23007837080258567
1606,2026-01-01,1,1,1.0,1,609.78,1,0,0.0,1759.45,292.46,0.16622239904515615
1606,2026-02-01,4,2,0.5,2,994.70,2,0,0.0,2406.53,0.00,0.0
1606,2026-03-01,2,2,1.0,1,386.19,1,0,0.0,2232.22,0.00,0.0
1606,2026-04-01,1,0,0.0,0,0.00,0,0,,1825.00,434.18,0.2379068493150685
1606,2026-05-01,2,1,0.5,0,0.00,0,0,,1210.63,451.61,0.37303717898945177
1606,2026-06-01,1,1,1.0,1,593.31,0,0,,1794.18,451.12,0.2514351960226956
1607,2024-12-01,6,2,0.3333333333333333,0,0.00,0,0,,0.00,0.00,
1607,2025-01-01,812,481,0.5923645320197044,370,110008.82,370,37,0.1,122340.39,0.00,0.0
1607,2025-02-01,742,452,0.6091644204851752,388,117698.41,388,42,0.10824742268041238,223172.97,0.00,0.0
1607,2025-03-01,804,440,0.5472636815920398,365,109821.32,365,32,0.08767123287671233,291531.61,7042.38,0.024156488553676907
1607,2025-04-01,760,408,0.5368421052631579,357,107424.67,357,32,0.0896358543417367,328806.20,14975.97,0.04554649516949497
1607,2025-05-01,769,451,0.5864759427828349,392,112812.14,392,39,0.09948979591836735,344787.78,19660.82,0.057022960616527646
1607,2025-06-01,717,382,0.5327754532775453,325,97861.89,325,26,0.08,368558.09,27947.50,0.07582929464389182
1607,2025-07-01,752,422,0.5611702127659575,340,107508.42,340,31,0.09117647058823529,390169.09,37623.60,0.09642896109479097
1607,2025-08-01,803,432,0.5379825653798257,359,119388.37,359,34,0.0947075208913649,405130.90,35782.21,0.08832258906936004
1607,2025-09-01,718,408,0.5682451253481894,345,111605.13,345,33,0.09565217391304348,410717.53,43295.09,0.10541329950051072
1607,2025-10-01,863,514,0.5955967555040557,428,149659.19,428,36,0.08411214953271028,441197.57,48477.93,0.10987805304548708
1607,2025-11-01,771,420,0.5447470817120622,372,113615.65,372,39,0.10483870967741936,448010.86,58757.04,0.13115092790384592
1607,2025-12-01,859,465,0.5413271245634459,391,124575.89,391,42,0.10741687979539642,447439.91,62192.76,0.13899689904729332
1607,2026-01-01,813,437,0.5375153751537516,369,105957.73,369,35,0.0948509485094851,433706.21,68303.23,0.15748732304294188
1607,2026-02-01,699,404,0.5779685264663805,345,107992.58,345,32,0.0927536231884058,431159.96,73902.96,0.1714049699791233
1607,2026-03-01,846,455,0.5378250591016549,399,126482.35,399,40,0.10025062656641603,450547.07,83129.46,0.18450782512024771
1607,2026-04-01,801,436,0.5443196004993758,371,114666.75,371,40,0.1078167115902965,453413.19,84605.14,0.1865961155651427
1607,2026-05-01,825,467,0.566060606060606,386,114184.86,0,0,,451049.42,92153.28,0.2043086099079786
1607,2026-06-01,725,418,0.576551724137931,373,111434.28,0,0,,462257.70,99551.06,0.2153583596335983
1608,2025-01-01,4,1,0.25,1,1257.70,1,0,0.0,1341.12,0.00,0.0
1608,2025-02-01,2,1,0.5,0,0.00,0,0,,886.26,0.00,0.0
1608,2025-03-01,1,1,1.0,1,154.15,1,0,0.0,166.45,0.00,0.0
1608,2025-04-01,3,2,0.6666666666666666,2,668.83,2,1,0.5,946.75,0.00,0.0
1608,2025-05-01,3,2,0.6666666666666666,2,680.92,2,0,0.0,1534.16,0.00,0.0
1608,2025-06-01,1,1,1.0,1,335.35,1,0,0.0,1562.60,399.49,0.2556572379367721
1608,2025-07-01,3,2,0.6666666666666666,2,195.71,2,0,0.0,1423.79,0.00,0.0
1608,2025-08-01,2,1,0.5,0,0.00,0,0,,941.67,0.00,0.0
1608,2025-09-01,4,2,0.5,2,922.30,2,1,0.5,1457.42,0.00,0.0
1608,2025-10-01,4,2,0.5,2,899.48,2,0,0.0,1495.06,129.38,0.08653833290971599
1608,2025-11-01,4,1,0.25,1,262.78,1,0,0.0,1368.61,243.54,0.1779469680917135
1608,2025-12-01,2,1,0.5,1,298.98,1,1,1.0,1337.78,241.14,0.18025385339891462
1608,2026-01-01,4,4,1.0,2,427.50,2,0,0.0,1370.15,116.83,0.08526803634638543
1608,2026-02-01,4,2,0.5,2,623.73,2,0,0.0,1513.90,0.00,0.0
1608,2026-03-01,3,2,0.6666666666666666,0,0.00,0,0,,1112.22,0.00,0.0
1608,2026-04-01,5,5,1.0,7,1595.79,7,0,0.0,2132.82,354.32,0.16612747442353315
1608,2026-05-01,3,1,0.3333333333333333,1,161.27,0,0,,1592.94,0.00,0.0
1608,2026-06-01,3,2,0.6666666666666666,1,97.33,0,0,,1122.72,294.49,0.26230048453755167
1609,2025-01-01,2,1,0.5,1,254.24,1,0,0.0,295.41,0.00,0.0
1609,2025-02-01,0,0,,0,0.00,0,0,,287.90,0.00,0.0
1609,2025-03-01,0,0,,0,0.00,0,0,,146.09,0.00,0.0
1609,2025-04-01,1,0,0.0,0,0.00,0,0,,147.89,0.00,0.0
1609,2025-05-01,1,0,0.0,0,0.00,0,0,,143.38,143.38,1.0
1609,2025-06-01,1,0,0.0,0,0.00,0,0,,0.00,0.00,
1609,2025-07-01,1,1,1.0,0,0.00,0,0,,0.00,0.00,
1609,2025-08-01,0,0,,1,165.54,1,0,0.0,116.80,0.00,0.0
1609,2025-09-01,1,0,0.0,0,0.00,0,0,,0.00,0.00,
1609,2025-10-01,1,0,0.0,0,0.00,0,0,,0.00,0.00,
1609,2025-11-01,1,1,1.0,1,643.82,1,0,0.0,694.01,0.00,0.0
1609,2025-12-01,0,0,,0,0.00,0,0,,455.00,0.00,0.0
1609,2026-01-01,0,0,,0,0.00,0,0,,226.58,0.00,0.0
1609,2026-02-01,1,1,1.0,1,1176.57,1,0,0.0,1336.33,0.00,0.0
1609,2026-03-01,1,1,1.0,1,152.76,1,1,1.0,1200.74,0.00,0.0
1609,2026-04-01,0,0,,0,0.00,0,0,,520.90,0.00,0.0
1609,2026-05-01,0,0,,0,0.00,0,0,,516.01,184.61,0.3577643844111549
1609,2026-06-01,0,0,,0,0.00,0,0,,187.77,187.77,1.0
1610,2024-12-01,1,0,0.0,0,0.00,0,0,,0.00,0.00,
1610,2025-01-01,2,1,0.5,1,1317.62,1,1,1.0,1482.17,0.00,0.0
1610,2025-02-01,4,2,0.5,2,592.14,2,0,0.0,2182.59,0.00,0.0
1610,2025-03-01,3,2,0.6666666666666666,2,983.14,2,0,0.0,3135.74,1437.08,0.4582905470479058
1610,2025-04-01,1,0,0.0,0,0.00,0,0,,2079.70,0.00,0.0
1610,2025-05-01,1,1,1.0,0,0.00,0,0,,879.21,0.00,0.0
1610,2025-06-01,3,3,1.0,2,1154.70,2,0,0.0,1789.46,0.00,0.0
1610,2025-07-01,1,1,1.0,3,1318.35,3,1,0.3333333333333333,2624.79,0.00,0.0
1610,2025-08-01,0,0,,0,0.00,0,0,,2224.80,0.00,0.0
1610,2025-09-01,1,0,0.0,0,0.00,0,0,,1281.35,0.00,0.0
1610,2025-10-01,2,2,1.0,2,1110.46,2,0,0.0,2154.73,175.43,0.08141623312433577
1610,2025-11-01,1,0,0.0,0,0.00,0,0,,1473.73,577.06,0.3915642621104272
1610,2025-12-01,1,1,1.0,1,462.74,1,1,1.0,1594.82,364.42,0.22850227611893506
1610,2026-01-01,3,2,0.6666666666666666,2,506.68,2,0,0.0,1992.21,353.33,0.17735580084428848
1610,2026-02-01,0,0,,0,0.00,0,0,,1477.68,353.54,0.23925342428671972
1610,2026-03-01,1,1,1.0,0,0.00,0,0,,1111.69,348.20,0.3132168140398852
1610,2026-04-01,0,0,,1,712.04,1,0,0.0,1295.12,353.62,0.2730403360306381
1610,2026-05-01,2,1,0.5,1,734.78,0,0,,1710.44,367.82,0.21504408222445687
1610,2026-06-01,1,1,1.0,1,261.81,0,0,,1428.69,367.42,0.25717265466966244
1611,2025-01-01,2,2,1.0,2,243.80,2,0,0.0,278.25,0.00,0.0
1611,2025-02-01,0,0,,0,0.00,0,0,,199.28,0.00,0.0
1611,2025-03-01,2,1,0.5,1,128.56,1,0,0.0,322.78,0.00,0.0
1611,2025-04-01,0,0,,0,0.00,0,0,,201.40,0.00,0.0
1611,2025-05-01,0,0,,0,0.00,0,0,,100.29,0.00,0.0
1611,2025-06-01,1,1,1.0,1,137.99,1,0,0.0,197.21,0.00,0.0
1611,2025-07-01,0,0,,0,0.00,0,0,,147.72,0.00,0.0
1611,2025-08-01,2,2,1.0,1,113.07,1,0,0.0,274.99,0.00,0.0
1611,2025-09-01,0,0,,0,0.00,0,0,,153.46,0.00,0.0
1611,2025-10-01,2,0,0.0,0,0.00,0,0,,140.28,0.00,0.0
1611,2025-11-01,2,2,1.0,1,142.40,1,0,0.0,285.51,0.00,0.0
1611,2025-12-01,0,0,,0,0.00,0,0,,176.78,0.00,0.0
1611,2026-01-01,1,0,0.0,0,0.00,0,0,,171.40,0.00,0.0
1611,2026-02-01,1,0,0.0,0,0.00,0,0,,120.23,0.00,0.0
1611,2026-03-01,0,0,,0,0.00,0,0,,67.88,0.00,0.0
1611,2026-04-01,2,2,1.0,1,86.71,1,0,0.0,149.61,0.00,0.0
1611,2026-05-01,1,1,1.0,0,0.00,0,0,,108.50,0.00,0.0
1611,2026-06-01,1,0,0.0,1,420.72,0,0,,382.40,0.00,0.0
1612,2025-01-01,3,1,0.3333333333333333,1,176.07,1,0,0.0,194.88,0.00,0.0
1612,2025-02-01,2,0,0.0,0,0.00,0,0,,144.88,0.00,0.0
1612,2025-03-01,3,2,0.6666666666666666,2,688.17,2,0,0.0,836.67,0.00,0.0
1612,2025-04-01,5,3,0.6,1,159.81,1,0,0.0,762.44,0.00,0.0
1612,2025-05-01,3,1,0.3333333333333333,1,367.52,1,0,0.0,805.94,0.00,0.0
1612,2025-06-01,1,0,0.0,0,0.00,0,0,,462.75,74.44,0.16086439762290652
1612,2025-07-01,4,4,1.0,2,485.06,2,0,0.0,920.24,59.63,0.0647983134834391
1612,2025-08-01,3,1,0.3333333333333333,1,180.97,1,0,0.0,828.12,45.45,0.05488335023909579
1612,2025-09-01,1,0,0.0,0,0.00,0,0,,569.92,46.86,0.08222206625491298
1612,2025-10-01,1,0,0.0,0,0.00,0,0,,287.67,47.12,0.1637987972329405
1612,2025-11-01,1,0,0.0,0,0.00,0,0,,48.27,48.27,1.0
1612,2025-12-01,3,2,0.6666666666666666,1,534.31,1,0,0.0,699.71,47.76,0.06825684926612453
1612,2026-01-01,3,2,0.6666666666666666,2,182.89,2,0,0.0,770.40,46.31,0.0601116303219107
1612,2026-02-01,1,0,0.0,0,0.00,0,0,,586.35,46.33,0.07901424064125522
1612,2026-03-01,3,2,0.6666666666666666,1,133.95,1,1,1.0,588.49,45.63,0.07753742629441453
1612,2026-04-01,1,0,0.0,0,0.00,0,0,,307.70,46.34,0.15060123496912578
1612,2026-05-01,3,2,0.6666666666666666,2,377.34,0,0,,750.85,210.42,0.28024239195578343
1612,2026-06-01,1,0,0.0,0,0.00,0,0,,576.70,210.19,0.364470261834576
1613,2025-04-01,1,0,0.0,0,0.00,0,0,,0.00,0.00,
1613,2025-05-01,1,1,1.0,1,459.86,1,0,0.0,606.64,0.00,0.0
1613,2025-06-01,0,0,,0,0.00,0,0,,588.44,0.00,0.0
1613,2025-07-01,0,0,,0,0.00,0,0,,564.12,0.00,0.0
1613,2025-08-01,0,0,,0,0.00,0,0,,510.04,0.00,0.0
1613,2025-09-01,0,0,,0,0.00,0,0,,448.91,0.00,0.0
1613,2025-10-01,0,0,,0,0.00,0,0,,372.89,0.00,0.0
1613,2025-11-01,1,0,0.0,0,0.00,0,0,,266.62,0.00,0.0
1613,2025-12-01,0,0,,0,0.00,0,0,,262.20,0.00,0.0
1613,2026-01-01,1,1,1.0,1,321.36,1,0,0.0,553.96,0.00,0.0
1613,2026-02-01,0,0,,0,0.00,0,0,,377.74,0.00,0.0
1613,2026-03-01,0,0,,0,0.00,0,0,,165.06,0.00,0.0
1613,2026-04-01,1,1,1.0,1,783.96,1,0,0.0,900.15,0.00,0.0
1613,2026-05-01,0,0,,0,0.00,0,0,,700.91,0.00,0.0
1613,2026-06-01,0,0,,0,0.00,0,0,,570.32,0.00,0.0
1614,2025-01-01,3,2,0.6666666666666666,1,250.63,1,0,0.0,274.36,0.00,0.0
1614,2025-02-01,0,0,,1,165.52,1,0,0.0,406.76,0.00,0.0
1614,2025-03-01,0,0,,0,0.00,0,0,,303.04,0.00,0.0
1614,2025-04-01,2,2,1.0,1,337.35,1,0,0.0,595.57,0.00,0.0
1614,2025-05-01,0,0,,0,0.00,0,0,,493.83,0.00,0.0
1614,2025-06-01,1,1,1.0,1,107.39,1,0,0.0,553.39,0.00,0.0
1614,2025-07-01,0,0,,0,0.00,0,0,,448.36,0.00,0.0
1614,2025-08-01,1,0,0.0,0,0.00,0,0,,272.47,0.00,0.0
1614,2025-09-01,0,0,,0,0.00,0,0,,177.00,0.00,0.0
1614,2025-10-01,0,0,,0,0.00,0,0,,79.94,0.00,0.0
1614,2025-11-01,0,0,,0,0.00,0,0,,60.01,0.00,0.0
1614,2025-12-01,1,0,0.0,0,0.00,0,0,,39.34,0.00,0.0
1614,2026-01-01,0,0,,0,0.00,0,0,,19.59,0.00,0.0
1614,2026-02-01,1,0,0.0,0,0.00,0,0,,0.00,0.00,
1614,2026-03-01,0,0,,0,0.00,0,0,,0.00,0.00,
1614,2026-04-01,1,1,1.0,1,116.57,1,0,0.0,125.94,0.00,0.0
1614,2026-05-01,0,0,,0,0.00,0,0,,93.57,0.00,0.0
1614,2026-06-01,1,1,1.0,0,0.00,0,0,,95.17,0.00,0.0
1615,2025-01-01,1,0,0.0,0,0.00,0,0,,0.00,0.00,
1615,2025-03-01,1,0,0.0,0,0.00,0,0,,0.00,0.00,
1615,2025-04-01,1,0,0.0,0,0.00,0,0,,0.00,0.00,
1615,2025-05-01,1,1,1.0,1,288.94,1,0,0.0,324.90,0.00,0.0
1615,2025-06-01,2,2,1.0,2,437.07,2,0,0.0,726.20,0.00,0.0
1615,2025-07-01,0,0,,0,0.00,0,0,,622.37,0.00,0.0
1615,2025-08-01,0,0,,0,0.00,0,0,,315.34,0.00,0.0
1615,2025-09-01,3,2,0.6666666666666666,2,529.45,2,0,0.0,589.19,0.00,0.0
1615,2025-10-01,1,1,1.0,1,309.21,1,0,0.0,859.51,0.00,0.0
1615,2025-11-01,0,0,,0,0.00,0,0,,619.49,0.00,0.0
1615,2025-12-01,2,1,0.5,1,210.41,1,0,0.0,694.11,0.00,0.0
1615,2026-01-01,0,0,,0,0.00,0,0,,596.65,443.97,0.7441045839269254
1615,2026-02-01,0,0,,0,0.00,0,0,,384.59,32.83,0.085363633999844
1615,2026-03-01,0,0,,0,0.00,0,0,,237.30,0.00,0.0
1615,2026-04-01,3,2,0.6666666666666666,1,43.96,1,0,0.0,291.96,0.00,0.0
1615,2026-05-01,1,0,0.0,1,200.79,0,0,,504.75,250.67,0.49662209014363545
1615,2026-06-01,2,1,0.5,0,0.00,0,0,,356.89,0.00,0.0
1616,2025-01-01,2,1,0.5,1,534.31,1,0,0.0,574.11,0.00,0.0
1616,2025-02-01,4,3,0.75,3,528.93,3,0,0.0,927.02,0.00,0.0
1616,2025-03-01,7,6,0.8571428571428571,5,962.06,5,2,0.4,1734.04,0.00,0.0
1616,2025-04-01,5,5,1.0,4,2483.51,4,0,0.0,4063.02,0.00,0.0
1616,2025-05-01,5,4,0.8,4,658.53,4,0,0.0,3740.55,314.07,0.08396358824237077
1616,2025-06-01,4,3,0.75,3,964.21,3,0,0.0,3845.20,315.79,0.0821257671902632
1616,2025-07-01,6,6,1.0,5,1362.92,5,0,0.0,4859.27,580.55,0.11947267799484283
1616,2025-08-01,4,2,0.5,3,1632.20,3,1,0.3333333333333333,4961.61,507.07,0.10219868147637562
1616,2025-09-01,7,3,0.42857142857142855,3,739.90,3,0,0.0,3537.81,429.77,0.12147910713124786
1616,2025-10-01,4,2,0.5,2,640.80,2,0,0.0,3171.17,749.02,0.2361967349590214
1616,2025-11-01,7,5,0.7142857142857143,5,1456.48,5,1,0.2,3420.00,710.65,0.2077923976608187
1616,2025-12-01,4,0,0.0,0,0.00,0,0,,2878.54,698.87,0.24278627359703184
1616,2026-01-01,5,5,1.0,4,699.81,4,0,0.0,2822.18,696.03,0.24662849286721614
1616,2026-02-01,8,6,0.75,5,1398.24,5,1,0.2,3766.27,679.88,0.18051812536010428
1616,2026-03-01,4,2,0.5,3,821.48,3,1,0.3333333333333333,4065.38,686.97,0.16898051350673246
1616,2026-04-01,1,0,0.0,0,0.00,0,0,,3153.83,680.82,0.21587086177758474
1616,2026-05-01,1,1,1.0,1,428.79,0,0,,2879.20,715.63,0.24855168102250627
1616,2026-06-01,3,2,0.6666666666666666,1,633.90,0,0,,3185.72,769.60,0.2415780420124807
1617,2025-03-01,1,0,0.0,0,0.00,0,0,,0.00,0.00,
1617,2025-10-01,2,1,0.5,1,488.18,1,0,0.0,535.00,0.00,0.0
1617,2025-11-01,0,0,,0,0.00,0,0,,365.35,0.00,0.0
1617,2025-12-01,0,0,,0,0.00,0,0,,180.76,0.00,0.0
1617,2026-01-01,1,0,0.0,0,0.00,0,0,,0.00,0.00,
1617,2026-02-01,0,0,,0,0.00,0,0,,0.00,0.00,
1617,2026-03-01,0,0,,0,0.00,0,0,,0.00,0.00,
1617,2026-04-01,1,1,1.0,1,988.07,1,0,0.0,1047.34,0.00,0.0
1617,2026-05-01,0,0,,0,0.00,0,0,,726.27,0.00,0.0
1617,2026-06-01,0,0,,0,0.00,0,0,,362.74,0.00,0.0
1618,2025-02-01,1,1,1.0,1,228.78,1,0,0.0,246.75,0.00,0.0
1618,2025-03-01,1,1,1.0,1,214.67,1,0,0.0,421.78,0.00,0.0
1618,2025-04-01,2,0,0.0,0,0.00,0,0,,307.76,0.00,0.0
1618,2025-05-01,1,0,0.0,0,0.00,0,0,,178.39,0.00,0.0
1618,2025-06-01,2,0,0.0,0,0.00,0,0,,58.82,0.00,0.0
1618,2025-07-01,1,0,0.0,0,0.00,0,0,,0.00,0.00,
1618,2025-08-01,2,1,0.5,1,789.85,1,0,0.0,953.48,0.00,0.0
1618,2025-09-01,1,1,1.0,0,0.00,0,0,,819.14,0.00,0.0
1618,2025-10-01,2,0,0.0,0,0.00,0,0,,658.97,0.00,0.0
1618,2025-11-01,1,0,0.0,0,0.00,0,0,,506.25,0.00,0.0
1618,2025-12-01,1,0,0.0,0,0.00,0,0,,333.95,0.00,0.0
1618,2026-01-01,1,1,1.0,1,1725.64,1,0,0.0,2592.34,0.00,0.0
1618,2026-02-01,0,0,,0,0.00,0,0,,2496.71,0.00,0.0
1618,2026-03-01,0,0,,0,0.00,0,0,,2195.53,0.00,0.0
1618,2026-04-01,0,0,,0,0.00,0,0,,1824.31,0.00,0.0
1618,2026-05-01,2,2,1.0,1,629.04,0,0,,2590.29,0.00,0.0
1618,2026-06-01,1,0,0.0,0,0.00,0,0,,1935.57,0.00,0.0
1619,2025-01-01,2,2,1.0,1,437.47,1,0,0.0,499.04,0.00,0.0
1619,2025-02-01,0,0,,0,0.00,0,0,,405.30,0.00,0.0
1619,2025-03-01,0,0,,0,0.00,0,0,,361.97,0.00,0.0
1619,2025-04-01,0,0,,0,0.00,0,0,,333.11,0.00,0.0
1619,2025-05-01,1,0,0.0,0,0.00,0,0,,161.48,0.00,0.0
1619,2025-06-01,0,0,,0,0.00,0,0,,85.44,0.00,0.0
1619,2025-07-01,1,0,0.0,0,0.00,0,0,,0.00,0.00,
1619,2025-08-01,1,1,1.0,1,380.26,1,0,0.0,421.00,0.00,0.0
1619,2025-09-01,1,1,1.0,1,494.98,1,0,0.0,992.15,0.00,0.0
1619,2025-10-01,0,0,,0,0.00,0,0,,842.95,0.00,0.0
1619,2025-11-01,1,0,0.0,0,0.00,0,0,,463.49,0.00,0.0
1619,2025-12-01,0,0,,0,0.00,0,0,,268.81,0.00,0.0
1619,2026-01-01,4,3,0.75,2,589.01,2,0,0.0,814.19,0.00,0.0
1619,2026-02-01,0,0,,0,0.00,0,0,,562.04,0.00,0.0
1619,2026-03-01,1,1,1.0,0,0.00,0,0,,209.14,0.00,0.0
1619,2026-04-01,1,1,1.0,1,540.66,1,0,0.0,605.31,0.00,0.0
1619,2026-05-01,0,0,,0,0.00,0,0,,449.72,0.00,0.0
1619,2026-06-01,0,0,,0,0.00,0,0,,304.94,0.00,0.0
1620,2025-02-01,1,1,1.0,0,0.00,0,0,,0.00,0.00,
1620,2025-03-01,0,0,,1,248.39,1,1,1.0,268.04,0.00,0.0
1620,2025-04-01,1,0,0.0,0,0.00,0,0,,273.83,0.00,0.0
1620,2025-05-01,1,0,0.0,0,0.00,0,0,,176.38,0.00,0.0
1620,2025-06-01,1,1,1.0,1,296.73,1,0,0.0,447.56,0.00,0.0
1620,2025-07-01,3,1,0.3333333333333333,1,157.04,1,0,0.0,428.84,0.00,0.0
1620,2025-08-01,0,0,,0,0.00,0,0,,269.54,0.00,0.0
1620,2025-09-01,1,1,1.0,1,335.80,1,0,0.0,435.47,0.00,0.0
1620,2025-10-01,1,0,0.0,0,0.00,0,0,,282.64,0.00,0.0
1620,2025-11-01,0,0,,0,0.00,0,0,,193.00,0.00,0.0
1620,2025-12-01,3,3,1.0,2,238.47,2,1,0.5,382.77,0.00,0.0
1620,2026-01-01,1,1,1.0,1,263.70,1,0,0.0,488.23,0.00,0.0
1620,2026-02-01,0,0,,1,400.49,1,0,0.0,948.61,177.27,0.18687342532758458
1620,2026-03-01,0,0,,0,0.00,0,0,,590.30,0.00,0.0
1620,2026-04-01,2,2,1.0,2,462.05,2,1,0.5,1064.07,0.00,0.0
1620,2026-05-01,0,0,,0,0.00,0,0,,876.01,0.00,0.0
1620,2026-06-01,5,4,0.8,2,661.83,0,0,,1486.26,255.83,0.17213004454133193
1621,2025-01-01,2,1,0.5,1,92.67,1,0,0.0,102.27,0.00,0.0
1621,2025-02-01,1,1,1.0,0,0.00,0,0,,33.78,0.00,0.0
1621,2025-03-01,1,0,0.0,1,280.33,1,0,0.0,333.97,0.00,0.0
1621,2025-04-01,0,0,,0,0.00,0,0,,204.97,0.00,0.0
1621,2025-05-01,0,0,,0,0.00,0,0,,99.02,0.00,0.0
1621,2025-06-01,0,0,,0,0.00,0,0,,0.00,0.00,
1621,2025-07-01,1,1,1.0,1,68.12,1,0,0.0,74.21,0.00,0.0
1621,2025-08-01,1,1,1.0,1,133.33,1,0,0.0,180.88,0.00,0.0
1621,2025-09-01,0,0,,0,0.00,0,0,,133.63,0.00,0.0
1621,2025-10-01,1,1,1.0,1,398.17,1,0,0.0,525.31,0.00,0.0
1621,2025-11-01,3,1,0.3333333333333333,1,661.48,1,0,0.0,1036.81,0.00,0.0
1621,2025-12-01,0,0,,0,0.00,0,0,,655.26,0.00,0.0
1621,2026-01-01,0,0,,0,0.00,0,0,,445.52,0.00,0.0
1621,2026-02-01,1,1,1.0,1,489.36,1,0,0.0,529.23,0.00,0.0
1621,2026-03-01,0,0,,0,0.00,0,0,,347.49,0.00,0.0
1621,2026-04-01,2,0,0.0,0,0.00,0,0,,176.45,0.00,0.0
1621,2026-05-01,0,0,,0,0.00,0,0,,0.00,0.00,
1621,2026-06-01,3,2,0.6666666666666666,1,299.62,0,0,,317.63,0.00,0.0
1622,2025-02-01,1,0,0.0,0,0.00,0,0,,0.00,0.00,
1622,2025-03-01,1,1,1.0,1,45.34,1,1,1.0,48.68,0.00,0.0
1622,2025-04-01,0,0,,0,0.00,0,0,,49.74,0.00,0.0
1622,2025-05-01,2,1,0.5,1,154.14,1,0,0.0,216.14,48.05,0.22230961413898398
1622,2025-06-01,1,1,1.0,1,81.60,1,1,1.0,254.00,0.00,0.0
1622,2025-07-01,1,1,1.0,1,371.56,1,0,0.0,616.38,15.88,0.025763327817255592
1622,2025-08-01,5,3,0.6,3,887.07,3,0,0.0,1453.09,115.35,0.0793825571712695
1622,2025-09-01,1,1,1.0,1,191.89,1,0,0.0,1285.33,0.00,0.0
1622,2025-10-01,1,1,1.0,1,307.85,1,0,0.0,1431.52,99.63,0.0695973510673969
1622,2025-11-01,2,1,0.5,1,259.08,1,0,0.0,1111.19,91.84,0.08265013184063931
1622,2025-12-01,0,0,,0,0.00,0,0,,715.06,144.09,0.20150756579867427
1622,2026-01-01,1,0,0.0,0,0.00,0,0,,201.55,0.00,0.0
1622,2026-02-01,1,0,0.0,0,0.00,0,0,,201.67,55.77,0.2765408836217583
1622,2026-03-01,0,0,,0,0.00,0,0,,179.30,54.92,0.30630228667038484
1622,2026-04-01,0,0,,0,0.00,0,0,,85.11,55.78,0.655387146046293
1622,2026-05-01,2,1,0.5,1,79.72,0,0,,156.44,58.02,0.37087701355152136
1622,2026-06-01,0,0,,0,0.00,0,0,,116.76,57.96,0.4964028776978417
1623,2025-01-01,3,1,0.3333333333333333,1,183.55,1,0,0.0,200.59,0.00,0.0
1623,2025-02-01,6,3,0.5,2,260.58,2,0,0.0,419.47,0.00,0.0
1623,2025-03-01,6,4,0.6666666666666666,5,943.64,5,0,0.0,1384.95,0.00,0.0
1623,2025-04-01,4,3,0.75,2,513.86,2,0,0.0,1558.25,0.00,0.0
1623,2025-05-01,6,4,0.6666666666666666,3,1051.86,3,0,0.0,2286.27,0.00,0.0
1623,2025-06-01,5,2,0.4,2,272.47,2,0,0.0,2099.98,54.81,0.02610024857379594
1623,2025-07-01,7,2,0.2857142857142857,1,93.82,1,0,0.0,1661.42,118.47,0.07130647277629978
1623,2025-08-01,5,2,0.4,2,764.44,2,0,0.0,1803.21,204.00,0.11313158201207846
1623,2025-09-01,6,5,0.8333333333333334,5,1564.21,5,1,0.2,2969.34,124.11,0.04179716704722261
1623,2025-10-01,5,2,0.4,2,571.82,2,0,0.0,2774.06,124.80,0.044988212223239586
1623,2025-11-01,5,2,0.4,0,0.00,0,0,,1758.93,668.00,0.379776341298403
1623,2025-12-01,4,3,0.75,3,992.35,3,0,0.0,2014.02,126.49,0.06280473878114418
1623,2026-01-01,7,2,0.2857142857142857,3,1317.39,3,1,0.3333333333333333,2571.91,122.64,0.047684405752922925
1623,2026-02-01,10,7,0.7,7,2385.58,7,0,0.0,4568.78,122.71,0.02685837357018723
1623,2026-03-01,2,1,0.5,1,103.18,1,0,0.0,3395.37,120.86,0.0355955315620978
1623,2026-04-01,5,5,1.0,4,900.21,4,0,0.0,3476.90,122.74,0.03530156173602922
1623,2026-05-01,7,4,0.5714285714285714,3,921.46,0,0,,3343.56,127.67,0.038183851942241206
1623,2026-06-01,4,2,0.5,3,1130.43,0,0,,3625.24,127.53,0.035178360605090976
1624,2025-01-01,3,2,0.6666666666666666,2,481.36,2,0,0.0,544.90,0.00,0.0
1624,2025-02-01,0,0,,0,0.00,0,0,,489.56,0.00,0.0
1624,2025-03-01,2,1,0.5,1,124.63,1,0,0.0,504.53,0.00,0.0
1624,2025-04-01,3,2,0.6666666666666666,1,124.30,1,0,0.0,575.29,323.44,0.562220792991361
1624,2025-05-01,2,2,1.0,2,212.63,2,1,0.5,537.78,0.00,0.0
1624,2025-06-01,0,0,,0,0.00,0,0,,367.92,0.00,0.0
1624,2025-07-01,2,1,0.5,1,584.54,1,0,0.0,834.84,78.83,0.09442527909539553
1624,2025-08-01,1,1,1.0,0,0.00,0,0,,581.59,53.41,0.09183445382485943
1624,2025-09-01,0,0,,1,224.10,1,0,0.0,689.54,55.06,0.079850335005946
1624,2025-10-01,2,1,0.5,1,39.47,1,0,0.0,518.65,55.37,0.10675792923937144
1624,2025-11-01,1,1,1.0,1,542.40,1,0,0.0,940.56,56.72,0.06030449944713788
1624,2025-12-01,2,1,0.5,0,0.00,0,0,,706.90,56.12,0.07938888102984863
1624,2026-01-01,0,0,,0,0.00,0,0,,429.10,54.41,0.12680027965509205
1624,2026-02-01,1,1,1.0,1,197.93,1,0,0.0,442.33,54.44,0.12307553184274185
1624,2026-03-01,4,3,0.75,2,807.63,2,0,0.0,1057.29,53.62,0.05071456270275894
1624,2026-04-01,2,0,0.0,1,293.61,1,0,0.0,1032.34,54.46,0.05275393765619855
1624,2026-05-01,2,2,1.0,2,232.71,0,0,,962.10,56.64,0.058871219207982536
1624,2026-06-01,1,1,1.0,1,232.44,0,0,,1022.58,56.58,0.055330634278002694
1625,2025-01-01,1,0,0.0,0,0.00,0,0,,0.00,0.00,
1625,2025-02-01,1,0,0.0,0,0.00,0,0,,0.00,0.00,
1625,2025-03-01,6,4,0.6666666666666666,3,379.37,3,1,0.3333333333333333,421.60,0.00,0.0
1625,2025-04-01,0,0,,1,170.05,1,0,0.0,494.69,0.00,0.0
1625,2025-05-01,1,1,1.0,1,155.10,1,0,0.0,495.98,0.00,0.0
1625,2025-06-01,1,0,0.0,0,0.00,0,0,,363.72,104.93,0.28849114703618167
1625,2025-07-01,2,2,1.0,2,433.23,2,0,0.0,755.18,0.00,0.0
1625,2025-08-01,0,0,,0,0.00,0,0,,606.50,37.05,0.06108821104699093
1625,2025-09-01,1,0,0.0,0,0.00,0,0,,420.51,36.69,0.08725119497752729
1625,2025-10-01,1,1,1.0,1,76.46,1,0,0.0,377.25,34.83,0.09232604373757455
1625,2025-11-01,2,2,1.0,2,1013.70,2,1,0.5,1414.75,34.87,0.02464746421629263
1625,2025-12-01,1,1,1.0,1,585.53,1,0,0.0,1765.46,34.29,0.019422700032852628
1625,2026-01-01,1,1,1.0,1,619.31,1,0,0.0,1907.51,34.15,0.017902920561360097
1625,2026-02-01,3,3,1.0,1,257.45,1,0,0.0,1220.66,33.36,0.02732947749578097
1625,2026-03-01,1,1,1.0,1,129.70,1,0,0.0,1057.14,33.70,0.031878464536390635
1625,2026-04-01,1,1,1.0,1,568.13,1,0,0.0,1635.22,33.40,0.020425386186568167
1625,2026-05-01,1,1,1.0,1,174.96,0,0,,1612.89,220.04,0.13642591869253326
1625,2026-06-01,3,2,0.6666666666666666,2,430.86,0,0,,1609.80,33.66,0.020909429742825194
1626,2025-01-01,2,1,0.5,1,257.40,1,0,0.0,288.47,0.00,0.0
1626,2025-02-01,1,1,1.0,1,250.27,1,0,0.0,527.18,0.00,0.0
1626,2025-03-01,0,0,,0,0.00,0,0,,422.09,0.00,0.0
1626,2025-04-01,2,1,0.5,1,91.41,1,0,0.0,432.97,0.00,0.0
1626,2025-05-01,2,1,0.5,1,606.34,1,0,0.0,971.67,0.00,0.0
1626,2025-06-01,1,0,0.0,0,0.00,0,0,,742.39,0.00,0.0
1626,2025-07-01,0,0,,0,0.00,0,0,,554.17,0.00,0.0
1626,2025-08-01,0,0,,0,0.00,0,0,,379.27,0.00,0.0
1626,2025-09-01,0,0,,0,0.00,0,0,,250.36,0.00,0.0
1626,2025-10-01,0,0,,0,0.00,0,0,,118.84,0.00,0.0
1626,2025-11-01,0,0,,0,0.00,0,0,,0.00,0.00,
1626,2025-12-01,1,0,0.0,0,0.00,0,0,,0.00,0.00,
1626,2026-01-01,0,0,,0,0.00,0,0,,0.00,0.00,
1626,2026-02-01,0,0,,0,0.00,0,0,,0.00,0.00,
1626,2026-03-01,0,0,,0,0.00,0,0,,0.00,0.00,
1626,2026-04-01,0,0,,0,0.00,0,0,,0.00,0.00,
1626,2026-05-01,2,1,0.5,1,175.34,0,0,,186.88,0.00,0.0
1626,2026-06-01,0,0,,0,0.00,0,0,,126.72,0.00,0.0
1627,2024-12-01,1,1,1.0,0,0.00,0,0,,0.00,0.00,
1627,2025-01-01,5,2,0.4,3,642.85,3,0,0.0,635.20,0.00,0.0
1627,2025-02-01,9,5,0.5555555555555556,3,648.22,3,1,0.3333333333333333,1261.80,0.00,0.0
1627,2025-03-01,8,4,0.5,4,1028.79,4,1,0.25,2086.10,0.00,0.0
1627,2025-04-01,8,6,0.75,4,865.29,4,0,0.0,2537.76,126.49,0.04984316877876552
1627,2025-05-01,6,2,0.3333333333333333,3,1215.16,3,0,0.0,3196.93,0.00,0.0
1627,2025-06-01,5,4,0.8,1,249.15,1,0,0.0,2391.95,92.97,0.03886786931164949
1627,2025-07-01,8,6,0.75,7,1656.21,7,1,0.14285714285714285,3438.00,137.63,0.04003199534613147
1627,2025-08-01,13,5,0.38461538461538464,5,1097.74,5,1,0.2,4002.48,94.58,0.023630349183506226
1627,2025-09-01,13,6,0.46153846153846156,4,1875.76,4,0,0.0,5196.29,158.87,0.030573736261832962
1627,2025-10-01,4,3,0.75,3,1206.82,3,0,0.0,4682.00,803.20,0.17155061939342162
1627,2025-11-01,6,6,1.0,3,511.27,3,0,0.0,4121.67,163.64,0.03970235365761936
1627,2025-12-01,6,5,0.8333333333333334,6,1224.25,6,0,0.0,4166.50,382.02,0.09168846753870154
1627,2026-01-01,8,4,0.5,3,684.87,3,0,0.0,3587.38,370.40,0.10325084044623095
1627,2026-02-01,11,7,0.6363636363636364,3,925.70,3,1,0.3333333333333333,3173.22,603.80,0.1902799049545887
1627,2026-03-01,9,5,0.5555555555555556,4,1653.13,4,0,0.0,4405.59,1305.21,0.296262248643201
1627,2026-04-01,7,5,0.7142857142857143,7,2053.69,7,1,0.14285714285714285,5490.14,1097.67,0.19993479219109167
1627,2026-05-01,4,3,0.75,2,276.77,0,0,,4539.23,990.70,0.21825287548769287
1627,2026-06-01,6,4,0.6666666666666666,5,2690.38,0,0,,6395.92,991.84,0.15507385958548575
1628,2025-01-01,4,3,0.75,1,1072.40,1,1,1.0,1150.98,0.00,0.0
1628,2025-02-01,1,1,1.0,2,659.37,2,0,0.0,1773.84,0.00,0.0
1628,2025-03-01,2,2,1.0,1,398.36,1,0,0.0,2248.64,1138.41,0.5062660096769603
1628,2025-04-01,1,1,1.0,1,67.77,1,0,0.0,1925.66,1152.39,0.5984389767664073
1628,2025-05-01,3,1,0.3333333333333333,0,0.00,0,0,,1702.61,1117.29,0.6562219181139545
1628,2025-06-01,1,1,1.0,0,0.00,0,0,,1568.81,1182.29,0.753622172219708
1628,2025-07-01,3,2,0.6666666666666666,3,732.52,3,0,0.0,2297.55,1246.79,0.5426606602685469
1628,2025-08-01,4,4,1.0,4,1290.96,4,0,0.0,3293.40,1252.51,0.38030910305459403
1628,2025-09-01,1,0,0.0,0,0.00,0,0,,2800.73,1240.20,0.44281312372131554
1628,2025-10-01,3,2,0.6666666666666666,2,615.22,2,0,0.0,2877.53,1177.36,0.4091564640507657
1628,2025-11-01,2,0,0.0,0,0.00,0,0,,2259.50,1208.83,0.5349988935605222
1628,2025-12-01,1,1,1.0,1,225.12,1,0,0.0,2203.47,1159.00,0.5259885544164432
1628,2026-01-01,1,1,1.0,0,0.00,0,0,,1826.07,1154.31,0.63212801261726
1628,2026-02-01,2,1,0.5,0,0.00,0,0,,1669.75,1127.52,0.6752627638868094
1628,2026-03-01,0,0,,0,0.00,0,0,,1459.76,1139.27,0.780450210993588
1628,2026-04-01,1,0,0.0,0,0.00,0,0,,1316.41,1129.07,0.8576887140024764
1628,2026-05-01,3,2,0.6666666666666666,2,524.95,0,0,,1810.85,1118.47,0.6176491702791507
1628,2026-06-01,1,0,0.0,0,0.00,0,0,,1496.80,1137.60,0.7600213789417424
1629,2025-01-01,3,3,1.0,3,2001.82,3,0,0.0,2211.64,0.00,0.0
1629,2025-02-01,2,1,0.5,1,614.40,1,1,1.0,2278.40,0.00,0.0
1629,2025-03-01,1,0,0.0,0,0.00,0,0,,1542.34,0.00,0.0
1629,2025-04-01,1,1,1.0,0,0.00,0,0,,1145.04,651.90,0.5693250890798575
1629,2025-05-01,1,1,1.0,1,506.95,1,0,0.0,1131.95,472.38,0.4173152524404788
1629,2025-06-01,2,1,0.5,1,18.89,1,0,0.0,546.67,0.00,0.0
1629,2025-07-01,6,5,0.8333333333333334,4,1809.90,4,0,0.0,2594.04,0.00,0.0
1629,2025-08-01,1,0,0.0,0,0.00,0,0,,2347.30,0.00,0.0
1629,2025-09-01,3,1,0.3333333333333333,1,116.87,1,0,0.0,2018.65,414.53,0.20535011022217817
1629,2025-10-01,2,2,1.0,1,165.53,1,0,0.0,1794.53,585.55,0.3262971362975263
1629,2025-11-01,1,1,1.0,1,75.56,1,0,0.0,1556.72,513.37,0.3297767100056529
1629,2025-12-01,0,0,,0,0.00,0,0,,1299.19,422.48,0.3251872320445816
1629,2026-01-01,0,0,,0,0.00,0,0,,1239.43,409.62,0.3304906287567672
1629,2026-02-01,0,0,,0,0.00,0,0,,966.59,409.87,0.4240370788028016
1629,2026-03-01,4,2,0.5,2,494.34,2,1,0.5,1453.94,403.67,0.27763869210558895
1629,2026-04-01,5,3,0.6,2,1367.45,2,0,0.0,2953.11,409.96,0.13882313899583829
1629,2026-05-01,2,0,0.0,1,964.06,0,0,,3849.33,766.06,0.19901125650437868
1629,2026-06-01,0,0,,0,0.00,0,0,,3055.76,856.24,0.28020525172133937
1630,2025-01-01,10,3,0.3,1,196.86,1,0,0.0,210.93,0.00,0.0
1630,2025-02-01,6,2,0.3333333333333333,3,368.47,3,0,0.0,608.29,0.00,0.0
1630,2025-03-01,9,4,0.4444444444444444,3,1076.17,3,0,0.0,1819.10,0.00,0.0
1630,2025-04-01,6,2,0.3333333333333333,3,744.81,3,2,0.6666666666666666,2204.08,0.00,0.0
1630,2025-05-01,4,2,0.5,0,0.00,0,0,,1757.22,0.00,0.0
1630,2025-06-01,11,6,0.5454545454545454,5,2333.78,5,0,0.0,4261.47,303.60,0.07124302177417652
1630,2025-07-01,12,7,0.5833333333333334,6,1478.22,6,1,0.16666666666666666,4722.38,320.16,0.06779632304050077
1630,2025-08-01,10,3,0.3,3,1866.44,3,0,0.0,6107.87,321.63,0.05265829167942343
1630,2025-09-01,10,7,0.7,5,1902.21,5,2,0.4,6680.32,396.34,0.059329493197930634
1630,2025-10-01,8,3,0.375,2,175.40,2,0,0.0,5274.11,376.26,0.07134094662416977
1630,2025-11-01,10,5,0.5,5,1193.51,5,0,0.0,5114.75,376.63,0.07363605259299086
1630,2025-12-01,8,5,0.625,5,2320.47,5,0,0.0,6043.37,535.86,0.08866907040277197
1630,2026-01-01,10,6,0.6,5,1110.58,5,0,0.0,5443.96,533.69,0.0980334168509688
1630,2026-02-01,7,6,0.8571428571428571,6,1197.30,6,2,0.3333333333333333,5018.62,521.31,0.10387516887112393
1630,2026-03-01,7,4,0.5714285714285714,4,1178.65,4,0,0.0,5176.76,875.09,0.16904202628671214
1630,2026-04-01,14,8,0.5714285714285714,5,2228.36,5,0,0.0,6055.47,867.26,0.14321927117135416
1630,2026-05-01,10,6,0.6,7,2140.48,0,0,,6628.12,1147.21,0.1730822616367839
1630,2026-06-01,11,9,0.8181818181818182,5,1003.13,0,0,,5712.44,1166.84,0.20426297694155213
1631,2025-04-01,1,1,1.0,0,0.00,0,0,,0.00,0.00,
1631,2025-05-01,0,0,,1,291.09,1,0,0.0,346.21,0.00,0.0
1631,2025-06-01,0,0,,0,0.00,0,0,,244.23,0.00,0.0
1631,2025-07-01,0,0,,0,0.00,0,0,,257.56,0.00,0.0
1631,2025-08-01,2,1,0.5,0,0.00,0,0,,155.24,0.00,0.0
1631,2025-09-01,1,0,0.0,0,0.00,0,0,,64.05,0.00,0.0
1631,2025-10-01,1,1,1.0,0,0.00,0,0,,24.32,0.00,0.0
1631,2025-11-01,1,0,0.0,1,413.39,1,0,0.0,492.63,0.00,0.0
1631,2025-12-01,0,0,,0,0.00,0,0,,403.72,0.00,0.0
1631,2026-01-01,1,1,1.0,0,0.00,0,0,,321.67,0.00,0.0
1631,2026-02-01,0,0,,0,0.00,0,0,,235.65,0.00,0.0
1631,2026-03-01,0,0,,0,0.00,0,0,,79.37,0.00,0.0
1631,2026-04-01,0,0,,0,0.00,0,0,,0.00,0.00,
1631,2026-05-01,1,1,1.0,1,217.18,0,0,,235.58,0.00,0.0
1631,2026-06-01,1,1,1.0,0,0.00,0,0,,191.69,0.00,0.0
1632,2025-01-01,2,0,0.0,0,0.00,0,0,,0.00,0.00,
1632,2025-03-01,3,0,0.0,0,0.00,0,0,,0.00,0.00,
1632,2025-04-01,1,1,1.0,0,0.00,0,0,,0.00,0.00,
1632,2025-06-01,1,0,0.0,0,0.00,0,0,,0.00,0.00,
1632,2025-07-01,1,0,0.0,0,0.00,0,0,,0.00,0.00,
1632,2025-08-01,1,0,0.0,0,0.00,0,0,,0.00,0.00,
1632,2025-09-01,2,2,1.0,2,367.50,2,0,0.0,439.51,0.00,0.0
1632,2025-10-01,0,0,,0,0.00,0,0,,351.50,0.00,0.0
1632,2025-11-01,0,0,,0,0.00,0,0,,174.72,0.00,0.0
1632,2025-12-01,1,1,1.0,1,367.66,1,1,1.0,611.93,0.00,0.0
1632,2026-01-01,2,1,0.5,1,156.07,1,0,0.0,688.08,0.00,0.0
1632,2026-02-01,0,0,,0,0.00,0,0,,476.51,0.00,0.0
1632,2026-03-01,1,1,1.0,1,118.75,1,0,0.0,461.41,0.00,0.0
1632,2026-04-01,0,0,,0,0.00,0,0,,393.62,0.00,0.0
1632,2026-05-01,0,0,,0,0.00,0,0,,303.71,0.00,0.0
1632,2026-06-01,1,0,0.0,0,0.00,0,0,,248.51,147.57,0.5938191622067522
1633,2025-01-01,1,1,1.0,1,296.65,1,0,0.0,308.09,0.00,0.0
1633,2025-02-01,0,0,,0,0.00,0,0,,203.59,0.00,0.0
1633,2025-03-01,2,1,0.5,1,508.12,1,1,1.0,779.93,0.00,0.0
1633,2025-04-01,1,0,0.0,0,0.00,0,0,,695.05,0.00,0.0
1633,2025-05-01,1,1,1.0,1,133.01,1,0,0.0,698.65,0.00,0.0
1633,2025-06-01,1,1,1.0,1,223.55,1,0,0.0,884.63,0.00,0.0
1633,2025-07-01,0,0,,0,0.00,0,0,,649.05,0.00,0.0
1633,2025-08-01,1,0,0.0,0,0.00,0,0,,475.47,0.00,0.0
1633,2025-09-01,2,1,0.5,1,446.73,1,0,0.0,830.78,0.00,0.0
1633,2025-10-01,0,0,,0,0.00,0,0,,673.74,0.00,0.0
1633,2025-11-01,0,0,,0,0.00,0,0,,464.71,0.00,0.0
1633,2025-12-01,0,0,,0,0.00,0,0,,243.15,0.00,0.0
1633,2026-01-01,1,0,0.0,0,0.00,0,0,,114.83,0.00,0.0
1633,2026-02-01,1,1,1.0,1,126.47,1,0,0.0,246.56,0.00,0.0
1633,2026-03-01,2,1,0.5,1,102.62,1,0,0.0,290.02,0.00,0.0
1633,2026-04-01,1,1,1.0,1,210.35,1,0,0.0,467.97,57.50,0.12287112421736435
1633,2026-05-01,0,0,,0,0.00,0,0,,308.64,0.00,0.0
1633,2026-06-01,0,0,,0,0.00,0,0,,235.72,0.00,0.0
1634,2025-01-01,3,2,0.6666666666666666,2,546.74,2,0,0.0,593.13,0.00,0.0
1634,2025-02-01,0,0,,0,0.00,0,0,,391.96,0.00,0.0
1634,2025-03-01,2,2,1.0,2,572.17,2,1,0.5,817.67,0.00,0.0
1634,2025-04-01,2,0,0.0,0,0.00,0,0,,581.38,0.00,0.0
1634,2025-05-01,4,2,0.5,2,608.14,2,0,0.0,1038.90,0.00,0.0
1634,2025-06-01,2,2,1.0,2,534.75,2,1,0.5,1375.61,207.54,0.15087124984552308
1634,2025-07-01,1,1,1.0,1,222.43,1,1,1.0,1208.34,0.00,0.0
1634,2025-08-01,2,1,0.5,1,467.26,1,0,0.0,1620.19,296.03,0.1827131385825119
1634,2025-09-01,2,2,1.0,2,501.80,2,1,0.5,1756.28,203.45,0.11584143758398432
1634,2025-10-01,2,1,0.5,1,157.34,1,0,0.0,1468.86,444.23,0.3024318178723636
1634,2025-11-01,3,3,1.0,3,965.17,3,0,0.0,2292.60,405.94,0.17706534066125795
1634,2025-12-01,5,4,0.8,3,1100.48,3,1,0.3333333333333333,2862.50,290.79,0.10158602620087337
1634,2026-01-01,3,1,0.3333333333333333,2,638.94,2,0,0.0,2740.15,504.30,0.18404101965220881
1634,2026-02-01,2,0,0.0,0,0.00,0,0,,1897.98,422.69,0.2227051918355304
1634,2026-03-01,4,3,0.75,2,357.80,2,0,0.0,1413.22,277.85,0.19660774684762458
1634,2026-04-01,2,2,1.0,2,476.37,2,0,0.0,1670.96,457.56,0.2738306123426054
1634,2026-05-01,3,3,1.0,4,825.04,0,0,,2146.02,475.93,0.22177332923271917
1634,2026-06-01,0,0,,0,0.00,0,0,,1651.44,475.42,0.28788209078137866
1635,2025-03-01,1,1,1.0,1,155.90,1,0,0.0,221.86,0.00,0.0
1635,2025-04-01,0,0,,0,0.00,0,0,,187.16,0.00,0.0
1635,2025-05-01,0,0,,0,0.00,0,0,,181.46,0.00,0.0
1635,2025-06-01,0,0,,0,0.00,0,0,,192.01,0.00,0.0
1635,2025-07-01,0,0,,0,0.00,0,0,,161.99,0.00,0.0
1635,2025-08-01,0,0,,0,0.00,0,0,,142.39,0.00,0.0
1635,2025-09-01,1,0,0.0,0,0.00,0,0,,120.85,0.00,0.0
1635,2025-10-01,0,0,,0,0.00,0,0,,95.61,0.00,0.0
1635,2025-11-01,0,0,,0,0.00,0,0,,57.42,0.00,0.0
1635,2025-12-01,0,0,,0,0.00,0,0,,56.47,0.00,0.0
1635,2026-01-01,0,0,,0,0.00,0,0,,37.50,0.00,0.0
1635,2026-02-01,0,0,,0,0.00,0,0,,18.31,0.00,0.0
1635,2026-03-01,0,0,,0,0.00,0,0,,0.00,0.00,
1635,2026-04-01,1,1,1.0,0,0.00,0,0,,0.00,0.00,
1635,2026-05-01,1,1,1.0,2,601.11,0,0,,521.26,0.00,0.0
1635,2026-06-01,2,1,0.5,1,294.00,0,0,,681.09,0.00,0.0
1636,2025-01-01,1,1,1.0,1,224.39,1,0,0.0,252.05,0.00,0.0
1636,2025-02-01,1,1,1.0,1,88.08,1,0,0.0,280.03,0.00,0.0
1636,2025-03-01,3,2,0.6666666666666666,1,130.68,1,0,0.0,352.60,0.00,0.0
1636,2025-04-01,0,0,,0,0.00,0,0,,188.46,0.00,0.0
1636,2025-05-01,3,2,0.6666666666666666,2,615.40,2,0,0.0,743.23,0.00,0.0
1636,2025-06-01,2,1,0.5,1,538.19,1,1,1.0,1107.79,0.00,0.0
1636,2025-07-01,2,1,0.5,1,45.55,1,0,0.0,867.37,0.00,0.0
1636,2025-08-01,2,1,0.5,1,94.34,1,0,0.0,745.45,0.00,0.0
1636,2025-09-01,3,1,0.3333333333333333,1,403.83,1,0,0.0,820.67,0.00,0.0
1636,2025-10-01,5,3,0.6,3,986.55,3,0,0.0,1630.26,0.00,0.0
1636,2025-11-01,2,1,0.5,1,101.56,1,0,0.0,1309.71,0.00,0.0
1636,2025-12-01,1,0,0.0,0,0.00,0,0,,854.22,0.00,0.0
1636,2026-01-01,1,0,0.0,0,0.00,0,0,,374.44,0.00,0.0
1636,2026-02-01,2,1,0.5,1,158.02,1,0,0.0,372.11,0.00,0.0
1636,2026-03-01,0,0,,0,0.00,0,0,,172.62,0.00,0.0
1636,2026-04-01,1,0,0.0,0,0.00,0,0,,57.01,0.00,0.0
1636,2026-05-01,2,2,1.0,2,2920.86,0,0,,3326.32,0.00,0.0
1636,2026-06-01,0,0,,0,0.00,0,0,,3114.68,0.00,0.0
1637,2025-05-01,1,1,1.0,1,1629.93,1,0,0.0,1798.73,0.00,0.0
1637,2025-06-01,0,0,,0,0.00,0,0,,1483.30,0.00,0.0
1637,2025-07-01,1,0,0.0,0,0.00,0,0,,1187.99,0.00,0.0
1637,2025-08-01,1,1,1.0,1,315.14,1,0,0.0,1264.89,0.00,0.0
1637,2025-09-01,1,0,0.0,0,0.00,0,0,,931.12,0.00,0.0
1637,2025-10-01,0,0,,0,0.00,0,0,,561.35,0.00,0.0
1637,2025-11-01,1,1,1.0,1,191.22,1,0,0.0,397.95,0.00,0.0
1637,2025-12-01,1,0,0.0,0,0.00,0,0,,131.30,0.00,0.0
1637,2026-01-01,3,2,0.6666666666666666,1,589.35,1,0,0.0,754.03,0.00,0.0
1637,2026-02-01,0,0,,0,0.00,0,0,,209.04,0.00,0.0
1637,2026-03-01,0,0,,0,0.00,0,0,,205.87,0.00,0.0
1637,2026-04-01,1,0,0.0,0,0.00,0,0,,0.00,0.00,
1637,2026-05-01,0,0,,0,0.00,0,0,,0.00,0.00,
1637,2026-06-01,0,0,,0,0.00,0,0,,0.00,0.00,
1638,2025-01-01,1,0,0.0,0,0.00,0,0,,0.00,0.00,
1638,2025-02-01,1,0,0.0,0,0.00,0,0,,0.00,0.00,
1638,2025-06-01,1,1,1.0,1,430.94,1,0,0.0,504.92,0.00,0.0
1638,2025-07-01,1,1,1.0,0,0.00,0,0,,421.23,0.00,0.0
1638,2025-08-01,1,0,0.0,0,0.00,0,0,,256.79,0.00,0.0
1638,2025-09-01,1,1,1.0,1,210.82,1,0,0.0,568.86,0.00,0.0
1638,2025-10-01,1,1,1.0,1,300.56,1,0,0.0,818.46,0.00,0.0
1638,2025-11-01,0,0,,0,0.00,0,0,,659.77,0.00,0.0
1638,2025-12-01,0,0,,0,0.00,0,0,,476.18,0.00,0.0
1638,2026-01-01,2,1,0.5,1,499.33,1,0,0.0,907.93,0.00,0.0
1638,2026-02-01,0,0,,0,0.00,0,0,,647.41,0.00,0.0
1638,2026-03-01,1,0,0.0,0,0.00,0,0,,380.51,0.00,0.0
1638,2026-04-01,0,0,,0,0.00,0,0,,125.39,0.00,0.0
1638,2026-05-01,0,0,,0,0.00,0,0,,78.30,0.00,0.0
1638,2026-06-01,0,0,,0,0.00,0,0,,78.22,0.00,0.0
1639,2025-01-01,2,1,0.5,1,99.38,1,0,0.0,107.40,0.00,0.0
1639,2025-02-01,0,0,,0,0.00,0,0,,106.46,0.00,0.0
1639,2025-03-01,1,1,1.0,1,186.01,1,0,0.0,265.51,0.00,0.0
1639,2025-04-01,6,4,0.6666666666666666,4,1551.46,4,0,0.0,1847.42,0.00,0.0
1639,2025-05-01,2,1,0.5,1,510.32,1,0,0.0,1775.94,0.00,0.0
1639,2025-06-01,1,1,1.0,0,0.00,0,0,,1063.85,0.00,0.0
1639,2025-07-01,4,3,0.75,3,1426.08,3,0,0.0,2126.65,0.00,0.0
1639,2025-08-01,2,0,0.0,1,133.55,1,1,1.0,1808.23,64.99,0.03594122429115765
1639,2025-09-01,4,2,0.5,2,1485.48,2,0,0.0,3541.19,67.00,0.018920193494277347
1639,2025-10-01,2,0,0.0,0,0.00,0,0,,3099.31,67.37,0.02173709632143929
1639,2025-11-01,2,1,0.5,0,0.00,0,0,,2670.52,224.10,0.08391624103170918
1639,2025-12-01,3,1,0.3333333333333333,1,159.65,1,0,0.0,2011.44,68.29,0.033950801415901045
1639,2026-01-01,3,2,0.6666666666666666,1,121.29,1,0,0.0,1776.91,66.21,0.03726131317849525
1639,2026-02-01,3,1,0.3333333333333333,1,104.88,1,0,0.0,1388.51,66.25,0.04771301611079502
1639,2026-03-01,3,1,0.3333333333333333,1,208.96,1,0,0.0,1258.73,65.25,0.051837963661786085
1639,2026-04-01,2,2,1.0,2,2337.75,2,1,0.5,3471.72,66.26,0.019085640547048727
1639,2026-05-01,1,1,1.0,0,0.00,0,0,,2553.49,68.92,0.02699051102608587
1639,2026-06-01,2,1,0.5,2,733.51,0,0,,2385.78,265.90,0.11145201988448221
1640,2025-01-01,2,1,0.5,1,383.30,1,0,0.0,411.42,0.00,0.0
1640,2025-02-01,4,1,0.25,1,588.36,1,0,0.0,893.83,0.00,0.0
1640,2025-03-01,2,1,0.5,1,274.30,1,0,0.0,903.81,0.00,0.0
1640,2025-04-01,1,1,1.0,1,103.25,1,0,0.0,828.39,0.00,0.0
1640,2025-05-01,4,2,0.5,1,152.34,1,0,0.0,736.77,0.00,0.0
1640,2025-06-01,3,1,0.3333333333333333,2,768.91,2,1,0.5,1300.73,0.00,0.0
1640,2025-07-01,1,1,1.0,0,0.00,0,0,,891.79,0.00,0.0
1640,2025-08-01,2,1,0.5,1,435.30,1,0,0.0,851.36,0.00,0.0
1640,2025-09-01,1,0,0.0,0,0.00,0,0,,457.45,0.00,0.0
1640,2025-10-01,5,0,0.0,0,0.00,0,0,,120.74,88.91,0.7363756832864006
1640,2025-11-01,1,1,1.0,1,659.34,1,0,0.0,808.94,89.00,0.11002052068138551
1640,2025-12-01,3,3,1.0,3,681.73,3,0,0.0,1333.33,87.52,0.06564016410041025
1640,2026-01-01,4,2,0.5,1,252.44,1,0,0.0,1266.42,87.17,0.06883182514489664
1640,2026-02-01,1,0,0.0,1,202.86,1,0,0.0,1014.99,85.15,0.08389245214238564
1640,2026-03-01,1,1,1.0,1,147.55,1,0,0.0,908.98,86.03,0.09464454663468944
1640,2026-04-01,2,0,0.0,0,0.00,0,0,,625.16,85.26,0.13638108644187089
1640,2026-05-01,1,1,1.0,1,193.63,0,0,,597.76,84.46,0.14129416488222699
1640,2026-06-01,5,1,0.2,1,114.43,0,0,,510.41,85.91,0.16831566779647733
1641,2025-04-01,1,1,1.0,1,101.76,1,0,0.0,118.62,0.00,0.0
1641,2025-05-01,0,0,,0,0.00,0,0,,95.49,0.00,0.0
1641,2025-06-01,0,0,,0,0.00,0,0,,75.58,0.00,0.0
1641,2025-07-01,0,0,,0,0.00,0,0,,56.73,0.00,0.0
1641,2025-08-01,0,0,,0,0.00,0,0,,38.41,0.00,0.0
1641,2025-09-01,0,0,,0,0.00,0,0,,19.76,0.00,0.0
1641,2025-10-01,2,1,0.5,1,183.46,1,0,0.0,202.60,0.00,0.0
1641,2025-11-01,1,0,0.0,0,0.00,0,0,,138.34,0.00,0.0
1641,2025-12-01,0,0,,0,0.00,0,0,,68.43,0.00,0.0
1641,2026-01-01,0,0,,0,0.00,0,0,,0.00,0.00,
1641,2026-02-01,1,0,0.0,0,0.00,0,0,,0.00,0.00,
1641,2026-03-01,0,0,,0,0.00,0,0,,0.00,0.00,
1641,2026-04-01,0,0,,0,0.00,0,0,,0.00,0.00,
1641,2026-05-01,0,0,,0,0.00,0,0,,0.00,0.00,
1641,2026-06-01,1,0,0.0,0,0.00,0,0,,0.00,0.00,
1642,2024-12-01,1,0,0.0,0,0.00,0,0,,0.00,0.00,
1642,2025-01-01,1,0,0.0,0,0.00,0,0,,0.00,0.00,
1642,2025-03-01,2,1,0.5,1,259.81,1,0,0.0,278.36,0.00,0.0
1642,2025-04-01,3,2,0.6666666666666666,1,85.92,1,0,0.0,294.80,0.00,0.0
1642,2025-05-01,0,0,,0,0.00,0,0,,84.71,0.00,0.0
1642,2025-06-01,2,0,0.0,0,0.00,0,0,,67.07,0.00,0.0
1642,2025-07-01,4,1,0.25,1,274.33,1,0,0.0,374.91,0.00,0.0
1642,2025-08-01,3,2,0.6666666666666666,1,526.21,1,1,1.0,864.71,0.00,0.0
1642,2025-09-01,3,3,1.0,4,921.02,4,1,0.25,1844.15,0.00,0.0
1642,2025-10-01,2,0,0.0,0,0.00,0,0,,1594.18,576.14,0.3614021001392565
1642,2025-11-01,1,1,1.0,1,68.73,1,1,1.0,1294.47,590.15,0.45590087062658846
1642,2025-12-01,2,2,1.0,2,942.64,2,0,0.0,1917.31,583.93,0.30455690524745604
1642,2026-01-01,0,0,,0,0.00,0,0,,1183.25,665.69,0.5625945489118952
1642,2026-02-01,0,0,,0,0.00,0,0,,1138.38,656.10,0.5763453328414062
1642,2026-03-01,1,0,0.0,0,0.00,0,0,,909.09,909.09,1.0
1642,2026-04-01,3,2,0.6666666666666666,2,363.40,2,1,0.5,1336.88,923.25,0.6906005026629166
1642,2026-05-01,2,1,0.5,0,0.00,0,0,,1327.02,960.33,0.7236740968485781
1642,2026-06-01,1,0,0.0,0,0.00,0,0,,1174.14,959.29,0.8170150067283287
1643,2025-01-01,3,1,0.3333333333333333,1,220.94,1,1,1.0,242.52,0.00,0.0
1643,2025-02-01,2,2,1.0,2,944.01,2,0,0.0,1271.39,0.00,0.0
1643,2025-03-01,5,5,1.0,4,1999.97,4,0,0.0,3382.68,235.14,0.0695129305757565
1643,2025-04-01,2,2,1.0,1,374.83,1,0,0.0,3231.79,180.17,0.05574929064079039
1643,2025-05-01,3,1,0.3333333333333333,0,0.00,0,0,,2365.66,521.73,0.22054310424997678
1643,2025-06-01,2,1,0.5,0,0.00,0,0,,1717.72,516.28,0.3005612090445474
1643,2025-07-01,1,0,0.0,1,147.11,1,0,0.0,1594.08,516.87,0.32424345076784106
1643,2025-08-01,5,3,0.6,3,1112.09,3,0,0.0,2508.90,525.21,0.20933875403563315
1643,2025-09-01,0,0,,0,0.00,0,0,,1763.07,541.46,0.3071120261816037
1643,2025-10-01,1,0,0.0,0,0.00,0,0,,1397.49,544.48,0.3896128058161418
1643,2025-11-01,3,1,0.3333333333333333,1,84.87,1,0,0.0,1225.57,557.72,0.4550698858490336
1643,2025-12-01,1,0,0.0,0,0.00,0,0,,887.88,551.84,0.6215254313645988
1643,2026-01-01,1,1,1.0,0,0.00,0,0,,753.52,535.04,0.7100541458753583
1643,2026-02-01,1,1,1.0,2,380.13,2,0,0.0,1092.79,604.29,0.5529790719168367
1643,2026-03-01,2,2,1.0,2,635.97,2,0,0.0,1682.58,595.15,0.3537127506567295
1643,2026-04-01,4,1,0.25,1,60.00,1,0,0.0,1554.91,604.42,0.38871703185393364
1643,2026-05-01,1,0,0.0,0,0.00,0,0,,1269.97,628.70,0.4950510641983669
1643,2026-06-01,4,3,0.75,1,332.93,0,0,,1202.05,628.01,0.5224491493698266
1644,2025-01-01,1,1,1.0,1,381.81,1,0,0.0,317.64,0.00,0.0
1644,2025-02-01,3,1,0.3333333333333333,1,469.39,1,0,0.0,718.96,0.00,0.0
1644,2025-03-01,3,2,0.6666666666666666,2,901.43,2,0,0.0,1562.55,0.00,0.0
1644,2025-04-01,1,1,1.0,1,183.23,1,0,0.0,1423.16,0.00,0.0
1644,2025-05-01,3,2,0.6666666666666666,0,0.00,0,0,,634.31,0.00,0.0
1644,2025-06-01,0,0,,1,1064.18,1,0,0.0,1368.05,0.00,0.0
1644,2025-07-01,0,0,,0,0.00,0,0,,710.35,0.00,0.0
1644,2025-08-01,1,0,0.0,0,0.00,0,0,,329.20,0.00,0.0
1644,2025-09-01,4,4,1.0,1,1563.61,1,0,0.0,2009.77,0.00,0.0
1644,2025-10-01,4,2,0.5,3,646.89,3,0,0.0,1905.49,0.00,0.0
1644,2025-11-01,1,0,0.0,1,49.00,1,0,0.0,1304.01,0.00,0.0
1644,2025-12-01,3,1,0.3333333333333333,1,39.47,1,0,0.0,412.37,0.00,0.0
1644,2026-01-01,2,1,0.5,1,178.88,1,0,0.0,430.74,0.00,0.0
1644,2026-02-01,2,2,1.0,2,372.25,2,0,0.0,719.55,0.00,0.0
1644,2026-03-01,3,1,0.3333333333333333,1,727.15,1,0,0.0,1372.14,0.00,0.0
1644,2026-04-01,6,4,0.6666666666666666,2,454.93,2,0,0.0,1373.20,0.00,0.0
1644,2026-05-01,3,0,0.0,1,567.96,0,0,,1494.02,0.00,0.0
1644,2026-06-01,1,0,0.0,0,0.00,0,0,,793.44,0.00,0.0
1645,2025-04-01,1,1,1.0,1,274.12,1,0,0.0,326.90,0.00,0.0
1645,2025-05-01,2,1,0.5,1,104.00,1,0,0.0,372.54,0.00,0.0
1645,2025-06-01,2,1,0.5,1,91.02,1,0,0.0,403.31,0.00,0.0
1645,2025-07-01,0,0,,0,0.00,0,0,,280.20,0.00,0.0
1645,2025-08-01,0,0,,0,0.00,0,0,,213.63,0.00,0.0
1645,2025-09-01,0,0,,0,0.00,0,0,,85.71,0.00,0.0
1645,2025-10-01,1,1,1.0,0,0.00,0,0,,0.00,0.00,
1645,2025-11-01,0,0,,0,0.00,0,0,,0.00,0.00,
1645,2025-12-01,0,0,,0,0.00,0,0,,0.00,0.00,
1645,2026-01-01,0,0,,0,0.00,0,0,,0.00,0.00,
1645,2026-02-01,1,0,0.0,0,0.00,0,0,,0.00,0.00,
1645,2026-03-01,1,1,1.0,0,0.00,0,0,,0.00,0.00,
1645,2026-04-01,0,0,,0,0.00,0,0,,0.00,0.00,
1645,2026-05-01,1,1,1.0,1,241.47,0,0,,261.74,0.00,0.0
1645,2026-06-01,0,0,,0,0.00,0,0,,177.48,0.00,0.0
1646,2025-01-01,1,1,1.0,1,322.99,1,0,0.0,349.99,0.00,0.0
1646,2025-02-01,2,1,0.5,1,492.96,1,0,0.0,943.54,0.00,0.0
1646,2025-03-01,0,0,,0,0.00,0,0,,655.97,0.00,0.0
1646,2025-04-01,4,0,0.0,0,0.00,0,0,,570.79,0.00,0.0
1646,2025-05-01,0,0,,0,0.00,0,0,,371.73,0.00,0.0
1646,2025-06-01,4,4,1.0,4,2195.43,4,0,0.0,2550.84,0.00,0.0
1646,2025-07-01,2,1,0.5,1,194.73,1,0,0.0,2072.47,0.00,0.0
1646,2025-08-01,1,0,0.0,0,0.00,0,0,,1089.07,0.00,0.0
1646,2025-09-01,0,0,,0,0.00,0,0,,516.99,0.00,0.0
1646,2025-10-01,1,1,1.0,0,0.00,0,0,,222.19,0.00,0.0
1646,2025-11-01,1,0,0.0,0,0.00,0,0,,227.59,227.59,1.0
1646,2025-12-01,1,0,0.0,0,0.00,0,0,,0.00,0.00,
1646,2026-01-01,3,2,0.6666666666666666,1,157.68,1,0,0.0,169.90,0.00,0.0
1646,2026-02-01,1,1,1.0,1,818.53,1,0,0.0,1086.70,0.00,0.0
1646,2026-03-01,1,1,1.0,1,180.92,1,0,0.0,930.72,0.00,0.0
1646,2026-04-01,1,0,0.0,0,0.00,0,0,,558.87,0.00,0.0
1646,2026-05-01,1,1,1.0,1,238.31,0,0,,747.84,0.00,0.0
1646,2026-06-01,3,1,0.3333333333333333,1,228.09,0,0,,617.39,0.00,0.0
1647,2025-01-01,9,5,0.5555555555555556,5,861.45,5,0,0.0,954.58,0.00,0.0
1647,2025-02-01,5,4,0.8,4,1084.54,4,1,0.25,1911.59,0.00,0.0
1647,2025-03-01,6,3,0.5,2,484.90,2,0,0.0,2116.04,0.00,0.0
1647,2025-04-01,10,4,0.4,3,752.39,3,0,0.0,2351.77,398.25,0.16934053925341339
1647,2025-05-01,5,1,0.2,1,257.27,1,0,0.0,1757.62,289.59,0.16476257666617358
1647,2025-06-01,3,1,0.3333333333333333,1,216.18,1,0,0.0,1622.97,306.44,0.18881433421443403
1647,2025-07-01,4,4,1.0,4,807.62,4,0,0.0,2179.13,433.80,0.1990702711632624
1647,2025-08-01,6,4,0.6666666666666666,4,1675.72,4,1,0.25,3708.08,435.79,0.11752443312981382
1647,2025-09-01,8,7,0.875,4,1141.16,4,0,0.0,4014.02,431.51,0.10750071001141001
1647,2025-10-01,10,6,0.6,7,3236.78,7,0,0.0,6162.74,646.56,0.10491437250313983
1647,2025-11-01,3,2,0.6666666666666666,2,359.25,2,0,0.0,4784.70,869.42,0.18170836207076724
1647,2025-12-01,13,6,0.46153846153846156,4,1214.66,4,0,0.0,4864.50,1171.06,0.24073594408469523
1647,2026-01-01,3,3,1.0,2,587.08,2,0,0.0,3593.17,1166.32,0.32459360397643305
1647,2026-02-01,4,3,0.75,3,1123.13,3,0,0.0,3964.53,1139.25,0.2873606707478566
1647,2026-03-01,7,7,1.0,4,997.54,4,1,0.25,3905.29,1151.13,0.29476172064046463
1647,2026-04-01,7,5,0.7142857142857143,4,1150.23,4,1,0.25,4125.34,1140.82,0.27653963067286574
1647,2026-05-01,9,3,0.3333333333333333,3,1971.91,0,0,,5171.43,1130.11,0.21852949764378515
1647,2026-06-01,14,5,0.35714285714285715,4,1131.86,0,0,,4790.66,1270.82,0.2652703385337302
1648,2025-02-01,1,1,1.0,1,245.67,1,0,0.0,266.29,0.00,0.0
1648,2025-03-01,0,0,,0,0.00,0,0,,195.36,0.00,0.0
1648,2025-04-01,1,0,0.0,0,0.00,0,0,,66.54,0.00,0.0
1648,2025-05-01,0,0,,0,0.00,0,0,,64.29,0.00,0.0
1648,2025-06-01,0,0,,0,0.00,0,0,,0.00,0.00,
1648,2025-07-01,0,0,,0,0.00,0,0,,0.00,0.00,
1648,2025-08-01,1,0,0.0,0,0.00,0,0,,0.00,0.00,
1648,2025-09-01,1,1,1.0,1,215.07,1,0,0.0,229.20,0.00,0.0
1648,2025-10-01,0,0,,0,0.00,0,0,,153.65,0.00,0.0
1648,2025-11-01,0,0,,0,0.00,0,0,,78.69,0.00,0.0
1648,2025-12-01,1,1,1.0,1,105.25,1,0,0.0,111.52,0.00,0.0
1648,2026-01-01,0,0,,0,0.00,0,0,,72.08,0.00,0.0
1648,2026-02-01,1,0,0.0,0,0.00,0,0,,0.00,0.00,
1648,2026-03-01,0,0,,0,0.00,0,0,,0.00,0.00,
1648,2026-04-01,1,1,1.0,1,232.11,1,0,0.0,249.75,0.00,0.0
1648,2026-05-01,0,0,,0,0.00,0,0,,173.19,0.00,0.0
1648,2026-06-01,1,0,0.0,0,0.00,0,0,,86.50,0.00,0.0
1649,2025-01-01,3,2,0.6666666666666666,2,1052.42,2,0,0.0,1121.01,0.00,0.0
1649,2025-02-01,0,0,,0,0.00,0,0,,904.81,0.00,0.0
1649,2025-03-01,2,1,0.5,1,302.89,1,0,0.0,861.52,0.00,0.0
1649,2025-04-01,3,2,0.6666666666666666,1,83.94,1,0,0.0,516.01,0.00,0.0
1649,2025-05-01,2,0,0.0,0,0.00,0,0,,226.78,0.00,0.0
1649,2025-06-01,3,2,0.6666666666666666,2,648.11,2,1,0.5,869.14,0.00,0.0
1649,2025-07-01,4,2,0.5,2,283.07,2,0,0.0,936.58,0.00,0.0
1649,2025-08-01,2,1,0.5,0,0.00,0,0,,746.52,0.00,0.0
1649,2025-09-01,0,0,,0,0.00,0,0,,540.02,243.66,0.45120551090700345
1649,2025-10-01,0,0,,0,0.00,0,0,,379.31,379.31,1.0
1649,2025-11-01,1,1,1.0,1,219.61,1,1,1.0,620.24,388.54,0.6264349284148072
1649,2025-12-01,1,0,0.0,0,0.00,0,0,,613.71,384.44,0.6264196444574799
1649,2026-01-01,0,0,,0,0.00,0,0,,595.03,595.03,1.0
1649,2026-02-01,3,2,0.6666666666666666,2,1395.53,2,0,0.0,1980.61,372.97,0.18831067196469778
1649,2026-03-01,1,0,0.0,0,0.00,0,0,,1417.94,367.33,0.2590589164562675
1649,2026-04-01,0,0,,0,0.00,0,0,,1306.81,373.05,0.2854661350923241
1649,2026-05-01,2,2,1.0,2,359.89,0,0,,1285.44,388.03,0.3018655090863828
1649,2026-06-01,3,1,0.3333333333333333,1,82.30,0,0,,1133.90,387.61,0.3418379045771232
1650,2025-01-01,4,1,0.25,1,226.81,1,0,0.0,318.61,0.00,0.0
1650,2025-02-01,7,5,0.7142857142857143,5,1067.86,5,1,0.2,1437.97,0.00,0.0
1650,2025-03-01,2,2,1.0,1,370.08,1,0,0.0,1441.79,0.00,0.0
1650,2025-04-01,6,4,0.6666666666666666,5,2431.81,5,1,0.2,3724.74,0.00,0.0
1650,2025-05-01,2,2,1.0,2,396.20,2,0,0.0,3067.67,0.00,0.0
1650,2025-06-01,0,0,,0,0.00,0,0,,2338.33,309.57,0.1323893547959441
1650,2025-07-01,4,2,0.5,2,286.18,2,0,0.0,2299.38,404.65,0.1759822212944359
1650,2025-08-01,1,0,0.0,0,0.00,0,0,,1012.00,571.43,0.5646541501976284
1650,2025-09-01,2,1,0.5,1,515.73,1,0,0.0,1408.03,565.81,0.40184513114067166
1650,2025-10-01,4,1,0.25,0,0.00,0,0,,1060.34,537.14,0.5065733632608409
1650,2025-11-01,4,2,0.5,2,757.49,2,0,0.0,1820.78,537.68,0.29530201342281875
1650,2025-12-01,6,2,0.3333333333333333,2,212.40,2,0,0.0,1523.52,528.77,0.34707125603864736
1650,2026-01-01,3,2,0.6666666666666666,2,526.37,2,0,0.0,1525.00,526.62,0.3453245901639344
1650,2026-02-01,2,1,0.5,1,131.06,1,0,0.0,1242.92,514.40,0.4138641264119975
1650,2026-03-01,2,2,1.0,2,286.06,2,1,0.5,1243.53,519.76,0.4179714200702838
1650,2026-04-01,4,3,0.75,2,406.72,2,0,0.0,1344.25,515.11,0.3831950901989957
1650,2026-05-01,5,2,0.4,2,621.32,0,0,,1801.52,630.75,0.350121008925796
1650,2026-06-01,2,1,0.5,0,0.00,0,0,,1213.01,519.00,0.4278612707232422
1651,2025-04-01,3,2,0.6666666666666666,2,1543.54,2,0,0.0,1721.07,0.00,0.0
1651,2025-05-01,1,1,1.0,1,114.38,1,0,0.0,1370.89,0.00,0.0
1651,2025-06-01,0,0,,0,0.00,0,0,,510.39,0.00,0.0
1651,2025-07-01,1,0,0.0,0,0.00,0,0,,473.12,0.00,0.0
1651,2025-08-01,0,0,,0,0.00,0,0,,31.14,0.00,0.0
1651,2025-09-01,2,1,0.5,1,305.29,1,0,0.0,345.25,0.00,0.0
1651,2025-10-01,0,0,,0,0.00,0,0,,289.32,0.00,0.0
1651,2025-11-01,0,0,,0,0.00,0,0,,237.10,0.00,0.0
1651,2025-12-01,2,1,0.5,1,67.10,1,0,0.0,253.12,0.00,0.0
1651,2026-01-01,2,1,0.5,1,377.49,1,0,0.0,568.79,0.00,0.0
1651,2026-02-01,0,0,,0,0.00,0,0,,360.49,0.00,0.0
1651,2026-03-01,0,0,,0,0.00,0,0,,167.91,0.00,0.0
1651,2026-04-01,1,1,1.0,1,300.94,1,0,0.0,352.13,37.44,0.10632436884105302
1651,2026-05-01,1,0,0.0,0,0.00,0,0,,257.17,38.95,0.15145623517517595
1651,2026-06-01,0,0,,0,0.00,0,0,,256.89,38.90,0.15142668068044687
1652,2025-05-01,1,0,0.0,0,0.00,0,0,,0.00,0.00,
1652,2025-11-01,1,0,0.0,0,0.00,0,0,,0.00,0.00,
1652,2025-12-01,1,1,1.0,1,218.49,1,0,0.0,239.92,0.00,0.0
1652,2026-01-01,1,0,0.0,0,0.00,0,0,,155.08,0.00,0.0
1652,2026-02-01,0,0,,0,0.00,0,0,,77.59,0.00,0.0
1652,2026-03-01,2,1,0.5,1,242.17,1,0,0.0,280.40,0.00,0.0
1652,2026-04-01,0,0,,0,0.00,0,0,,169.15,0.00,0.0
1652,2026-05-01,0,0,,0,0.00,0,0,,87.97,0.00,0.0
1652,2026-06-01,0,0,,0,0.00,0,0,,87.88,0.00,0.0
1653,2025-04-01,1,1,1.0,1,901.16,1,0,0.0,1070.37,0.00,0.0
1653,2025-05-01,0,0,,0,0.00,0,0,,689.43,0.00,0.0
1653,2025-06-01,1,0,0.0,0,0.00,0,0,,682.24,0.00,0.0
1653,2025-07-01,0,0,,0,0.00,0,0,,341.53,0.00,0.0
1653,2025-08-01,2,1,0.5,1,165.27,1,0,0.0,552.07,0.00,0.0
1653,2025-09-01,0,0,,0,0.00,0,0,,390.28,0.00,0.0
1653,2025-10-01,0,0,,0,0.00,0,0,,184.19,0.00,0.0
1653,2025-11-01,0,0,,0,0.00,0,0,,181.40,0.00,0.0
1653,2025-12-01,0,0,,0,0.00,0,0,,143.56,0.00,0.0
1653,2026-01-01,0,0,,0,0.00,0,0,,128.75,0.00,0.0
1653,2026-02-01,1,0,0.0,0,0.00,0,0,,121.85,0.00,0.0
1653,2026-03-01,1,0,0.0,0,0.00,0,0,,85.68,0.00,0.0
1653,2026-04-01,2,2,1.0,1,517.05,1,0,0.0,631.03,0.00,0.0
1653,2026-05-01,1,0,0.0,0,0.00,0,0,,461.72,0.00,0.0
1653,2026-06-01,0,0,,0,0.00,0,0,,230.55,0.00,0.0
1654,2025-03-01,2,1,0.5,1,140.70,1,0,0.0,155.16,0.00,0.0
1654,2025-04-01,0,0,,0,0.00,0,0,,105.68,0.00,0.0
1654,2025-05-01,1,1,1.0,1,306.19,1,0,0.0,322.23,0.00,0.0
1654,2025-06-01,0,0,,0,0.00,0,0,,212.59,0.00,0.0
1654,2025-07-01,1,1,1.0,1,409.70,1,0,0.0,710.83,0.00,0.0
1654,2025-08-01,0,0,,0,0.00,0,0,,421.70,0.00,0.0
1654,2025-09-01,0,0,,0,0.00,0,0,,347.79,0.00,0.0
1654,2025-10-01,1,1,1.0,1,145.84,1,0,0.0,332.83,0.00,0.0
1654,2025-11-01,2,2,1.0,2,290.46,2,1,0.5,651.18,0.00,0.0
1654,2025-12-01,0,0,,0,0.00,0,0,,481.40,0.00,0.0
1654,2026-01-01,1,1,1.0,1,288.20,1,0,0.0,622.85,0.00,0.0
1654,2026-02-01,0,0,,0,0.00,0,0,,519.68,0.00,0.0
1654,2026-03-01,0,0,,0,0.00,0,0,,409.85,0.00,0.0
1654,2026-04-01,0,0,,0,0.00,0,0,,339.12,26.47,0.07805496579381929
1654,2026-05-01,0,0,,0,0.00,0,0,,244.99,0.00,0.0
1654,2026-06-01,0,0,,0,0.00,0,0,,164.60,0.00,0.0
1655,2025-01-01,2,0,0.0,0,0.00,0,0,,0.00,0.00,
1655,2025-02-01,1,0,0.0,0,0.00,0,0,,0.00,0.00,
1655,2025-06-01,1,1,1.0,1,355.28,1,0,0.0,418.78,0.00,0.0
1655,2025-07-01,0,0,,0,0.00,0,0,,349.38,0.00,0.0
1655,2025-08-01,0,0,,0,0.00,0,0,,284.01,0.00,0.0
1655,2025-09-01,0,0,,0,0.00,0,0,,219.59,0.00,0.0
1655,2025-10-01,4,2,0.5,2,988.93,2,1,0.5,1206.76,0.00,0.0
1655,2025-11-01,0,0,,0,0.00,0,0,,970.36,0.00,0.0
1655,2025-12-01,4,2,0.5,2,268.35,2,0,0.0,569.78,0.00,0.0
1655,2026-01-01,0,0,,0,0.00,0,0,,187.59,0.00,0.0
1655,2026-02-01,1,1,1.0,0,0.00,0,0,,93.85,0.00,0.0
1655,2026-03-01,2,1,0.5,2,389.82,2,0,0.0,438.00,0.00,0.0
1655,2026-04-01,0,0,,0,0.00,0,0,,343.67,0.00,0.0
1655,2026-05-01,1,1,1.0,1,297.01,0,0,,589.06,0.00,0.0
1655,2026-06-01,1,1,1.0,0,0.00,0,0,,373.66,0.00,0.0
1656,2025-01-01,1,1,1.0,1,361.60,1,0,0.0,393.32,0.00,0.0
1656,2025-02-01,0,0,,0,0.00,0,0,,259.91,0.00,0.0
1656,2025-03-01,0,0,,0,0.00,0,0,,127.10,0.00,0.0
1656,2025-04-01,2,2,1.0,2,244.68,2,0,0.0,269.21,0.00,0.0
1656,2025-05-01,0,0,,0,0.00,0,0,,178.73,0.00,0.0
1656,2025-06-01,1,1,1.0,1,141.53,1,0,0.0,246.26,0.00,0.0
1656,2025-07-01,2,0,0.0,0,0.00,0,0,,115.91,0.00,0.0
1656,2025-08-01,1,0,0.0,0,0.00,0,0,,50.83,0.00,0.0
1656,2025-09-01,1,1,1.0,0,0.00,0,0,,0.00,0.00,
1656,2025-10-01,2,1,0.5,0,0.00,0,0,,0.00,0.00,
1656,2025-11-01,0,0,,1,56.44,1,0,0.0,63.47,0.00,0.0
1656,2025-12-01,5,3,0.6,3,1966.09,3,1,0.3333333333333333,2300.96,0.00,0.0
1656,2026-01-01,1,0,0.0,0,0.00,0,0,,1627.22,0.00,0.0
1656,2026-02-01,2,2,1.0,1,195.90,1,0,0.0,1175.63,0.00,0.0
1656,2026-03-01,3,2,0.6666666666666666,1,267.67,1,0,0.0,776.68,0.00,0.0
1656,2026-04-01,0,0,,0,0.00,0,0,,512.25,0.00,0.0
1656,2026-05-01,0,0,,0,0.00,0,0,,364.80,0.00,0.0
1656,2026-06-01,0,0,,0,0.00,0,0,,177.52,0.00,0.0
1657,2025-01-01,4,2,0.5,1,1518.57,1,1,1.0,1964.11,0.00,0.0
1657,2025-02-01,1,1,1.0,0,0.00,0,0,,1946.91,0.00,0.0
1657,2025-03-01,4,4,1.0,4,1289.49,4,0,0.0,3214.59,1809.13,0.5627871672592772
1657,2025-04-01,2,0,0.0,0,0.00,0,0,,2561.70,0.00,0.0
1657,2025-05-01,3,0,0.0,0,0.00,0,0,,1767.12,0.00,0.0
1657,2025-06-01,3,2,0.6666666666666666,1,407.61,1,0,0.0,1896.31,0.00,0.0
1657,2025-07-01,3,2,0.6666666666666666,2,188.46,2,0,0.0,1618.85,0.00,0.0
1657,2025-08-01,4,1,0.25,1,375.47,1,0,0.0,2019.55,0.00,0.0
1657,2025-09-01,3,2,0.6666666666666666,1,450.82,1,0,0.0,2361.73,975.35,0.4129811621142129
1657,2025-10-01,3,2,0.6666666666666666,3,413.96,3,0,0.0,2459.97,980.79,0.39869998414614816
1657,2025-11-01,3,0,0.0,0,0.00,0,0,,2346.45,1539.09,0.655922776960941
1657,2025-12-01,2,2,1.0,1,250.05,1,0,0.0,2193.25,994.05,0.4532315057562977
1657,2026-01-01,4,1,0.25,2,729.83,2,0,0.0,2494.93,1066.05,0.4272865370972332
1657,2026-02-01,4,4,1.0,4,1524.87,4,0,0.0,3715.92,1066.69,0.28705946306701974
1657,2026-03-01,4,3,0.75,1,80.34,1,0,0.0,2817.46,1050.56,0.37287485891547706
1657,2026-04-01,4,2,0.5,2,738.76,2,0,0.0,3013.34,1066.93,0.35406890692719706
1657,2026-05-01,2,2,1.0,2,483.25,0,0,,2973.41,1109.78,0.3732347708523211
1657,2026-06-01,3,0,0.0,1,327.38,0,0,,2353.22,1108.57,0.4710864262584884
1658,2025-01-01,12,5,0.4166666666666667,4,1624.24,4,0,0.0,1786.17,0.00,0.0
1658,2025-02-01,8,4,0.5,2,561.40,2,0,0.0,1975.64,0.00,0.0
1658,2025-03-01,3,3,1.0,3,1787.30,3,0,0.0,3301.85,0.00,0.0
1658,2025-04-01,13,8,0.6153846153846154,3,712.15,3,0,0.0,3595.53,0.00,0.0
1658,2025-05-01,5,1,0.2,4,1208.04,4,1,0.25,3731.21,0.00,0.0
1658,2025-06-01,7,3,0.42857142857142855,3,682.97,3,0,0.0,3813.34,0.00,0.0
1658,2025-07-01,7,5,0.7142857142857143,3,798.31,3,0,0.0,3410.03,0.00,0.0
1658,2025-08-01,7,1,0.14285714285714285,2,663.36,2,1,0.5,2964.77,0.00,0.0
1658,2025-09-01,5,1,0.2,0,0.00,0,0,,2141.70,0.00,0.0
1658,2025-10-01,12,5,0.4166666666666667,5,1089.71,5,1,0.2,2620.55,0.00,0.0
1658,2025-11-01,6,2,0.3333333333333333,2,220.99,2,0,0.0,2276.64,0.00,0.0
1658,2025-12-01,3,0,0.0,0,0.00,0,0,,1819.22,387.99,0.21327272127615132
1658,2026-01-01,13,9,0.6923076923076923,7,1913.54,7,1,0.14285714285714285,3450.88,332.13,0.09624501576409496
1658,2026-02-01,6,1,0.16666666666666666,1,112.92,1,0,0.0,2495.78,200.09,0.08017132920369584
1658,2026-03-01,10,6,0.6,2,182.50,2,0,0.0,1965.47,631.93,0.32151597327865594
1658,2026-04-01,7,5,0.7142857142857143,5,2618.41,5,0,0.0,4215.04,568.17,0.13479587382326144
1658,2026-05-01,9,4,0.4444444444444444,5,1441.05,0,0,,4521.97,590.98,0.13069082722795594
1658,2026-06-01,4,3,0.75,3,406.11,0,0,,3818.89,590.34,0.15458418545703073
1659,2025-03-01,2,1,0.5,1,366.82,1,0,0.0,403.08,0.00,0.0
1659,2025-04-01,1,1,1.0,1,283.29,1,0,0.0,574.72,0.00,0.0
1659,2025-05-01,0,0,,0,0.00,0,0,,327.52,0.00,0.0
1659,2025-06-01,2,2,1.0,2,304.53,2,0,0.0,452.00,0.00,0.0
1659,2025-07-01,1,1,1.0,1,589.86,1,0,0.0,1011.88,0.00,0.0
1659,2025-08-01,0,0,,0,0.00,0,0,,820.49,0.00,0.0
1659,2025-09-01,2,1,0.5,0,0.00,0,0,,690.38,0.00,0.0
1659,2025-10-01,1,0,0.0,0,0.00,0,0,,476.39,0.00,0.0
1659,2025-11-01,1,0,0.0,0,0.00,0,0,,360.89,0.00,0.0
1659,2025-12-01,1,0,0.0,0,0.00,0,0,,209.76,0.00,0.0
1659,2026-01-01,1,1,1.0,1,317.11,1,0,0.0,453.45,30.95,0.06825449332892271
1659,2026-02-01,1,1,1.0,1,430.42,1,0,0.0,852.35,30.24,0.035478383293248074
1659,2026-03-01,0,0,,0,0.00,0,0,,760.17,30.55,0.04018837891524265
1659,2026-04-01,1,1,1.0,1,119.02,1,0,0.0,700.81,30.28,0.043207146016752046
1659,2026-05-01,1,1,1.0,0,0.00,0,0,,568.72,29.99,0.052732451821634545
1659,2026-06-01,1,1,1.0,1,67.93,0,0,,534.29,30.51,0.05710382002283405
1660,2025-01-01,1,0,0.0,0,0.00,0,0,,0.00,0.00,
1660,2025-03-01,1,1,1.0,1,199.39,1,0,0.0,211.28,0.00,0.0
1660,2025-04-01,1,0,0.0,0,0.00,0,0,,143.89,0.00,0.0
1660,2025-05-01,0,0,,0,0.00,0,0,,69.50,0.00,0.0
1660,2025-06-01,0,0,,0,0.00,0,0,,0.00,0.00,
1660,2025-07-01,0,0,,0,0.00,0,0,,0.00,0.00,
1660,2025-08-01,1,1,1.0,1,305.09,1,0,0.0,329.56,0.00,0.0
1660,2025-09-01,0,0,,0,0.00,0,0,,226.50,0.00,0.0
1660,2025-10-01,2,2,1.0,2,810.41,2,0,0.0,1001.82,0.00,0.0
1660,2025-11-01,1,0,0.0,0,0.00,0,0,,651.37,0.00,0.0
1660,2025-12-01,0,0,,0,0.00,0,0,,344.54,0.00,0.0
1660,2026-01-01,0,0,,0,0.00,0,0,,129.53,0.00,0.0
1660,2026-02-01,1,0,0.0,0,0.00,0,0,,129.61,0.00,0.0
1660,2026-03-01,2,2,1.0,1,214.21,1,0,0.0,230.93,0.00,0.0
1660,2026-04-01,1,0,0.0,0,0.00,0,0,,175.89,0.00,0.0
1660,2026-05-01,2,1,0.5,0,0.00,0,0,,60.97,0.00,0.0
1660,2026-06-01,1,1,1.0,1,306.08,0,0,,393.48,0.00,0.0
1661,2025-01-01,2,0,0.0,0,0.00,0,0,,0.00,0.00,
1661,2025-02-01,1,1,1.0,1,419.62,1,0,0.0,512.83,0.00,0.0
1661,2025-03-01,0,0,,0,0.00,0,0,,418.01,0.00,0.0
1661,2025-04-01,1,0,0.0,0,0.00,0,0,,341.63,0.00,0.0
1661,2025-05-01,3,3,1.0,2,336.17,2,0,0.0,613.91,0.00,0.0
1661,2025-06-01,1,1,1.0,1,121.57,1,0,0.0,577.95,0.00,0.0
1661,2025-07-01,0,0,,0,0.00,0,0,,374.80,0.00,0.0
1661,2025-08-01,1,1,1.0,1,115.17,1,0,0.0,347.21,0.00,0.0
1661,2025-09-01,0,0,,0,0.00,0,0,,228.52,0.00,0.0
1661,2025-10-01,1,1,1.0,1,275.25,1,0,0.0,453.35,106.72,0.23540311017977278
1661,2025-11-01,0,0,,0,0.00,0,0,,316.55,109.32,0.3453482862107092
1661,2025-12-01,2,0,0.0,0,0.00,0,0,,313.21,108.16,0.34532741611059675
1661,2026-01-01,0,0,,0,0.00,0,0,,303.68,303.68,1.0
1661,2026-02-01,1,1,1.0,1,240.89,1,0,0.0,574.10,303.86,0.5292806131336004
1661,2026-03-01,0,0,,0,0.00,0,0,,498.90,299.27,0.599859691320906
1661,2026-04-01,0,0,,0,0.00,0,0,,371.54,303.93,0.8180276686224901
1661,2026-05-01,0,0,,0,0.00,0,0,,386.46,316.14,0.8180406769135228
1661,2026-06-01,0,0,,0,0.00,0,0,,386.04,315.79,0.8180240389596933
1662,2025-01-01,4,3,0.75,3,1086.53,3,0,0.0,1150.24,0.00,0.0
1662,2025-02-01,6,2,0.3333333333333333,1,1193.51,1,0,0.0,2084.03,0.00,0.0
1662,2025-03-01,3,3,1.0,3,1172.15,3,0,0.0,2631.03,0.00,0.0
1662,2025-04-01,2,1,0.5,1,666.54,1,0,0.0,2587.81,0.00,0.0
1662,2025-05-01,8,4,0.5,3,394.06,3,1,0.3333333333333333,1849.46,105.07,0.05681117731662214
1662,2025-06-01,5,4,0.8,2,926.92,2,0,0.0,1842.34,0.00,0.0
1662,2025-07-01,11,2,0.18181818181818182,3,1453.56,3,0,0.0,2840.74,211.41,0.07442074952301161
1662,2025-08-01,6,2,0.3333333333333333,2,630.50,2,0,0.0,2325.83,0.00,0.0
1662,2025-09-01,5,3,0.6,3,964.70,3,0,0.0,2349.11,0.00,0.0
1662,2025-10-01,2,1,0.5,1,450.55,1,0,0.0,2093.93,0.00,0.0
1662,2025-11-01,2,1,0.5,1,126.92,1,0,0.0,1673.17,149.45,0.08932146763329488
1662,2025-12-01,2,1,0.5,1,415.39,1,0,0.0,1580.36,0.00,0.0
1662,2026-01-01,4,1,0.25,1,341.31,1,0,0.0,984.65,71.64,0.07275681714314731
1662,2026-02-01,6,4,0.6666666666666666,1,459.26,1,0,0.0,1211.83,0.00,0.0
1662,2026-03-01,7,3,0.42857142857142855,5,796.68,5,1,0.2,1713.52,93.94,0.05482282085998413
1662,2026-04-01,3,2,0.6666666666666666,2,1789.12,2,0,0.0,3189.68,0.00,0.0
1662,2026-05-01,6,6,1.0,5,1394.94,0,0,,3973.97,0.00,0.0
1662,2026-06-01,5,2,0.4,3,443.06,0,0,,3486.04,24.80,0.007114089339192896
1663,2025-02-01,1,1,1.0,1,135.42,1,1,1.0,149.27,0.00,0.0
1663,2025-03-01,0,0,,0,0.00,0,0,,146.01,0.00,0.0
1663,2025-04-01,1,1,1.0,1,63.76,1,0,0.0,222.22,149.16,0.6712267122671226
1663,2025-05-01,1,1,1.0,1,765.69,1,0,0.0,1086.77,144.11,0.13260395483865034
1663,2025-06-01,0,0,,0,0.00,0,0,,928.68,142.60,0.15355127708144894
1663,2025-07-01,3,1,0.3333333333333333,0,0.00,0,0,,765.34,142.77,0.18654454229492776
1663,2025-08-01,0,0,,0,0.00,0,0,,777.70,180.61,0.23223608075093224
1663,2025-09-01,2,2,1.0,2,315.50,2,0,0.0,1163.22,801.75,0.6892505287048022
1663,2025-10-01,0,0,,0,0.00,0,0,,767.87,187.23,0.24383033586414365
1663,2025-11-01,0,0,,0,0.00,0,0,,533.53,350.31,0.6565891327572958
1663,2025-12-01,0,0,,0,0.00,0,0,,277.50,189.77,0.6838558558558558
1663,2026-01-01,1,1,1.0,1,90.40,1,0,0.0,355.44,183.99,0.5176401080351114
1663,2026-02-01,1,0,0.0,0,0.00,0,0,,346.20,184.10,0.5317735413056037
1663,2026-03-01,0,0,,0,0.00,0,0,,300.16,181.32,0.6040778251599146
1663,2026-04-01,0,0,,0,0.00,0,0,,295.38,248.08,0.8398672895930667
1663,2026-05-01,0,0,,0,0.00,0,0,,297.40,258.04,0.8676529926025556
1663,2026-06-01,1,1,1.0,1,232.98,0,0,,544.80,257.76,0.4731277533039648
1664,2024-12-01,2,2,1.0,0,0.00,0,0,,0.00,0.00,
1664,2025-01-01,143,67,0.46853146853146854,57,17106.45,57,4,0.07017543859649122,19318.97,0.00,0.0
1664,2025-02-01,119,69,0.5798319327731093,56,17189.18,56,2,0.03571428571428571,34666.74,0.00,0.0
1664,2025-03-01,141,79,0.5602836879432624,76,21792.90,76,8,0.10526315789473684,49487.83,613.00,0.012386883805574017
1664,2025-04-01,143,89,0.6223776223776224,67,21859.45,67,5,0.07462686567164178,60280.62,1957.77,0.03247760225425684
1664,2025-05-01,139,83,0.5971223021582733,68,21404.70,68,4,0.058823529411764705,63905.46,4113.03,0.06436116726176448
1664,2025-06-01,123,69,0.5609756097560976,64,18929.25,64,8,0.125,65207.45,4221.39,0.06473784820599487
1664,2025-07-01,141,91,0.6453900709219859,78,22750.30,78,8,0.10256410256410256,69117.11,5694.70,0.08239204445903481
1664,2025-08-01,148,93,0.6283783783783784,72,23813.90,72,5,0.06944444444444445,76587.46,5878.46,0.07675486300237662
1664,2025-09-01,123,56,0.45528455284552843,60,19133.51,60,6,0.1,76595.44,7799.08,0.10182172724642616
1664,2025-10-01,162,90,0.5555555555555556,77,21930.27,77,5,0.06493506493506493,80250.34,8111.56,0.10107820103939748
1664,2025-11-01,146,88,0.6027397260273972,75,24339.25,75,6,0.08,85748.97,9520.52,0.11102780593166309
1664,2025-12-01,151,74,0.4900662251655629,63,19827.43,63,4,0.06349206349206349,81378.65,10206.25,0.12541680158125013
1664,2026-01-01,141,78,0.5531914893617021,59,21204.14,59,3,0.05084745762711865,81822.02,11234.97,0.13730985864196457
1664,2026-02-01,130,69,0.5307692307692308,62,22070.04,62,6,0.0967741935483871,83447.25,11230.07,0.134576873414043
1664,2026-03-01,129,73,0.5658914728682171,63,16762.61,63,3,0.047619047619047616,76744.80,11601.46,0.15116933003929905
1664,2026-04-01,137,79,0.5766423357664233,65,19411.68,65,9,0.13846153846153847,76912.74,12638.27,0.16431959126667442
1664,2026-05-01,151,83,0.5496688741721855,68,19702.28,0,0,,82382.76,13530.35,0.16423763904001276
1664,2026-06-01,149,92,0.6174496644295302,77,29790.35,0,0,,94274.89,16223.86,0.17209099899241465
1665,2025-03-01,2,1,0.5,1,166.90,1,0,0.0,224.40,0.00,0.0
1665,2025-04-01,2,2,1.0,2,369.43,2,0,0.0,661.09,0.00,0.0
1665,2025-05-01,0,0,,0,0.00,0,0,,557.90,0.00,0.0
1665,2025-06-01,1,1,1.0,1,260.55,1,0,0.0,792.89,0.00,0.0
1665,2025-07-01,0,0,,0,0.00,0,0,,654.43,0.00,0.0
1665,2025-08-01,0,0,,0,0.00,0,0,,523.39,0.00,0.0
1665,2025-09-01,0,0,,0,0.00,0,0,,470.37,0.00,0.0
1665,2025-10-01,1,0,0.0,0,0.00,0,0,,239.94,0.00,0.0
1665,2025-11-01,1,1,1.0,1,356.61,1,0,0.0,617.49,0.00,0.0
1665,2025-12-01,0,0,,0,0.00,0,0,,303.33,0.00,0.0
1665,2026-01-01,1,1,1.0,1,166.82,1,0,0.0,288.24,0.00,0.0
1665,2026-02-01,0,0,,0,0.00,0,0,,181.66,0.00,0.0
1665,2026-03-01,1,1,1.0,1,232.65,1,0,0.0,352.41,0.00,0.0
1665,2026-04-01,0,0,,0,0.00,0,0,,232.35,0.00,0.0
1665,2026-05-01,3,1,0.3333333333333333,1,264.49,0,0,,307.24,0.00,0.0
1665,2026-06-01,0,0,,0,0.00,0,0,,222.05,0.00,0.0
1666,2025-01-01,11,6,0.5454545454545454,6,1653.47,6,0,0.0,1908.42,0.00,0.0
1666,2025-02-01,15,6,0.4,4,1437.00,4,0,0.0,3221.66,0.00,0.0
1666,2025-03-01,7,3,0.42857142857142855,1,118.14,1,0,0.0,2833.80,0.00,0.0
1666,2025-04-01,8,4,0.5,2,405.87,2,1,0.5,2868.11,213.13,0.07431026006673384
1666,2025-05-01,10,7,0.7,7,1947.97,7,0,0.0,4550.18,712.41,0.15656743249717592
1666,2025-06-01,6,1,0.16666666666666666,2,1439.21,2,0,0.0,5408.15,831.66,0.15377901870325342
1666,2025-07-01,8,6,0.75,6,2308.92,6,0,0.0,7242.22,1229.08,0.169710392669651
1666,2025-08-01,8,6,0.75,5,577.23,5,1,0.2,5781.19,1061.03,0.18353141827201666
1666,2025-09-01,11,6,0.5454545454545454,4,1037.15,4,0,0.0,5387.26,982.48,0.18237100121397518
1666,2025-10-01,12,7,0.5833333333333334,7,1964.64,7,0,0.0,6086.90,2033.78,0.33412410258095254
1666,2025-11-01,7,3,0.42857142857142855,1,111.54,1,0,0.0,4329.14,1573.63,0.3634971379996951
1666,2025-12-01,8,5,0.625,5,2313.17,5,0,0.0,5372.58,1161.40,0.21617174616292362
1666,2026-01-01,8,7,0.875,6,1977.09,6,1,0.16666666666666666,6002.84,1156.69,0.19269045984900482
1666,2026-02-01,6,3,0.5,3,683.81,3,0,0.0,5258.53,1150.27,0.21874364128378085
1666,2026-03-01,13,6,0.46153846153846156,2,1381.81,2,0,0.0,5135.75,1141.62,0.22228885751837607
1666,2026-04-01,7,4,0.5714285714285714,4,1235.78,4,1,0.25,4781.62,1131.40,0.23661436918868503
1666,2026-05-01,10,4,0.4,4,1649.24,0,0,,5361.62,1251.21,0.23336416978450544
1666,2026-06-01,6,3,0.5,2,371.78,0,0,,4237.84,1139.95,0.2689931663300172
1667,2025-01-01,5,4,0.8,1,80.95,1,0,0.0,86.18,0.00,0.0
1667,2025-02-01,1,0,0.0,0,0.00,0,0,,56.95,0.00,0.0
1667,2025-03-01,2,2,1.0,2,382.43,2,0,0.0,432.86,0.00,0.0
1667,2025-04-01,2,2,1.0,2,232.21,2,0,0.0,614.87,0.00,0.0
1667,2025-05-01,0,0,,0,0.00,0,0,,491.22,0.00,0.0
1667,2025-06-01,0,0,,0,0.00,0,0,,289.56,0.00,0.0
1667,2025-07-01,3,1,0.3333333333333333,1,894.14,1,0,0.0,1099.20,0.00,0.0
1667,2025-08-01,2,1,0.5,0,0.00,0,0,,802.00,0.00,0.0
1667,2025-09-01,1,1,1.0,2,515.70,2,0,0.0,1238.94,0.00,0.0
1667,2025-10-01,6,6,1.0,5,1751.38,5,2,0.4,3151.96,757.40,0.24029492760060406
1667,2025-11-01,1,1,1.0,2,539.02,2,1,0.5,3381.42,775.81,0.22943319670434312
1667,2025-12-01,3,2,0.6666666666666666,2,371.74,2,0,0.0,3136.79,1198.84,0.3821868853190682
1667,2026-01-01,1,0,0.0,0,0.00,0,0,,2419.01,1799.20,0.7437753461126658
1667,2026-02-01,1,1,1.0,1,108.76,1,0,0.0,2164.87,1517.81,0.7011090735240453
1667,2026-03-01,3,1,0.3333333333333333,1,250.87,1,0,0.0,2195.62,1700.89,0.7746741239376578
1667,2026-04-01,3,3,1.0,1,176.72,1,0,0.0,2129.82,1518.14,0.7128020208280512
1667,2026-05-01,2,2,1.0,1,1381.61,0,0,,3702.66,1651.71,0.4460874074314142
1667,2026-06-01,3,1,0.3333333333333333,1,81.84,0,0,,3643.23,1649.92,0.45287286281678624
1668,2025-01-01,1,1,1.0,0,0.00,0,0,,0.00,0.00,
1668,2025-02-01,1,0,0.0,1,92.18,1,0,0.0,73.70,0.00,0.0
1668,2025-03-01,0,0,,0,0.00,0,0,,72.09,0.00,0.0
1668,2025-04-01,0,0,,0,0.00,0,0,,34.34,0.00,0.0
1668,2025-05-01,1,0,0.0,0,0.00,0,0,,23.69,0.00,0.0
1668,2025-06-01,1,1,1.0,0,0.00,0,0,,0.00,0.00,
1668,2025-07-01,1,1,1.0,1,265.33,1,0,0.0,289.68,0.00,0.0
1668,2025-08-01,1,0,0.0,0,0.00,0,0,,245.31,0.00,0.0
1668,2025-09-01,1,1,1.0,1,528.76,1,0,0.0,793.76,0.00,0.0
1668,2025-10-01,1,0,0.0,0,0.00,0,0,,549.08,0.00,0.0
1668,2025-11-01,0,0,,0,0.00,0,0,,307.28,0.00,0.0
1668,2025-12-01,0,0,,0,0.00,0,0,,51.57,0.00,0.0
1668,2026-01-01,3,3,1.0,1,207.01,1,0,0.0,147.30,0.00,0.0
1668,2026-02-01,0,0,,0,0.00,0,0,,147.39,0.00,0.0
1668,2026-03-01,0,0,,0,0.00,0,0,,72.57,0.00,0.0
1668,2026-04-01,0,0,,0,0.00,0,0,,0.00,0.00,
1668,2026-05-01,0,0,,0,0.00,0,0,,0.00,0.00,
1668,2026-06-01,1,1,1.0,0,0.00,0,0,,0.00,0.00,
1669,2025-05-01,1,1,1.0,1,268.13,1,0,0.0,298.05,0.00,0.0
1669,2025-06-01,0,0,,0,0.00,0,0,,98.33,0.00,0.0
1669,2025-07-01,2,0,0.0,0,0.00,0,0,,98.44,0.00,0.0
1669,2025-08-01,0,0,,0,0.00,0,0,,0.00,0.00,
1669,2025-09-01,0,0,,0,0.00,0,0,,0.00,0.00,
1669,2025-10-01,0,0,,0,0.00,0,0,,0.00,0.00,
1669,2025-11-01,1,0,0.0,0,0.00,0,0,,0.00,0.00,
1669,2025-12-01,1,1,1.0,1,181.31,1,0,0.0,192.81,0.00,0.0
1669,2026-01-01,0,0,,0,0.00,0,0,,124.63,0.00,0.0
1669,2026-02-01,1,1,1.0,1,329.15,1,0,0.0,412.10,0.00,0.0
1669,2026-03-01,2,0,0.0,0,0.00,0,0,,229.63,0.00,0.0
1669,2026-04-01,0,0,,0,0.00,0,0,,116.60,0.00,0.0
1669,2026-05-01,0,0,,0,0.00,0,0,,0.00,0.00,
1669,2026-06-01,1,1,1.0,1,551.24,0,0,,593.72,0.00,0.0
1670,2025-01-01,53,32,0.6037735849056604,25,7267.74,25,3,0.12,8115.54,0.00,0.0
1670,2025-02-01,39,18,0.46153846153846156,18,3845.36,18,0,0.0,10551.27,0.00,0.0
1670,2025-03-01,43,19,0.4418604651162791,13,5947.81,13,0,0.0,14289.54,479.02,0.03352242269520222
1670,2025-04-01,57,28,0.49122807017543857,28,7938.70,28,3,0.10714285714285714,18382.73,489.36,0.026620637957474217
1670,2025-05-01,55,31,0.5636363636363636,21,5388.98,21,2,0.09523809523809523,18185.84,758.31,0.04169782644079129
1670,2025-06-01,45,25,0.5555555555555556,21,4961.30,21,4,0.19047619047619047,17916.17,1637.45,0.09139509169649541
1670,2025-07-01,56,30,0.5357142857142857,23,7802.45,23,2,0.08695652173913043,20329.37,1772.61,0.08719453677118376
1670,2025-08-01,43,30,0.6976744186046512,25,6630.92,25,1,0.04,20833.26,1462.42,0.07019640709135297
1670,2025-09-01,47,28,0.5957446808510638,25,7750.91,25,3,0.12,23669.24,2192.74,0.0926409128472228
1670,2025-10-01,49,26,0.5306122448979592,14,4385.92,14,0,0.0,21751.55,2313.65,0.10636713245722719
1670,2025-11-01,44,21,0.4772727272727273,23,7879.66,23,3,0.13043478260869565,25088.63,2955.48,0.11780156987448098
1670,2025-12-01,59,29,0.4915254237288136,22,6080.99,22,0,0.0,23645.22,2965.08,0.12539870637701828
1670,2026-01-01,59,39,0.6610169491525424,34,12071.77,34,4,0.11764705882352941,29349.91,3027.53,0.10315295685744863
1670,2026-02-01,48,22,0.4583333333333333,20,6673.21,20,2,0.1,30414.85,3036.84,0.09984727854978737
1670,2026-03-01,60,43,0.7166666666666667,33,10525.34,33,4,0.12121212121212122,32431.82,3204.03,0.09879279053719466
1670,2026-04-01,42,27,0.6428571428571429,20,6867.88,20,2,0.1,31446.18,4465.72,0.14201152572426923
1670,2026-05-01,67,30,0.44776119402985076,28,9228.07,0,0,,34582.57,6305.66,0.1823363619303019
1670,2026-06-01,41,26,0.6341463414634146,23,8210.09,0,0,,33614.07,5844.48,0.17387004905981335
1671,2025-05-01,1,0,0.0,0,0.00,0,0,,0.00,0.00,
1671,2025-06-01,3,3,1.0,3,769.81,3,0,0.0,836.78,0.00,0.0
1671,2025-07-01,0,0,,0,0.00,0,0,,622.75,0.00,0.0
1671,2025-08-01,0,0,,0,0.00,0,0,,349.05,0.00,0.0
1671,2025-09-01,1,0,0.0,0,0.00,0,0,,134.66,134.66,1.0
1671,2025-10-01,3,3,1.0,3,2034.66,3,0,0.0,2362.23,135.41,0.05732295331106624
1671,2025-11-01,0,0,,0,0.00,0,0,,1687.33,138.70,0.08220087356948552
1671,2025-12-01,0,0,,0,0.00,0,0,,1036.02,137.24,0.1324684851643791
1671,2026-01-01,1,1,1.0,0,0.00,0,0,,190.59,133.06,0.6981478566556483
1671,2026-02-01,1,1,1.0,1,385.33,1,0,0.0,581.75,133.14,0.22886119467125052
1671,2026-03-01,0,0,,0,0.00,0,0,,453.08,131.13,0.2894190871369295
1671,2026-04-01,0,0,,0,0.00,0,0,,338.35,133.17,0.39358652283138756
1671,2026-05-01,1,0,0.0,0,0.00,0,0,,245.26,138.52,0.5647883878333199
1671,2026-06-01,0,0,,0,0.00,0,0,,138.37,138.37,1.0
1672,2025-02-01,2,1,0.5,0,0.00,0,0,,0.00,0.00,
1672,2025-03-01,2,1,0.5,2,211.91,2,0,0.0,242.33,0.00,0.0
1672,2025-04-01,0,0,,0,0.00,0,0,,223.94,0.00,0.0
1672,2025-05-01,0,0,,0,0.00,0,0,,141.43,0.00,0.0
1672,2025-06-01,0,0,,0,0.00,0,0,,109.61,109.61,1.0
1672,2025-07-01,1,1,1.0,1,61.25,1,0,0.0,138.01,0.00,0.0
1672,2025-08-01,0,0,,0,0.00,0,0,,115.66,69.68,0.6024554729379216
1672,2025-09-01,4,3,0.75,3,1006.59,3,1,0.3333333333333333,1171.29,0.00,0.0
1672,2025-10-01,0,0,,0,0.00,0,0,,896.94,0.00,0.0
1672,2025-11-01,2,2,1.0,2,288.82,2,0,0.0,934.96,0.00,0.0
1672,2025-12-01,0,0,,0,0.00,0,0,,490.21,0.00,0.0
1672,2026-01-01,1,0,0.0,0,0.00,0,0,,355.91,0.00,0.0
1672,2026-02-01,1,1,1.0,1,491.81,1,0,0.0,826.83,105.62,0.1277408899048172
1672,2026-03-01,2,0,0.0,0,0.00,0,0,,515.64,0.00,0.0
1672,2026-04-01,2,1,0.5,1,204.60,1,0,0.0,513.58,0.00,0.0
1672,2026-05-01,0,0,,0,0.00,0,0,,252.89,0.00,0.0
1672,2026-06-01,0,0,,0,0.00,0,0,,174.69,0.00,0.0
1673,2025-06-01,1,1,1.0,0,0.00,0,0,,0.00,0.00,
1673,2025-07-01,0,0,,1,97.26,1,0,0.0,73.49,0.00,0.0
1673,2025-08-01,1,0,0.0,0,0.00,0,0,,73.83,0.00,0.0
1673,2025-09-01,0,0,,0,0.00,0,0,,36.55,0.00,0.0
1673,2025-10-01,1,0,0.0,0,0.00,0,0,,0.00,0.00,
1673,2025-11-01,1,1,1.0,1,748.79,1,0,0.0,813.63,0.00,0.0
1673,2025-12-01,0,0,,0,0.00,0,0,,600.11,0.00,0.0
1673,2026-01-01,0,0,,0,0.00,0,0,,597.68,0.00,0.0
1673,2026-02-01,0,0,,0,0.00,0,0,,583.80,583.80,1.0
1673,2026-03-01,1,0,0.0,0,0.00,0,0,,589.89,589.89,1.0
1673,2026-04-01,0,0,,0,0.00,0,0,,584.61,584.61,1.0
1673,2026-05-01,2,1,0.5,1,84.47,0,0,,675.61,579.12,0.8571809179852281
1673,2026-06-01,0,0,,0,0.00,0,0,,670.81,589.03,0.878087685037492
1674,2025-02-01,2,2,1.0,2,264.71,2,0,0.0,283.11,0.00,0.0
1674,2025-03-01,0,0,,0,0.00,0,0,,194.55,0.00,0.0
1674,2025-04-01,0,0,,0,0.00,0,0,,84.12,0.00,0.0
1674,2025-05-01,2,1,0.5,1,328.45,1,1,1.0,382.08,0.00,0.0
1674,2025-06-01,0,0,,0,0.00,0,0,,348.96,0.00,0.0
1674,2025-07-01,3,3,1.0,3,235.21,3,0,0.0,521.09,0.00,0.0
1674,2025-08-01,1,1,1.0,1,275.97,1,0,0.0,698.80,0.00,0.0
1674,2025-09-01,1,1,1.0,1,324.91,1,0,0.0,885.45,0.00,0.0
1674,2025-10-01,0,0,,0,0.00,0,0,,573.95,0.00,0.0
1674,2025-11-01,0,0,,0,0.00,0,0,,314.61,0.00,0.0
1674,2025-12-01,0,0,,0,0.00,0,0,,133.10,0.00,0.0
1674,2026-01-01,1,0,0.0,0,0.00,0,0,,55.76,0.00,0.0
1674,2026-02-01,2,1,0.5,1,81.10,1,0,0.0,89.30,0.00,0.0
1674,2026-03-01,0,0,,0,0.00,0,0,,73.28,0.00,0.0
1674,2026-04-01,0,0,,0,0.00,0,0,,59.52,0.00,0.0
1674,2026-05-01,1,1,1.0,1,126.77,0,0,,178.80,0.00,0.0
1674,2026-06-01,0,0,,0,0.00,0,0,,119.05,0.00,0.0
1675,2025-01-01,1,0,0.0,0,0.00,0,0,,0.00,0.00,
1675,2025-04-01,1,1,1.0,1,400.10,1,0,0.0,464.70,0.00,0.0
1675,2025-05-01,1,0,0.0,0,0.00,0,0,,374.15,0.00,0.0
1675,2025-06-01,2,1,0.5,1,1133.77,1,1,1.0,1528.45,0.00,0.0
1675,2025-07-01,1,1,1.0,0,0.00,0,0,,1456.07,0.00,0.0
1675,2025-08-01,1,1,1.0,2,753.66,2,0,0.0,2239.43,1253.56,0.5597674408219949
1675,2025-09-01,1,1,1.0,1,408.21,1,0,0.0,1932.82,861.56,0.4457528378224563
1675,2025-10-01,0,0,,0,0.00,0,0,,1501.82,866.36,0.5768733936157463
1675,2025-11-01,0,0,,0,0.00,0,0,,1124.31,887.43,0.7893107772767297
1675,2025-12-01,3,1,0.3333333333333333,1,236.16,1,0,0.0,1268.15,878.08,0.6924102038402397
1675,2026-01-01,0,0,,0,0.00,0,0,,1071.83,851.36,0.7943050670348843
1675,2026-02-01,3,2,0.6666666666666666,2,1256.57,2,0,0.0,2380.32,851.87,0.3578804530483296
1675,2026-03-01,0,0,,0,0.00,0,0,,1752.41,838.99,0.4787635313653768
1675,2026-04-01,3,3,1.0,2,1000.96,2,0,0.0,2787.63,852.06,0.30565749400027975
1675,2026-05-01,2,2,1.0,2,343.34,0,0,,2610.16,886.28,0.3395500658963435
1675,2026-06-01,1,0,0.0,0,0.00,0,0,,1633.45,885.32,0.5419939392084239
1676,2025-01-01,2,2,1.0,1,128.80,1,0,0.0,145.70,0.00,0.0
1676,2025-02-01,2,1,0.5,2,642.57,2,0,0.0,817.24,0.00,0.0
1676,2025-03-01,0,0,,0,0.00,0,0,,619.14,0.00,0.0
1676,2025-04-01,0,0,,0,0.00,0,0,,359.03,0.00,0.0
1676,2025-05-01,0,0,,0,0.00,0,0,,132.81,0.00,0.0
1676,2025-06-01,2,1,0.5,0,0.00,0,0,,93.69,0.00,0.0
1676,2025-07-01,1,0,0.0,0,0.00,0,0,,98.80,0.00,0.0
1676,2025-08-01,0,0,,0,0.00,0,0,,0.00,0.00,
1676,2025-09-01,1,1,1.0,0,0.00,0,0,,0.00,0.00,
1676,2025-10-01,0,0,,0,0.00,0,0,,0.00,0.00,
1676,2025-11-01,1,0,0.0,0,0.00,0,0,,0.00,0.00,
1676,2025-12-01,0,0,,0,0.00,0,0,,0.00,0.00,
1676,2026-01-01,0,0,,0,0.00,0,0,,0.00,0.00,
1676,2026-02-01,1,0,0.0,0,0.00,0,0,,0.00,0.00,
1676,2026-03-01,1,1,1.0,1,62.07,1,0,0.0,65.77,0.00,0.0
1676,2026-04-01,1,0,0.0,0,0.00,0,0,,43.45,0.00,0.0
1676,2026-05-01,0,0,,0,0.00,0,0,,21.52,0.00,0.0
1676,2026-06-01,0,0,,0,0.00,0,0,,0.00,0.00,
1677,2025-03-01,1,0,0.0,0,0.00,0,0,,0.00,0.00,
1677,2025-04-01,1,1,1.0,1,235.80,1,0,0.0,258.85,0.00,0.0
1677,2025-05-01,0,0,,0,0.00,0,0,,83.38,0.00,0.0
1677,2025-06-01,0,0,,0,0.00,0,0,,82.51,0.00,0.0
1677,2025-07-01,0,0,,0,0.00,0,0,,0.00,0.00,
1677,2025-08-01,1,1,1.0,1,258.50,1,0,0.0,310.66,0.00,0.0
1677,2025-09-01,0,0,,0,0.00,0,0,,266.90,0.00,0.0
1677,2025-10-01,0,0,,0,0.00,0,0,,214.72,0.00,0.0
1677,2025-11-01,0,0,,0,0.00,0,0,,219.94,0.00,0.0
1677,2025-12-01,2,2,1.0,2,517.91,2,0,0.0,677.85,0.00,0.0
1677,2026-01-01,0,0,,0,0.00,0,0,,559.22,0.00,0.0
1677,2026-02-01,0,0,,0,0.00,0,0,,337.74,0.00,0.0
1677,2026-03-01,0,0,,0,0.00,0,0,,253.96,0.00,0.0
1677,2026-04-01,0,0,,0,0.00,0,0,,159.81,0.00,0.0
1677,2026-05-01,0,0,,0,0.00,0,0,,83.11,0.00,0.0
1677,2026-06-01,0,0,,0,0.00,0,0,,0.00,0.00,
1678,2025-06-01,1,0,0.0,0,0.00,0,0,,0.00,0.00,
1678,2025-07-01,1,0,0.0,0,0.00,0,0,,0.00,0.00,
1678,2025-10-01,2,2,1.0,2,1275.01,2,1,0.5,1377.04,0.00,0.0
1678,2025-11-01,0,0,,0,0.00,0,0,,1027.64,0.00,0.0
1678,2025-12-01,0,0,,0,0.00,0,0,,526.68,0.00,0.0
1678,2026-01-01,1,0,0.0,0,0.00,0,0,,159.69,0.00,0.0
1678,2026-02-01,1,1,1.0,1,219.07,1,0,0.0,397.32,0.00,0.0
1678,2026-03-01,0,0,,0,0.00,0,0,,215.11,0.00,0.0
1678,2026-04-01,0,0,,0,0.00,0,0,,80.56,0.00,0.0
1678,2026-05-01,1,0,0.0,0,0.00,0,0,,0.00,0.00,
1678,2026-06-01,0,0,,0,0.00,0,0,,0.00,0.00,
1679,2025-01-01,1,0,0.0,0,0.00,0,0,,0.00,0.00,
1679,2025-02-01,1,1,1.0,0,0.00,0,0,,0.00,0.00,
1679,2025-03-01,2,1,0.5,1,151.60,1,0,0.0,167.43,0.00,0.0
1679,2025-04-01,0,0,,0,0.00,0,0,,128.28,0.00,0.0
1679,2025-05-01,0,0,,0,0.00,0,0,,82.61,0.00,0.0
1679,2025-06-01,0,0,,0,0.00,0,0,,40.85,0.00,0.0
1679,2025-07-01,1,1,1.0,1,214.15,1,0,0.0,251.93,0.00,0.0
1679,2025-08-01,0,0,,0,0.00,0,0,,213.32,0.00,0.0
1679,2025-09-01,0,0,,0,0.00,0,0,,175.93,0.00,0.0
1679,2025-10-01,0,0,,0,0.00,0,0,,132.67,0.00,0.0
1679,2025-11-01,0,0,,0,0.00,0,0,,90.58,0.00,0.0
1679,2025-12-01,0,0,,0,0.00,0,0,,62.72,0.00,0.0
1679,2026-01-01,1,1,1.0,1,201.56,1,0,0.0,213.60,0.00,0.0
1679,2026-02-01,0,0,,0,0.00,0,0,,160.31,0.00,0.0
1679,2026-03-01,1,0,0.0,0,0.00,0,0,,52.66,0.00,0.0
1679,2026-04-01,1,1,1.0,0,0.00,0,0,,53.48,0.00,0.0
1679,2026-05-01,0,0,,1,1146.05,0,0,,1432.52,0.00,0.0
1679,2026-06-01,1,1,1.0,1,163.82,0,0,,1128.50,0.00,0.0
1680,2025-01-01,1,0,0.0,0,0.00,0,0,,0.00,0.00,
1680,2025-02-01,1,0,0.0,0,0.00,0,0,,0.00,0.00,
1680,2025-03-01,3,2,0.6666666666666666,2,251.10,2,0,0.0,287.01,0.00,0.0
1680,2025-04-01,0,0,,0,0.00,0,0,,213.27,0.00,0.0
1680,2025-05-01,0,0,,0,0.00,0,0,,178.56,0.00,0.0
1680,2025-06-01,0,0,,0,0.00,0,0,,135.30,0.00,0.0
1680,2025-07-01,1,0,0.0,0,0.00,0,0,,62.98,0.00,0.0
1680,2025-08-01,2,0,0.0,0,0.00,0,0,,31.64,0.00,0.0
1680,2025-09-01,1,1,1.0,1,668.79,1,0,0.0,920.34,0.00,0.0
1680,2025-10-01,2,0,0.0,0,0.00,0,0,,800.90,0.00,0.0
1680,2025-11-01,1,1,1.0,1,480.60,1,0,0.0,1260.76,0.00,0.0
1680,2025-12-01,3,2,0.6666666666666666,2,606.15,2,0,0.0,1690.67,0.00,0.0
1680,2026-01-01,2,1,0.5,1,154.85,1,0,0.0,1360.55,0.00,0.0
1680,2026-02-01,4,2,0.5,2,399.29,2,0,0.0,1432.79,0.00,0.0
1680,2026-03-01,2,0,0.0,0,0.00,0,0,,910.58,0.00,0.0
1680,2026-04-01,5,3,0.6,1,230.06,1,0,0.0,825.42,0.00,0.0
1680,2026-05-01,2,2,1.0,3,600.13,0,0,,1184.98,0.00,0.0
1680,2026-06-01,0,0,,0,0.00,0,0,,1144.21,0.00,0.0
1681,2025-01-01,1,0,0.0,0,0.00,0,0,,0.00,0.00,
1681,2025-02-01,4,3,0.75,2,609.81,2,0,0.0,660.64,0.00,0.0
1681,2025-03-01,3,2,0.6666666666666666,1,530.09,1,0,0.0,795.97,0.00,0.0
1681,2025-04-01,4,4,1.0,4,1087.05,4,1,0.25,1716.95,0.00,0.0
1681,2025-05-01,1,1,1.0,1,362.04,1,0,0.0,1464.71,0.00,0.0
1681,2025-06-01,2,0,0.0,0,0.00,0,0,,1057.26,0.00,0.0
1681,2025-07-01,2,1,0.5,1,376.02,1,0,0.0,1130.33,0.00,0.0
1681,2025-08-01,7,4,0.5714285714285714,3,726.37,3,1,0.3333333333333333,1638.70,0.00,0.0
1681,2025-09-01,3,1,0.3333333333333333,0,0.00,0,0,,1282.25,0.00,0.0
1681,2025-10-01,4,3,0.75,3,1854.46,3,0,0.0,2915.85,0.00,0.0
1681,2025-11-01,4,1,0.25,1,206.56,1,0,0.0,2127.31,0.00,0.0
1681,2025-12-01,4,1,0.25,1,928.59,1,0,0.0,2843.89,72.74,0.02557764189191565
1681,2026-01-01,6,5,0.8333333333333334,3,1360.78,3,0,0.0,3263.03,0.00,0.0
1681,2026-02-01,3,1,0.3333333333333333,1,196.25,1,0,0.0,2627.21,478.44,0.18210953825541162
1681,2026-03-01,3,2,0.6666666666666666,1,237.65,1,1,1.0,2462.37,453.81,0.18429805431352722
1681,2026-04-01,7,4,0.5714285714285714,1,589.06,1,0,0.0,2258.41,443.29,0.1962841113881005
1681,2026-05-01,3,3,1.0,5,2186.88,0,0,,4330.12,734.78,0.16969044737790176
1681,2026-06-01,6,3,0.5,3,679.14,0,0,,3995.82,460.59,0.11526795501298856
1682,2025-01-01,1,1,1.0,1,54.02,1,1,1.0,58.75,0.00,0.0
1682,2025-02-01,3,1,0.3333333333333333,1,224.62,1,0,0.0,311.42,0.00,0.0
1682,2025-03-01,0,0,,0,0.00,0,0,,273.07,58.11,0.21280257809352912
1682,2025-04-01,2,1,0.5,1,354.39,1,0,0.0,584.55,27.45,0.04695919938414165
1682,2025-05-01,0,0,,0,0.00,0,0,,374.16,0.00,0.0
1682,2025-06-01,0,0,,0,0.00,0,0,,220.29,0.00,0.0
1682,2025-07-01,1,0,0.0,0,0.00,0,0,,47.09,0.00,0.0
1682,2025-08-01,2,2,1.0,2,409.64,2,0,0.0,455.90,0.00,0.0
1682,2025-09-01,1,0,0.0,0,0.00,0,0,,300.94,0.00,0.0
1682,2025-10-01,1,1,1.0,1,166.41,1,0,0.0,319.66,0.00,0.0
1682,2025-11-01,1,1,1.0,0,0.00,0,0,,176.98,0.00,0.0
1682,2025-12-01,0,0,,1,208.44,1,0,0.0,295.47,0.00,0.0
1682,2026-01-01,0,0,,0,0.00,0,0,,215.44,0.00,0.0
1682,2026-02-01,1,1,1.0,1,51.53,1,0,0.0,210.38,0.00,0.0
1682,2026-03-01,1,1,1.0,0,0.00,0,0,,159.43,0.00,0.0
1682,2026-04-01,1,0,0.0,0,0.00,0,0,,105.33,0.00,0.0
1682,2026-05-01,0,0,,0,0.00,0,0,,38.19,0.00,0.0
1682,2026-06-01,2,0,0.0,0,0.00,0,0,,0.00,0.00,
1683,2025-02-01,3,2,0.6666666666666666,2,1046.30,2,0,0.0,1070.81,0.00,0.0
1683,2025-03-01,1,0,0.0,0,0.00,0,0,,958.28,0.00,0.0
1683,2025-04-01,1,0,0.0,0,0.00,0,0,,366.70,0.00,0.0
1683,2025-05-01,0,0,,0,0.00,0,0,,0.00,0.00,
1683,2025-06-01,3,1,0.3333333333333333,1,437.80,1,0,0.0,620.99,0.00,0.0
1683,2025-07-01,2,0,0.0,0,0.00,0,0,,600.29,0.00,0.0
1683,2025-08-01,2,2,1.0,1,562.68,1,0,0.0,1153.62,0.00,0.0
1683,2025-09-01,1,1,1.0,0,0.00,0,0,,888.19,0.00,0.0
1683,2025-10-01,2,1,0.5,2,1266.30,2,0,0.0,1923.17,0.00,0.0
1683,2025-11-01,2,1,0.5,1,450.56,1,1,1.0,1750.65,0.00,0.0
1683,2025-12-01,1,0,0.0,0,0.00,0,0,,930.92,0.00,0.0
1683,2026-01-01,0,0,,0,0.00,0,0,,758.24,0.00,0.0
1683,2026-02-01,0,0,,0,0.00,0,0,,575.65,146.95,0.255276643793972
1683,2026-03-01,2,0,0.0,0,0.00,0,0,,149.60,0.00,0.0
1683,2026-04-01,0,0,,0,0.00,0,0,,98.85,0.00,0.0
1683,2026-05-01,0,0,,0,0.00,0,0,,48.96,0.00,0.0
1683,2026-06-01,0,0,,0,0.00,0,0,,0.00,0.00,
1684,2025-02-01,3,2,0.6666666666666666,1,390.47,1,0,0.0,425.04,0.00,0.0
1684,2025-03-01,3,0,0.0,0,0.00,0,0,,323.53,0.00,0.0
1684,2025-04-01,0,0,,0,0.00,0,0,,327.50,0.00,0.0
1684,2025-05-01,3,1,0.3333333333333333,0,0.00,0,0,,105.84,0.00,0.0
1684,2025-06-01,3,1,0.3333333333333333,1,186.64,1,1,1.0,371.67,0.00,0.0
1684,2025-07-01,0,0,,0,0.00,0,0,,273.84,0.00,0.0
1684,2025-08-01,0,0,,0,0.00,0,0,,229.25,0.00,0.0
1684,2025-09-01,2,2,1.0,1,39.91,1,0,0.0,249.80,0.00,0.0
1684,2025-10-01,1,0,0.0,1,122.17,1,0,0.0,310.08,0.00,0.0
1684,2025-11-01,3,3,1.0,3,505.02,3,0,0.0,749.61,0.00,0.0
1684,2025-12-01,2,2,1.0,2,571.35,2,0,0.0,1216.07,0.00,0.0
1684,2026-01-01,2,0,0.0,0,0.00,0,0,,854.92,0.00,0.0
1684,2026-02-01,0,0,,0,0.00,0,0,,508.62,0.00,0.0
1684,2026-03-01,0,0,,0,0.00,0,0,,225.28,0.00,0.0
1684,2026-04-01,1,0,0.0,0,0.00,0,0,,111.77,0.00,0.0
1684,2026-05-01,2,1,0.5,1,156.86,0,0,,216.21,0.00,0.0
1684,2026-06-01,5,1,0.2,0,0.00,0,0,,129.88,0.00,0.0
1685,2025-02-01,1,0,0.0,0,0.00,0,0,,0.00,0.00,
1685,2025-03-01,1,1,1.0,1,279.02,1,0,0.0,299.84,0.00,0.0
1685,2025-04-01,0,0,,0,0.00,0,0,,204.22,0.00,0.0
1685,2025-05-01,0,0,,0,0.00,0,0,,98.66,0.00,0.0
1685,2025-06-01,1,1,1.0,1,59.04,1,0,0.0,73.63,0.00,0.0
1685,2025-07-01,0,0,,0,0.00,0,0,,61.42,0.00,0.0
1685,2025-08-01,1,1,1.0,0,0.00,0,0,,62.41,0.00,0.0
1685,2025-09-01,0,0,,0,0.00,0,0,,57.91,0.00,0.0
1685,2025-10-01,2,2,1.0,1,135.46,1,0,0.0,189.22,0.00,0.0
1685,2025-11-01,0,0,,1,773.23,1,0,0.0,721.69,0.00,0.0
1685,2025-12-01,1,0,0.0,0,0.00,0,0,,324.80,0.00,0.0
1685,2026-01-01,0,0,,0,0.00,0,0,,302.19,0.00,0.0
1685,2026-02-01,0,0,,0,0.00,0,0,,25.42,0.00,0.0
1685,2026-03-01,1,0,0.0,0,0.00,0,0,,12.50,0.00,0.0
1685,2026-04-01,0,0,,0,0.00,0,0,,12.69,0.00,0.0
1685,2026-05-01,1,0,0.0,0,0.00,0,0,,6.58,0.00,0.0
1685,2026-06-01,0,0,,0,0.00,0,0,,0.00,0.00,
1686,2025-01-01,2,2,1.0,2,655.35,2,2,1.0,710.85,0.00,0.0
1686,2025-02-01,3,3,1.0,1,103.01,1,0,0.0,816.83,0.00,0.0
1686,2025-03-01,1,1,1.0,2,156.92,2,0,0.0,878.40,689.22,0.7846311475409836
1686,2025-04-01,5,4,0.8,4,941.92,4,0,0.0,1836.86,597.22,0.32513092995655635
1686,2025-05-01,3,1,0.3333333333333333,1,212.41,1,0,0.0,1626.61,577.00,0.3547254719939015
1686,2025-06-01,1,1,1.0,1,155.36,1,0,0.0,1451.06,570.98,0.39349165437680045
1686,2025-07-01,2,0,0.0,0,0.00,0,0,,1092.60,571.63,0.5231832326560498
1686,2025-08-01,4,3,0.75,1,489.87,1,0,0.0,1428.43,580.86,0.40664225758350075
1686,2025-09-01,4,1,0.25,2,1386.47,2,0,0.0,2342.98,598.82,0.25558050004694877
1686,2025-10-01,1,1,1.0,0,0.00,0,0,,2163.42,602.16,0.2783370774052195
1686,2025-11-01,4,4,1.0,3,738.49,3,1,0.3333333333333333,1652.28,616.80,0.3733023458493718
1686,2025-12-01,7,2,0.2857142857142857,2,416.58,2,0,0.0,1888.44,651.09,0.34477664103704647
1686,2026-01-01,2,1,0.5,1,323.56,1,0,0.0,1614.63,591.73,0.3664802462483665
1686,2026-02-01,2,1,0.5,1,464.47,1,0,0.0,1763.46,592.09,0.3357547094915677
1686,2026-03-01,1,0,0.0,0,0.00,0,0,,1359.45,803.13,0.5907756813417191
1686,2026-04-01,1,1,1.0,1,618.47,1,0,0.0,1965.38,815.64,0.41500371429443667
1686,2026-05-01,3,3,1.0,2,548.52,0,0,,2304.78,848.40,0.3681045479394996
1686,2026-06-01,0,0,,0,0.00,0,0,,2066.43,847.48,0.4101179328600534
1687,2025-02-01,1,0,0.0,0,0.00,0,0,,0.00,0.00,
1687,2025-05-01,1,0,0.0,0,0.00,0,0,,0.00,0.00,
1687,2025-06-01,1,0,0.0,0,0.00,0,0,,0.00,0.00,
1687,2025-07-01,2,2,1.0,1,525.04,1,0,0.0,585.27,0.00,0.0
1687,2025-08-01,0,0,,1,452.82,1,0,0.0,821.40,0.00,0.0
1687,2025-09-01,0,0,,0,0.00,0,0,,616.13,0.00,0.0
1687,2025-10-01,2,2,1.0,2,639.25,2,1,0.5,1107.13,0.00,0.0
1687,2025-11-01,1,1,1.0,0,0.00,0,0,,697.22,0.00,0.0
1687,2025-12-01,0,0,,0,0.00,0,0,,689.87,624.63,0.9054314581008016
1687,2026-01-01,0,0,,0,0.00,0,0,,662.54,605.62,0.9140882059951098
1687,2026-02-01,1,1,1.0,0,0.00,0,0,,656.59,605.98,0.9229199348147246
1687,2026-03-01,2,1,0.5,1,100.55,1,0,0.0,747.84,596.82,0.7980584082156611
1687,2026-04-01,0,0,,0,0.00,0,0,,753.15,606.12,0.804779924317865
1687,2026-05-01,0,0,,0,0.00,0,0,,748.44,630.46,0.8423654534765646
1687,2026-06-01,2,2,1.0,0,0.00,0,0,,695.71,629.78,0.9052335024651075
1688,2025-01-01,31,17,0.5483870967741935,13,6997.26,13,1,0.07692307692307693,7750.95,0.00,0.0
1688,2025-02-01,35,17,0.4857142857142857,15,5022.71,15,1,0.06666666666666667,11899.71,0.00,0.0
1688,2025-03-01,27,11,0.4074074074074074,8,3457.62,8,1,0.125,11641.68,825.13,0.07087722734175823
1688,2025-04-01,32,16,0.5,12,3707.52,12,1,0.08333333333333333,12601.59,1599.48,0.1269268401844529
1688,2025-05-01,30,19,0.6333333333333333,15,4610.53,15,2,0.13333333333333333,12548.15,3284.92,0.2617852033965166
1688,2025-06-01,36,20,0.5555555555555556,16,4740.49,16,0,0.0,12463.51,1234.43,0.09904352786654803
1688,2025-07-01,42,27,0.6428571428571429,23,6451.21,23,1,0.043478260869565216,15704.39,1416.05,0.09016905464013565
1688,2025-08-01,26,15,0.5769230769230769,11,3429.48,11,1,0.09090909090909091,15723.53,2197.63,0.1397669607270123
1688,2025-09-01,23,15,0.6521739130434783,13,4228.27,13,1,0.07692307692307693,15975.70,2055.07,0.12863724281252154
1688,2025-10-01,27,13,0.48148148148148145,10,3408.77,10,1,0.1,15509.11,2081.11,0.1341862943779495
1688,2025-11-01,30,19,0.6333333333333333,17,5500.68,17,1,0.058823529411764705,17125.95,2300.02,0.13430028699137858
1688,2025-12-01,37,19,0.5135135135135135,16,6901.35,16,0,0.0,19321.59,2304.60,0.11927589810155374
1688,2026-01-01,36,20,0.5555555555555556,16,5886.76,16,0,0.0,19428.24,2413.88,0.12424594301902797
1688,2026-02-01,35,26,0.7428571428571429,23,8302.96,23,0,0.0,23450.25,2628.56,0.11209091587509727
1688,2026-03-01,36,20,0.5555555555555556,18,4561.40,18,3,0.16666666666666666,21311.04,2815.15,0.13209819886781687
1688,2026-04-01,35,19,0.5428571428571428,12,4278.72,12,0,0.0,20217.24,2592.68,0.1282410457609446
1688,2026-05-01,38,23,0.6052631578947368,21,7716.07,0,0,,22684.16,3182.72,0.1403058345559192
1688,2026-06-01,23,14,0.6086956521739131,11,2452.05,0,0,,17542.98,3194.35,0.1820870798461835
1689,2025-01-01,1,0,0.0,0,0.00,0,0,,0.00,0.00,
1689,2025-02-01,1,0,0.0,0,0.00,0,0,,0.00,0.00,
1689,2025-03-01,1,1,1.0,1,359.72,1,0,0.0,394.54,0.00,0.0
1689,2025-04-01,1,1,1.0,0,0.00,0,0,,266.26,0.00,0.0
1689,2025-05-01,2,2,1.0,1,92.32,1,0,0.0,232.24,0.00,0.0
1689,2025-06-01,1,0,0.0,0,0.00,0,0,,72.78,0.00,0.0
1689,2025-07-01,1,1,1.0,1,71.32,1,0,0.0,122.89,0.00,0.0
1689,2025-08-01,0,0,,0,0.00,0,0,,84.91,0.00,0.0
1689,2025-09-01,0,0,,0,0.00,0,0,,70.06,0.00,0.0
1689,2025-10-01,4,1,0.25,1,384.66,1,0,0.0,510.97,0.00,0.0
1689,2025-11-01,2,1,0.5,1,1745.16,1,0,0.0,2248.93,0.00,0.0
1689,2025-12-01,3,2,0.6666666666666666,1,108.84,1,0,0.0,1653.02,39.29,0.023768617439595408
1689,2026-01-01,2,0,0.0,1,225.60,1,0,0.0,1161.25,0.00,0.0
1689,2026-02-01,3,2,0.6666666666666666,2,429.03,2,0,0.0,874.64,12.74,0.014565992865636148
1689,2026-03-01,0,0,,0,0.00,0,0,,627.92,75.64,0.12046120524907633
1689,2026-04-01,0,0,,0,0.00,0,0,,249.35,0.00,0.0
1689,2026-05-01,0,0,,0,0.00,0,0,,80.96,0.00,0.0
1689,2026-06-01,1,1,1.0,1,182.83,0,0,,276.97,0.00,0.0
1690,2025-01-01,1,1,1.0,1,73.92,1,0,0.0,78.35,0.00,0.0
1690,2025-02-01,0,0,,0,0.00,0,0,,77.66,0.00,0.0
1690,2025-03-01,1,1,1.0,0,0.00,0,0,,25.31,0.00,0.0
1690,2025-04-01,2,1,0.5,1,110.03,1,0,0.0,151.01,0.00,0.0
1690,2025-05-01,2,1,0.5,1,1133.58,1,0,0.0,1264.26,0.00,0.0
1690,2025-06-01,0,0,,0,0.00,0,0,,953.26,0.00,0.0
1690,2025-07-01,2,1,0.5,1,366.71,1,0,0.0,1023.73,0.00,0.0
1690,2025-08-01,1,1,1.0,1,427.26,1,0,0.0,1179.13,0.00,0.0
1690,2025-09-01,2,2,1.0,2,909.74,2,0,0.0,1929.55,0.00,0.0
1690,2025-10-01,2,0,0.0,0,0.00,0,0,,1421.05,0.00,0.0
1690,2025-11-01,1,1,1.0,1,473.66,1,0,0.0,1702.75,0.00,0.0
1690,2025-12-01,0,0,,0,0.00,0,0,,1203.44,0.00,0.0
1690,2026-01-01,1,0,0.0,0,0.00,0,0,,971.02,0.00,0.0
1690,2026-02-01,1,1,1.0,1,400.75,1,0,0.0,1382.45,336.44,0.24336504032695574
1690,2026-03-01,0,0,,0,0.00,0,0,,1055.51,476.33,0.45127947627213383
1690,2026-04-01,2,2,1.0,2,771.18,2,0,0.0,1601.09,336.52,0.21018181363945812
1690,2026-05-01,2,1,0.5,1,490.27,0,0,,1684.64,350.03,0.20777732928103332
1690,2026-06-01,0,0,,0,0.00,0,0,,1336.32,349.65,0.26165140086206895
1691,2025-01-01,2,1,0.5,0,0.00,0,0,,0.00,0.00,
1691,2025-08-01,2,2,1.0,2,768.61,2,0,0.0,848.98,0.00,0.0
1691,2025-09-01,1,0,0.0,0,0.00,0,0,,618.72,0.00,0.0
1691,2025-10-01,1,1,1.0,1,565.92,1,1,1.0,971.65,0.00,0.0
1691,2025-11-01,0,0,,0,0.00,0,0,,761.73,0.00,0.0
1691,2025-12-01,2,1,0.5,0,0.00,0,0,,195.22,0.00,0.0
1691,2026-01-01,1,0,0.0,1,443.68,1,0,0.0,156.98,0.00,0.0
1691,2026-02-01,1,0,0.0,0,0.00,0,0,,153.34,0.00,0.0
1691,2026-03-01,1,0,0.0,0,0.00,0,0,,154.94,0.00,0.0
1691,2026-04-01,1,0,0.0,0,0.00,0,0,,0.00,0.00,
1691,2026-05-01,0,0,,0,0.00,0,0,,0.00,0.00,
1691,2026-06-01,0,0,,0,0.00,0,0,,0.00,0.00,
1692,2025-02-01,1,0,0.0,0,0.00,0,0,,0.00,0.00,
1692,2025-03-01,1,0,0.0,0,0.00,0,0,,0.00,0.00,
1692,2025-05-01,1,0,0.0,0,0.00,0,0,,0.00,0.00,
1692,2025-06-01,1,0,0.0,0,0.00,0,0,,0.00,0.00,
1692,2025-09-01,2,0,0.0,0,0.00,0,0,,0.00,0.00,
1692,2025-12-01,1,0,0.0,0,0.00,0,0,,0.00,0.00,
1692,2026-02-01,1,1,1.0,0,0.00,0,0,,0.00,0.00,
1692,2026-03-01,0,0,,1,106.89,1,1,1.0,115.66,0.00,0.0
1692,2026-04-01,0,0,,0,0.00,0,0,,117.46,0.00,0.0
1692,2026-05-01,0,0,,0,0.00,0,0,,101.83,0.00,0.0
1692,2026-06-01,0,0,,0,0.00,0,0,,61.05,0.00,0.0
1693,2025-02-01,1,0,0.0,0,0.00,0,0,,0.00,0.00,
1693,2025-04-01,4,3,0.75,3,1364.32,3,0,0.0,1543.55,0.00,0.0
1693,2025-05-01,2,2,1.0,1,176.01,1,0,0.0,1296.11,0.00,0.0
1693,2025-06-01,2,2,1.0,2,340.53,2,0,0.0,1155.47,0.00,0.0
1693,2025-07-01,2,2,1.0,1,1135.35,1,0,0.0,2062.03,0.00,0.0
1693,2025-08-01,0,0,,1,326.69,1,0,0.0,2033.61,0.00,0.0
1693,2025-09-01,2,0,0.0,0,0.00,0,0,,1438.88,104.48,0.07261203158011786
1693,2025-10-01,3,2,0.6666666666666666,1,168.97,1,0,0.0,1282.80,105.07,0.08190676644839413
1693,2025-11-01,1,1,1.0,1,345.72,1,0,0.0,1621.25,107.62,0.06638087895142637
1693,2025-12-01,2,2,1.0,2,328.85,2,0,0.0,1178.62,106.49,0.09035142794115152
1693,2026-01-01,2,1,0.5,1,125.00,1,0,0.0,814.34,103.25,0.12678979296117102
1693,2026-02-01,0,0,,0,0.00,0,0,,463.15,103.31,0.22305948396847675
1693,2026-03-01,3,2,0.6666666666666666,1,167.87,1,0,0.0,422.28,101.75,0.24095386947049352
1693,2026-04-01,1,0,0.0,1,581.85,1,0,0.0,809.02,103.33,0.1277224296061902
1693,2026-05-01,3,2,0.6666666666666666,2,647.59,0,0,,1493.03,107.48,0.07198783681506735
1693,2026-06-01,1,0,0.0,0,0.00,0,0,,1350.59,107.37,0.07949858950532732
1694,2025-02-01,1,0,0.0,0,0.00,0,0,,0.00,0.00,
1694,2025-03-01,2,0,0.0,0,0.00,0,0,,0.00,0.00,
1694,2025-04-01,2,1,0.5,1,286.87,1,0,0.0,308.37,0.00,0.0
1694,2025-05-01,3,3,1.0,3,621.65,3,0,0.0,865.72,0.00,0.0
1694,2025-06-01,3,3,1.0,3,1021.28,3,0,0.0,1692.12,0.00,0.0
1694,2025-07-01,2,0,0.0,0,0.00,0,0,,1081.45,0.00,0.0
1694,2025-08-01,2,1,0.5,1,217.95,1,0,0.0,866.81,0.00,0.0
1694,2025-09-01,2,2,1.0,1,46.76,1,0,0.0,610.48,0.00,0.0
1694,2025-10-01,3,1,0.3333333333333333,2,323.35,2,1,0.5,726.61,89.14,0.12267929150438336
1694,2025-11-01,6,3,0.5,2,794.75,2,0,0.0,1401.55,0.00,0.0
1694,2025-12-01,2,0,0.0,1,143.03,1,0,0.0,1172.61,436.61,0.37234033480867473
1694,2026-01-01,4,2,0.5,1,70.12,1,0,0.0,785.64,127.07,0.16174074639784125
1694,2026-02-01,3,2,0.6666666666666666,2,424.39,2,0,0.0,797.42,127.15,0.15945173183516842
1694,2026-03-01,4,1,0.25,0,0.00,0,0,,543.59,125.23,0.23037583472837983
1694,2026-04-01,0,0,,1,44.11,1,0,0.0,403.73,127.18,0.31501250835954725
1694,2026-05-01,2,2,1.0,2,538.52,0,0,,886.23,132.29,0.14927276214978052
1694,2026-06-01,1,1,1.0,1,157.44,0,0,,789.47,132.14,0.16737811443120065
1695,2025-01-01,18,10,0.5555555555555556,6,1319.86,6,1,0.16666666666666666,1486.67,0.00,0.0
1695,2025-02-01,10,5,0.5,5,1411.72,5,0,0.0,2628.40,0.00,0.0
1695,2025-03-01,15,5,0.3333333333333333,2,512.74,2,1,0.5,2385.88,111.87,0.046888359850453504
1695,2025-04-01,13,8,0.6153846153846154,5,1375.90,5,0,0.0,3333.11,284.82,0.08545172526559279
1695,2025-05-01,13,6,0.46153846153846156,3,1399.32,3,0,0.0,3752.94,358.28,0.0954664876070494
1695,2025-06-01,8,5,0.625,5,1391.08,5,0,0.0,4403.30,668.30,0.15177253423568685
1695,2025-07-01,10,6,0.6,5,1316.51,5,2,0.4,4776.99,669.06,0.1400589073872878
1695,2025-08-01,8,6,0.75,5,1852.92,5,1,0.2,5887.23,713.05,0.1211180809990437
1695,2025-09-01,9,5,0.5555555555555556,6,1385.11,6,0,0.0,6185.65,1097.02,0.17734918723173798
1695,2025-10-01,14,7,0.5,6,1458.08,6,1,0.16666666666666666,6412.01,1103.13,0.1720412164048403
1695,2025-11-01,8,5,0.625,2,893.64,2,0,0.0,6030.83,1129.95,0.18736227020161406
1695,2025-12-01,13,5,0.38461538461538464,4,1052.80,4,0,0.0,5291.16,1255.34,0.23725232274208302
1695,2026-01-01,11,3,0.2727272727272727,4,1098.54,4,0,0.0,5657.20,1217.13,0.21514706922152305
1695,2026-02-01,13,9,0.6923076923076923,7,2539.07,7,0,0.0,7410.09,1551.38,0.209360480102131
1695,2026-03-01,12,5,0.4166666666666667,3,1450.84,3,0,0.0,7396.63,1377.32,0.18620912496636982
1695,2026-04-01,13,6,0.46153846153846156,6,1807.04,6,0,0.0,7744.68,1384.95,0.17882598118966825
1695,2026-05-01,16,5,0.3125,4,1173.73,0,0,,8086.66,1440.57,0.17814153185616804
1695,2026-06-01,10,6,0.6,6,1352.17,0,0,,7235.04,1547.72,0.21392003361418874
1696,2024-12-01,1,1,1.0,0,0.00,0,0,,0.00,0.00,
1696,2025-01-01,4,4,1.0,5,2004.50,5,0,0.0,2211.45,0.00,0.0
1696,2025-02-01,1,0,0.0,0,0.00,0,0,,1733.86,0.00,0.0
1696,2025-03-01,2,1,0.5,0,0.00,0,0,,1155.14,0.00,0.0
1696,2025-04-01,3,3,1.0,4,1208.15,4,1,0.25,1939.37,0.00,0.0
1696,2025-05-01,3,1,0.3333333333333333,1,99.41,1,0,0.0,1350.85,0.00,0.0
1696,2025-06-01,4,2,0.5,0,0.00,0,0,,848.09,0.00,0.0
1696,2025-07-01,4,2,0.5,1,225.71,1,0,0.0,855.93,0.00,0.0
1696,2025-08-01,0,0,,1,342.88,1,0,0.0,1062.58,195.04,0.183553238344407
1696,2025-09-01,0,0,,0,0.00,0,0,,744.10,180.96,0.243193119204408
1696,2025-10-01,2,2,1.0,1,462.02,1,0,0.0,1079.37,0.00,0.0
1696,2025-11-01,1,1,1.0,2,542.90,2,0,0.0,1335.97,0.00,0.0
1696,2025-12-01,3,3,1.0,0,0.00,0,0,,815.90,0.00,0.0
1696,2026-01-01,1,1,1.0,1,167.52,1,0,0.0,738.93,99.30,0.13438350046689132
1696,2026-02-01,2,1,0.5,1,254.65,1,0,0.0,603.03,99.36,0.16476792199393064
1696,2026-03-01,4,2,0.5,3,1203.24,3,0,0.0,1410.91,97.86,0.06935949139208028
1696,2026-04-01,3,1,0.3333333333333333,0,0.00,0,0,,796.58,99.38,0.12475834191167239
1696,2026-05-01,2,2,1.0,2,1040.20,0,0,,1677.69,103.37,0.06161448181726064
1696,2026-06-01,6,3,0.5,0,0.00,0,0,,1012.63,103.26,0.10197209247207767
1697,2025-01-01,1,1,1.0,1,233.36,1,0,0.0,282.55,0.00,0.0
1697,2025-02-01,0,0,,0,0.00,0,0,,256.74,0.00,0.0
1697,2025-03-01,2,1,0.5,0,0.00,0,0,,251.13,0.00,0.0
1697,2025-04-01,0,0,,0,0.00,0,0,,233.23,0.00,0.0
1697,2025-05-01,2,1,0.5,1,204.66,1,0,0.0,426.53,0.00,0.0
1697,2025-06-01,1,0,0.0,0,0.00,0,0,,322.14,0.00,0.0
1697,2025-07-01,1,0,0.0,0,0.00,0,0,,300.18,0.00,0.0
1697,2025-08-01,1,0,0.0,0,0.00,0,0,,282.35,168.92,0.598264565255888
1697,2025-09-01,1,1,1.0,1,612.78,1,0,0.0,954.91,174.14,0.18236273575520207
1697,2025-10-01,1,0,0.0,0,0.00,0,0,,936.72,175.11,0.18693953369203178
1697,2025-11-01,0,0,,0,0.00,0,0,,605.60,179.37,0.2961856010568032
1697,2025-12-01,2,0,0.0,0,0.00,0,0,,575.38,177.48,0.30845701970871425
1697,2026-01-01,1,1,1.0,1,341.96,1,0,0.0,625.12,218.31,0.34922894804197596
1697,2026-02-01,1,0,0.0,0,0.00,0,0,,534.53,195.33,0.3654238302808075
1697,2026-03-01,1,0,0.0,0,0.00,0,0,,436.83,169.58,0.38820593823684274
1697,2026-04-01,1,1,1.0,1,169.25,1,0,0.0,559.52,172.22,0.30779954246497
1697,2026-05-01,0,0,,0,0.00,0,0,,447.70,179.14,0.4001340183158365
1697,2026-06-01,1,0,0.0,0,0.00,0,0,,313.06,178.94,0.5715837219702293
1698,2025-01-01,4,3,0.75,2,394.66,2,2,1.0,420.71,0.00,0.0
1698,2025-02-01,1,1,1.0,2,568.42,2,1,0.5,1024.75,0.00,0.0
1698,2025-03-01,1,0,0.0,0,0.00,0,0,,719.06,0.00,0.0
1698,2025-04-01,0,0,,0,0.00,0,0,,462.41,0.00,0.0
1698,2025-05-01,1,0,0.0,0,0.00,0,0,,95.27,0.00,0.0
1698,2025-06-01,1,0,0.0,0,0.00,0,0,,0.00,0.00,
1698,2025-07-01,0,0,,0,0.00,0,0,,0.00,0.00,
1698,2025-08-01,0,0,,0,0.00,0,0,,0.00,0.00,
1698,2025-09-01,0,0,,0,0.00,0,0,,0.00,0.00,
1698,2025-10-01,0,0,,0,0.00,0,0,,0.00,0.00,
1698,2025-11-01,0,0,,0,0.00,0,0,,0.00,0.00,
1698,2025-12-01,1,1,1.0,1,356.48,1,0,0.0,392.39,0.00,0.0
1698,2026-01-01,0,0,,0,0.00,0,0,,293.10,0.00,0.0
1698,2026-02-01,1,0,0.0,0,0.00,0,0,,190.86,0.00,0.0
1698,2026-03-01,0,0,,0,0.00,0,0,,96.43,0.00,0.0
1698,2026-04-01,2,1,0.5,1,544.58,1,0,0.0,607.14,0.00,0.0
1698,2026-05-01,3,1,0.3333333333333333,1,623.42,0,0,,1126.30,0.00,0.0
1698,2026-06-01,1,0,0.0,0,0.00,0,0,,820.95,0.00,0.0
1699,2025-01-01,2,2,1.0,2,824.93,2,0,0.0,901.16,0.00,0.0
1699,2025-02-01,3,2,0.6666666666666666,1,423.41,1,0,0.0,1077.58,0.00,0.0
1699,2025-03-01,2,0,0.0,1,511.33,1,0,0.0,1226.50,0.00,0.0
1699,2025-04-01,1,1,1.0,1,420.34,1,0,0.0,1155.52,0.00,0.0
1699,2025-05-01,2,0,0.0,0,0.00,0,0,,587.78,0.00,0.0
1699,2025-06-01,4,2,0.5,2,318.43,2,1,0.5,693.46,0.00,0.0
1699,2025-07-01,2,2,1.0,2,518.69,2,0,0.0,1178.68,0.00,0.0
1699,2025-08-01,1,1,1.0,1,948.77,1,0,0.0,1899.43,0.00,0.0
1699,2025-09-01,4,1,0.25,0,0.00,0,0,,1627.03,0.00,0.0
1699,2025-10-01,3,1,0.3333333333333333,1,219.03,1,0,0.0,1190.17,0.00,0.0
1699,2025-11-01,5,3,0.6,3,645.79,3,0,0.0,1016.89,0.00,0.0
1699,2025-12-01,2,0,0.0,0,0.00,0,0,,678.30,0.00,0.0
1699,2026-01-01,1,1,1.0,0,0.00,0,0,,457.97,0.00,0.0
1699,2026-02-01,1,0,0.0,0,0.00,0,0,,199.35,0.00,0.0
1699,2026-03-01,1,1,1.0,0,0.00,0,0,,76.99,0.00,0.0
1699,2026-04-01,0,0,,0,0.00,0,0,,61.89,0.00,0.0
1699,2026-05-01,4,3,0.75,2,746.45,0,0,,878.84,0.00,0.0
1699,2026-06-01,2,2,1.0,3,995.43,0,0,,1972.81,0.00,0.0
1700,2025-02-01,1,1,1.0,1,193.31,1,0,0.0,203.78,0.00,0.0
1700,2025-03-01,1,0,0.0,0,0.00,0,0,,132.88,0.00,0.0
1700,2025-04-01,0,0,,0,0.00,0,0,,135.75,0.00,0.0
1700,2025-05-01,1,1,1.0,1,81.02,1,0,0.0,152.67,0.00,0.0
1700,2025-06-01,0,0,,0,0.00,0,0,,64.62,0.00,0.0
1700,2025-07-01,3,2,0.6666666666666666,1,56.75,1,0,0.0,105.75,0.00,0.0
1700,2025-08-01,2,1,0.5,2,301.15,2,0,0.0,403.44,0.00,0.0
1700,2025-09-01,0,0,,0,0.00,0,0,,269.53,0.00,0.0
1700,2025-10-01,0,0,,0,0.00,0,0,,124.56,0.00,0.0
1700,2025-11-01,1,1,1.0,1,210.32,1,0,0.0,259.13,0.00,0.0
1700,2025-12-01,0,0,,0,0.00,0,0,,156.09,0.00,0.0
1700,2026-01-01,2,2,1.0,1,71.48,1,0,0.0,161.79,0.00,0.0
1700,2026-02-01,2,0,0.0,0,0.00,0,0,,71.80,0.00,0.0
1700,2026-03-01,0,0,,0,0.00,0,0,,56.57,0.00,0.0
1700,2026-04-01,1,1,1.0,1,116.11,1,0,0.0,191.70,0.00,0.0
1700,2026-05-01,1,0,0.0,0,0.00,0,0,,171.57,0.00,0.0
1700,2026-06-01,1,1,1.0,0,0.00,0,0,,143.59,0.00,0.0
